,location,total_sqft,bath,price,bhk
0,1st Block Jayanagar,1630.0,3.0,194.0,3
1,1st Block Jayanagar,1875.0,2.0,235.0,3
2,1st Block Jayanagar,1200.0,2.0,130.0,3
3,1st Block Jayanagar,1235.0,2.0,148.0,2
4,1st Block Jayanagar,2450.0,4.0,368.0,4
5,1st Phase JP Nagar,2825.0,4.0,250.0,4
6,1st Phase JP Nagar,1875.0,3.0,167.0,3
7,1st Phase JP Nagar,2065.0,4.0,210.0,3
8,1st Phase JP Nagar,2024.0,3.0,157.0,3
9,1st Phase JP Nagar,2059.0,3.0,225.0,3
10,1st Phase JP Nagar,1394.0,2.0,100.0,2
11,1st Phase JP Nagar,1077.0,2.0,93.0,2
12,1st Phase JP Nagar,1566.0,2.0,180.0,2
13,1st Phase JP Nagar,840.0,2.0,50.0,1
14,1st Phase JP Nagar,1590.0,3.0,131.0,3
15,1st Phase JP Nagar,2180.0,3.0,210.0,3
16,1st Phase JP Nagar,1180.0,2.0,88.5,2
17,1st Phase JP Nagar,1200.0,2.0,86.0,2
18,1st Phase JP Nagar,2077.0,3.0,175.0,3
19,1st Phase JP Nagar,4550.0,2.0,240.0,4
20,1st Phase JP Nagar,1205.0,2.0,85.0,2
21,1st Phase JP Nagar,2615.0,5.0,222.0,4
22,1st Phase JP Nagar,900.0,2.0,75.0,2
23,2nd Phase Judicial Layout,1450.0,2.0,50.75,3
24,2nd Phase Judicial Layout,1150.0,2.0,40.25,2
25,2nd Phase Judicial Layout,1300.0,3.0,64.0,3
26,2nd Phase Judicial Layout,1350.0,2.0,47.25,3
27,2nd Phase Judicial Layout,1350.0,2.0,47.25,3
28,2nd Phase Judicial Layout,900.0,2.0,41.0,2
29,2nd Phase Judicial Layout,1681.0,3.0,69.0,3
30,2nd Phase Judicial Layout,1350.0,2.0,47.25,3
31,2nd Phase Judicial Layout,1150.0,2.0,40.25,2
32,2nd Stage Nagarbhavi,1500.0,4.0,220.0,4
33,2nd Stage Nagarbhavi,1200.0,4.0,245.0,4
34,2nd Stage Nagarbhavi,1350.0,4.0,200.0,4
35,2nd Stage Nagarbhavi,1200.0,4.0,225.0,4
36,2nd Stage Nagarbhavi,4000.0,4.0,240.0,5
37,2nd Stage Nagarbhavi,1500.0,3.0,230.0,4
38,5th Block Hbr Layout,1206.0,2.0,56.0,2
39,5th Block Hbr Layout,1270.0,2.0,70.0,3
40,5th Block Hbr Layout,1312.0,2.0,69.0,2
41,5th Block Hbr Layout,1100.0,2.0,48.0,2
42,5th Block Hbr Layout,3600.0,5.0,130.0,5
43,5th Phase JP Nagar,1075.0,2.0,60.0,2
44,5th Phase JP Nagar,1150.0,3.0,52.5,2
45,5th Phase JP Nagar,1070.0,2.0,39.0,2
46,5th Phase JP Nagar,1256.0,2.0,62.8,2
47,5th Phase JP Nagar,1207.0,2.0,63.0,2
48,5th Phase JP Nagar,1725.0,2.0,100.0,3
49,5th Phase JP Nagar,1440.0,2.0,60.0,2
50,5th Phase JP Nagar,1400.0,2.0,88.0,3
51,5th Phase JP Nagar,1700.0,2.0,100.0,3
53,5th Phase JP Nagar,2500.0,5.0,110.0,5
54,5th Phase JP Nagar,1390.0,2.0,65.0,2
55,5th Phase JP Nagar,1256.0,2.0,62.8,2
56,5th Phase JP Nagar,1220.0,2.0,88.0,2
57,5th Phase JP Nagar,1000.0,2.0,48.0,2
58,5th Phase JP Nagar,1350.0,2.0,75.0,3
59,5th Phase JP Nagar,1200.0,2.0,51.0,2
60,5th Phase JP Nagar,1240.0,3.0,60.0,3
61,5th Phase JP Nagar,1550.0,3.0,75.0,3
63,5th Phase JP Nagar,1030.0,2.0,57.0,2
64,5th Phase JP Nagar,1200.0,2.0,68.0,2
65,5th Phase JP Nagar,1190.0,2.0,61.8,2
66,5th Phase JP Nagar,1080.0,2.0,53.0,2
67,5th Phase JP Nagar,1041.0,2.0,54.0,2
68,5th Phase JP Nagar,812.0,2.0,42.0,2
69,5th Phase JP Nagar,1010.0,2.0,57.0,2
70,5th Phase JP Nagar,1450.0,2.0,73.0,3
71,5th Phase JP Nagar,2500.0,8.0,95.0,7
72,5th Phase JP Nagar,1075.0,2.0,60.0,2
73,6th Phase JP Nagar,1192.0,2.0,74.0,2
74,6th Phase JP Nagar,1180.0,2.0,80.0,2
75,6th Phase JP Nagar,1645.0,3.0,100.0,3
76,6th Phase JP Nagar,1140.0,2.0,65.0,2
77,6th Phase JP Nagar,1213.0,2.0,63.0,2
78,6th Phase JP Nagar,1170.0,2.0,120.0,2
79,6th Phase JP Nagar,1216.0,2.0,60.0,2
80,6th Phase JP Nagar,1460.0,2.0,80.0,2
81,6th Phase JP Nagar,1810.0,3.0,131.0,3
82,6th Phase JP Nagar,1515.0,2.0,135.0,3
83,6th Phase JP Nagar,1192.0,2.0,75.0,2
84,6th Phase JP Nagar,1280.0,2.0,88.0,2
85,7th Phase JP Nagar,1000.0,2.0,38.0,2
86,7th Phase JP Nagar,1080.0,2.0,72.0,2
87,7th Phase JP Nagar,1270.0,2.0,93.0,2
88,7th Phase JP Nagar,1420.0,2.0,100.0,3
89,7th Phase JP Nagar,1850.0,3.0,150.0,3
90,7th Phase JP Nagar,1245.0,2.0,94.0,2
91,7th Phase JP Nagar,1175.0,2.0,82.0,2
92,7th Phase JP Nagar,1400.0,2.0,95.0,3
93,7th Phase JP Nagar,2225.0,3.0,160.0,3
94,7th Phase JP Nagar,1050.0,2.0,71.0,2
95,7th Phase JP Nagar,1100.0,2.0,46.0,2
96,7th Phase JP Nagar,918.0,2.0,50.49,2
97,7th Phase JP Nagar,1450.0,2.0,100.0,3
98,7th Phase JP Nagar,1040.0,2.0,39.52,2
99,7th Phase JP Nagar,1070.0,2.0,42.79,2
100,7th Phase JP Nagar,1190.0,2.0,49.98,2
101,7th Phase JP Nagar,1420.0,2.0,96.0,3
102,7th Phase JP Nagar,1680.0,3.0,120.0,3
103,7th Phase JP Nagar,1050.0,2.0,42.0,2
104,7th Phase JP Nagar,980.0,2.0,69.0,2
105,7th Phase JP Nagar,1035.0,2.0,41.39,2
106,7th Phase JP Nagar,1370.0,2.0,56.17,2
107,7th Phase JP Nagar,1180.0,2.0,72.0,2
109,7th Phase JP Nagar,1050.0,2.0,57.0,3
112,7th Phase JP Nagar,1400.0,3.0,115.0,3
113,7th Phase JP Nagar,1075.0,2.0,42.99,2
114,7th Phase JP Nagar,1100.0,2.0,44.0,2
115,7th Phase JP Nagar,1270.0,2.0,83.0,2
116,7th Phase JP Nagar,3300.0,4.0,150.0,4
117,7th Phase JP Nagar,2503.0,4.0,188.0,4
118,7th Phase JP Nagar,1035.0,2.0,39.33,2
119,7th Phase JP Nagar,1250.0,3.0,65.0,3
120,7th Phase JP Nagar,1050.0,2.0,42.0,2
122,7th Phase JP Nagar,1575.0,2.0,110.0,3
123,7th Phase JP Nagar,1850.0,3.0,140.0,3
126,7th Phase JP Nagar,4800.0,7.0,170.0,7
128,7th Phase JP Nagar,1575.0,2.0,120.0,3
129,7th Phase JP Nagar,1850.0,3.0,150.0,3
130,7th Phase JP Nagar,1680.0,3.0,120.0,3
131,7th Phase JP Nagar,1212.0,3.0,42.0,2
132,7th Phase JP Nagar,1175.0,2.0,82.5,2
133,7th Phase JP Nagar,3300.0,4.0,160.0,3
134,7th Phase JP Nagar,2200.0,4.0,105.0,3
135,7th Phase JP Nagar,1215.0,2.0,90.0,2
136,7th Phase JP Nagar,1050.0,2.0,75.0,2
137,7th Phase JP Nagar,1300.0,3.0,89.13,3
138,7th Phase JP Nagar,1130.0,2.0,73.0,2
139,7th Phase JP Nagar,1450.0,3.0,100.0,3
141,7th Phase JP Nagar,1050.0,2.0,50.0,2
142,7th Phase JP Nagar,1275.0,2.0,87.0,2
143,7th Phase JP Nagar,1460.0,3.0,70.0,3
144,7th Phase JP Nagar,1650.0,3.0,110.0,3
145,7th Phase JP Nagar,850.0,2.0,42.0,2
146,7th Phase JP Nagar,1680.0,3.0,117.0,3
147,7th Phase JP Nagar,1850.0,3.0,150.0,3
148,7th Phase JP Nagar,1236.0,2.0,61.33,2
149,7th Phase JP Nagar,1000.0,2.0,53.0,2
150,7th Phase JP Nagar,1680.0,3.0,125.0,3
151,7th Phase JP Nagar,1675.0,2.0,135.0,3
152,7th Phase JP Nagar,1035.0,2.0,39.33,2
153,7th Phase JP Nagar,1187.0,2.0,59.0,2
154,7th Phase JP Nagar,1850.0,3.0,155.0,3
155,7th Phase JP Nagar,1000.0,2.0,61.0,2
156,7th Phase JP Nagar,1460.0,2.0,100.0,3
157,7th Phase JP Nagar,1650.0,3.0,110.0,3
158,7th Phase JP Nagar,1200.0,2.0,62.5,2
159,7th Phase JP Nagar,1000.0,2.0,70.65,2
160,7th Phase JP Nagar,1070.0,2.0,42.0,2
161,7th Phase JP Nagar,1080.0,2.0,75.0,2
163,7th Phase JP Nagar,1680.0,3.0,125.0,3
164,7th Phase JP Nagar,1040.0,2.0,41.59,2
165,7th Phase JP Nagar,1100.0,2.0,44.0,2
166,7th Phase JP Nagar,1460.0,2.0,97.0,3
167,7th Phase JP Nagar,1120.0,2.0,65.0,2
168,7th Phase JP Nagar,1100.0,3.0,60.0,2
169,7th Phase JP Nagar,1790.0,3.0,120.0,3
170,7th Phase JP Nagar,1680.0,3.0,117.0,3
171,7th Phase JP Nagar,1050.0,2.0,77.0,2
172,7th Phase JP Nagar,1174.0,2.0,47.0,2
173,7th Phase JP Nagar,1050.0,2.0,75.0,2
174,7th Phase JP Nagar,1040.0,2.0,75.0,2
175,7th Phase JP Nagar,1400.0,2.0,95.0,3
176,7th Phase JP Nagar,1800.0,3.0,130.0,3
177,7th Phase JP Nagar,1050.0,2.0,68.0,2
179,7th Phase JP Nagar,1000.0,2.0,60.0,2
180,7th Phase JP Nagar,1680.0,3.0,125.0,3
181,7th Phase JP Nagar,980.0,2.0,86.0,2
183,7th Phase JP Nagar,1050.0,2.0,77.47,2
184,7th Phase JP Nagar,1270.0,2.0,80.0,2
186,7th Phase JP Nagar,1680.0,3.0,122.0,3
187,7th Phase JP Nagar,1070.0,2.0,42.79,2
188,7th Phase JP Nagar,1130.0,2.0,85.0,2
189,7th Phase JP Nagar,1680.0,3.0,130.0,3
192,7th Phase JP Nagar,980.0,2.0,77.44,2
193,7th Phase JP Nagar,1680.0,3.0,112.0,3
194,7th Phase JP Nagar,1515.0,2.0,76.0,3
195,7th Phase JP Nagar,2095.0,3.0,150.0,3
197,7th Phase JP Nagar,1976.0,3.0,145.0,3
198,7th Phase JP Nagar,1600.0,2.0,110.0,3
199,7th Phase JP Nagar,1765.0,3.0,118.0,3
200,7th Phase JP Nagar,1275.0,2.0,88.0,3
201,7th Phase JP Nagar,1450.0,2.0,102.0,3
202,7th Phase JP Nagar,1035.0,2.0,39.33,2
203,7th Phase JP Nagar,1575.0,2.0,110.0,3
204,7th Phase JP Nagar,1075.0,2.0,57.0,3
205,7th Phase JP Nagar,750.0,1.0,47.0,1
206,7th Phase JP Nagar,1050.0,2.0,42.0,2
207,7th Phase JP Nagar,990.0,2.0,50.0,2
208,7th Phase JP Nagar,1000.0,1.0,60.0,1
209,7th Phase JP Nagar,1680.0,2.0,92.0,3
210,7th Phase JP Nagar,1100.0,2.0,44.0,2
211,7th Phase JP Nagar,1430.0,2.0,102.0,3
212,7th Phase JP Nagar,1128.0,2.0,60.0,2
213,7th Phase JP Nagar,1140.0,2.0,57.0,2
214,7th Phase JP Nagar,1420.0,3.0,90.0,3
215,7th Phase JP Nagar,1530.0,2.0,108.0,2
216,8th Phase JP Nagar,1073.5,2.0,54.005,2
218,8th Phase JP Nagar,1062.0,2.0,42.47,2
220,8th Phase JP Nagar,1455.0,3.0,73.31,3
221,8th Phase JP Nagar,871.0,2.0,55.0,2
222,8th Phase JP Nagar,1098.0,2.0,43.91,2
223,8th Phase JP Nagar,1800.0,3.0,80.0,3
224,8th Phase JP Nagar,2700.0,4.0,130.0,4
225,8th Phase JP Nagar,1080.0,2.0,38.0,2
226,8th Phase JP Nagar,1059.0,2.0,34.5,2
227,8th Phase JP Nagar,1080.0,2.0,35.0,2
229,8th Phase JP Nagar,1062.0,2.0,42.47,2
230,8th Phase JP Nagar,1100.0,2.0,35.0,2
231,8th Phase JP Nagar,2100.0,4.0,92.0,4
232,8th Phase JP Nagar,1035.0,2.0,39.33,2
233,8th Phase JP Nagar,909.0,2.0,40.9,2
234,8th Phase JP Nagar,1431.5,3.0,72.02,3
235,8th Phase JP Nagar,1900.0,4.0,90.0,3
236,8th Phase JP Nagar,1125.0,2.0,36.94,2
237,8th Phase JP Nagar,1200.0,3.0,110.0,4
238,8th Phase JP Nagar,1100.0,2.0,35.0,2
239,8th Phase JP Nagar,1089.0,2.0,43.55,2
240,8th Phase JP Nagar,1605.0,2.0,65.0,3
241,8th Phase JP Nagar,1504.0,2.0,83.0,3
242,8th Phase JP Nagar,2600.0,4.0,115.0,4
243,8th Phase JP Nagar,1368.0,2.0,54.71,3
244,8th Phase JP Nagar,1089.0,2.0,43.55,2
245,8th Phase JP Nagar,1224.0,2.0,48.95,3
246,8th Phase JP Nagar,1513.0,2.0,62.0,2
247,8th Phase JP Nagar,1298.0,2.0,59.0,2
248,8th Phase JP Nagar,1006.0,2.0,44.0,2
249,8th Phase JP Nagar,1160.0,2.0,95.0,2
250,8th Phase JP Nagar,1245.0,2.0,59.0,2
251,8th Phase JP Nagar,1510.0,2.0,80.0,2
252,8th Phase JP Nagar,3300.0,3.0,165.0,3
253,8th Phase JP Nagar,1730.0,5.0,75.0,5
254,8th Phase JP Nagar,1296.0,2.0,51.83,3
256,8th Phase JP Nagar,1046.0,2.0,48.0,2
257,8th Phase JP Nagar,1269.0,2.0,50.75,3
258,8th Phase JP Nagar,1408.0,3.0,80.0,3
260,9th Phase JP Nagar,1005.0,2.0,50.0,2
261,9th Phase JP Nagar,1890.0,2.0,85.0,3
262,9th Phase JP Nagar,1100.0,2.0,65.0,2
263,9th Phase JP Nagar,1080.0,2.0,37.0,2
264,9th Phase JP Nagar,1035.0,2.0,45.0,2
265,9th Phase JP Nagar,1164.0,2.0,56.0,2
266,9th Phase JP Nagar,1005.0,2.0,42.0,2
267,9th Phase JP Nagar,1127.0,2.0,50.0,2
268,9th Phase JP Nagar,1005.0,2.0,43.0,2
269,9th Phase JP Nagar,835.0,2.0,37.0,2
270,9th Phase JP Nagar,1050.0,2.0,39.0,2
271,9th Phase JP Nagar,660.0,2.0,27.0,2
272,9th Phase JP Nagar,600.0,1.0,20.0,1
273,9th Phase JP Nagar,1466.0,2.0,71.0,2
274,9th Phase JP Nagar,1890.0,2.0,93.0,3
275,9th Phase JP Nagar,1079.0,2.0,60.0,2
276,9th Phase JP Nagar,1480.0,2.0,80.0,2
277,9th Phase JP Nagar,1200.0,2.0,80.0,2
278,9th Phase JP Nagar,905.0,2.0,32.0,2
279,9th Phase JP Nagar,1073.0,2.0,52.36,2
280,9th Phase JP Nagar,1719.3,2.0,88.0,3
281,9th Phase JP Nagar,1780.0,3.0,88.0,3
283,9th Phase JP Nagar,1522.0,3.0,90.0,3
285,9th Phase JP Nagar,1900.0,4.0,80.0,4
286,9th Phase JP Nagar,890.0,2.0,45.0,2
289,9th Phase JP Nagar,1050.0,2.0,35.0,2
290,9th Phase JP Nagar,1331.95,2.0,69.0,2
291,AECS Layout,1100.0,2.0,45.0,2
292,AECS Layout,1028.0,2.0,42.0,2
293,AECS Layout,1199.0,2.0,65.0,2
294,AECS Layout,1080.0,2.0,55.0,2
295,AECS Layout,1123.0,2.0,64.0,2
296,AECS Layout,1308.0,2.0,60.0,2
297,AECS Layout,1005.0,2.0,55.0,2
298,AECS Layout,2000.0,3.0,90.0,3
299,Abbigere,985.0,2.0,40.39,2
300,Abbigere,765.0,2.0,30.0,1
301,Abbigere,880.0,2.0,35.0,2
302,Abbigere,795.0,2.0,32.54,2
303,Abbigere,1005.0,2.0,39.59,2
304,Abbigere,734.0,1.0,19.82,1
306,Abbigere,1020.0,2.0,41.82,2
307,Abbigere,985.0,2.0,40.39,2
308,Abbigere,795.0,2.0,32.54,2
309,Abbigere,1130.0,2.0,46.33,2
310,Abbigere,795.0,1.0,32.6,2
311,Abbigere,985.0,2.0,38.92,2
312,Abbigere,1000.0,2.0,41.0,2
313,Abbigere,995.0,2.0,40.8,2
314,Abbigere,1020.0,2.0,40.8,2
315,Akshaya Nagar,1388.0,2.0,57.0,2
316,Akshaya Nagar,1070.0,2.0,54.0,2
317,Akshaya Nagar,1280.0,2.0,58.0,2
318,Akshaya Nagar,1662.0,3.0,85.1,3
319,Akshaya Nagar,1897.0,3.0,120.0,3
320,Akshaya Nagar,1410.0,2.0,75.0,3
321,Akshaya Nagar,1360.0,2.0,85.0,3
323,Akshaya Nagar,1410.0,2.0,80.0,3
324,Akshaya Nagar,1662.0,3.0,85.0,3
325,Akshaya Nagar,1662.0,3.0,85.5,3
326,Akshaya Nagar,1280.0,2.0,60.0,2
327,Akshaya Nagar,1666.0,3.0,95.0,3
328,Akshaya Nagar,1575.0,3.0,90.0,3
329,Akshaya Nagar,1430.0,2.0,75.0,3
330,Akshaya Nagar,1419.0,2.0,73.0,3
331,Akshaya Nagar,1280.0,2.0,60.0,2
332,Akshaya Nagar,1200.0,2.0,50.0,2
333,Akshaya Nagar,1092.0,2.0,60.0,2
334,Akshaya Nagar,1690.0,3.0,85.0,3
335,Akshaya Nagar,1700.0,3.0,80.0,3
336,Akshaya Nagar,1897.0,4.0,93.0,3
337,Akshaya Nagar,1884.0,3.0,98.0,3
338,Akshaya Nagar,1314.0,2.0,68.8,2
339,Akshaya Nagar,1690.0,3.0,85.0,3
340,Akshaya Nagar,1265.0,2.0,67.0,2
341,Akshaya Nagar,1126.0,2.0,55.0,2
342,Akshaya Nagar,2300.0,4.0,102.0,3
343,Akshaya Nagar,1662.0,3.0,90.0,3
344,Akshaya Nagar,1420.0,2.0,75.0,3
345,Akshaya Nagar,1412.0,2.0,88.0,3
346,Akshaya Nagar,1434.0,3.0,84.0,3
347,Akshaya Nagar,1890.0,4.0,100.0,3
348,Akshaya Nagar,2650.0,3.0,125.0,3
349,Akshaya Nagar,1419.0,2.0,87.0,3
350,Akshaya Nagar,1300.0,2.0,54.0,2
351,Akshaya Nagar,1690.0,3.0,85.0,3
352,Akshaya Nagar,1000.0,2.0,38.0,2
353,Akshaya Nagar,1113.0,2.0,52.0,2
354,Akshaya Nagar,1820.0,4.0,95.0,3
355,Akshaya Nagar,1100.0,2.0,48.0,2
356,Akshaya Nagar,1896.0,3.0,102.0,3
357,Akshaya Nagar,1300.0,2.0,66.0,2
358,Akshaya Nagar,1225.0,2.0,68.0,2
359,Akshaya Nagar,1179.0,2.0,51.0,2
360,Akshaya Nagar,1421.0,2.0,73.0,3
361,Akshaya Nagar,1200.0,2.0,45.0,2
362,Akshaya Nagar,1893.0,4.0,95.0,3
363,Akshaya Nagar,900.0,2.0,45.0,2
364,Ambalipura,1105.0,2.0,75.0,2
365,Ambalipura,1800.0,3.0,110.0,3
366,Ambalipura,1150.0,2.0,80.0,2
367,Ambalipura,1250.0,2.0,66.25,2
368,Ambalipura,1332.0,2.0,79.0,2
369,Ambalipura,1730.0,3.0,120.0,3
370,Ambalipura,896.0,2.0,30.13,2
371,Ambalipura,1230.0,2.0,66.25,2
372,Ambalipura,1351.0,2.0,77.0,2
373,Ambalipura,2550.0,4.0,149.0,4
374,Ambalipura,950.0,2.0,31.95,2
375,Ambalipura,1625.0,2.0,145.0,3
376,Ambalipura,1817.0,3.0,102.0,3
377,Ambalipura,2750.0,4.0,142.0,4
378,Ambalipura,1303.0,2.0,80.0,2
379,Ambalipura,1607.0,2.0,112.0,3
380,Ambalipura,770.0,1.0,43.82,1
381,Ambalipura,860.0,2.0,28.93,2
382,Ambalipura,1700.0,2.0,76.0,2
383,Ambalipura,1060.0,2.0,58.5,2
384,Ambalipura,1650.0,3.0,100.0,3
385,Ambalipura,1607.0,2.0,112.0,3
386,Ambalipura,1198.0,2.0,80.0,2
387,Ambalipura,1615.0,2.0,150.0,3
388,Ambedkar Nagar,2900.0,3.0,300.0,4
389,Ambedkar Nagar,1935.0,4.0,130.0,3
390,Ambedkar Nagar,1424.0,2.0,90.0,2
391,Ambedkar Nagar,2225.0,4.0,169.0,3
392,Ambedkar Nagar,1862.0,3.0,120.0,3
393,Ambedkar Nagar,1850.0,4.0,139.0,3
394,Ambedkar Nagar,1936.0,4.0,126.0,3
395,Ambedkar Nagar,1862.0,3.0,119.0,3
396,Ambedkar Nagar,1424.0,2.0,90.0,2
397,Ambedkar Nagar,2150.0,4.0,125.0,3
398,Ambedkar Nagar,3530.0,4.0,290.0,4
399,Ambedkar Nagar,1856.0,3.0,120.0,3
400,Ambedkar Nagar,1852.0,3.0,130.0,3
401,Ambedkar Nagar,1850.0,4.0,120.0,3
402,Ambedkar Nagar,1367.0,2.0,86.0,2
403,Ambedkar Nagar,3565.0,4.0,255.0,4
404,Ambedkar Nagar,1409.0,2.0,95.0,2
405,Ambedkar Nagar,1950.0,4.0,120.0,3
406,Ambedkar Nagar,1921.0,4.0,129.0,3
407,Ambedkar Nagar,1920.0,4.0,121.0,3
408,Ambedkar Nagar,1935.0,4.0,125.0,3
409,Ambedkar Nagar,1852.0,4.0,122.0,3
410,Ambedkar Nagar,1950.0,4.0,120.0,3
411,Ambedkar Nagar,1852.0,3.0,125.0,3
412,Ambedkar Nagar,2900.0,3.0,297.0,3
413,Ambedkar Nagar,1850.0,4.0,121.0,3
414,Ambedkar Nagar,1425.0,2.0,94.0,2
415,Ambedkar Nagar,2395.0,4.0,150.0,3
416,Amruthahalli,900.0,2.0,40.0,2
417,Amruthahalli,1200.0,2.0,55.0,2
418,Amruthahalli,1900.0,3.0,135.0,3
419,Amruthahalli,924.0,2.0,45.0,2
420,Amruthahalli,900.0,2.0,60.0,2
421,Amruthahalli,1100.0,2.0,45.0,2
422,Amruthahalli,1200.0,2.0,55.0,2
423,Amruthahalli,1350.0,2.0,63.0,3
425,Amruthahalli,1700.0,3.0,77.0,3
426,Amruthahalli,1450.0,2.0,85.0,3
427,Amruthahalli,1200.0,2.0,55.0,2
428,Amruthahalli,1250.0,2.0,79.0,2
429,Amruthahalli,1190.0,2.0,50.0,2
430,Amruthahalli,1202.0,2.0,65.0,2
431,Amruthahalli,1340.0,2.0,75.0,2
432,Amruthahalli,2650.0,4.0,175.0,3
433,Amruthahalli,1450.0,2.0,90.0,3
434,Amruthahalli,1025.0,2.0,42.0,2
435,Amruthahalli,485.0,1.0,19.5,1
436,Amruthahalli,600.0,1.0,55.0,1
437,Anandapura,1167.0,2.0,43.76,2
438,Anandapura,1000.0,2.0,55.0,2
439,Anandapura,1141.0,2.0,42.79,2
441,Anandapura,1200.0,2.0,67.0,2
442,Anandapura,1200.0,2.0,58.0,2
443,Anandapura,1151.0,2.0,43.1,2
444,Anandapura,1141.0,2.0,42.75,2
445,Anandapura,900.0,2.0,48.0,2
446,Anandapura,1749.0,4.0,90.0,4
447,Anandapura,1151.0,2.0,42.9,2
448,Anandapura,1250.0,2.0,45.0,2
449,Anandapura,1151.0,2.0,43.16,2
450,Anandapura,1200.0,2.0,58.0,2
451,Anandapura,1200.0,2.0,66.0,3
452,Anandapura,1415.0,2.0,74.0,3
453,Anandapura,1200.0,2.0,50.0,2
454,Anandapura,1141.0,2.0,50.0,2
456,Ananth Nagar,1100.0,2.0,31.5,2
457,Ananth Nagar,982.0,2.0,24.55,2
458,Ananth Nagar,1109.0,2.0,60.0,2
459,Ananth Nagar,1200.0,2.0,65.0,3
460,Ananth Nagar,900.0,2.0,22.5,2
461,Ananth Nagar,908.0,2.0,26.0,2
462,Ananth Nagar,870.0,2.0,36.0,2
463,Ananth Nagar,937.0,2.0,35.0,2
464,Ananth Nagar,1200.0,3.0,87.0,4
465,Ananth Nagar,960.0,2.0,37.0,2
466,Ananth Nagar,1000.0,2.0,29.7,2
467,Ananth Nagar,850.0,2.0,25.99,2
468,Ananth Nagar,902.0,2.0,25.26,2
470,Ananth Nagar,810.0,2.0,25.5,2
471,Ananth Nagar,890.0,2.0,27.0,2
472,Ananth Nagar,1200.0,2.0,36.0,2
474,Ananth Nagar,1000.0,2.0,25.0,2
475,Ananth Nagar,902.0,2.0,25.0,2
476,Ananth Nagar,930.0,2.0,25.99,2
477,Ananth Nagar,1074.0,2.0,26.85,2
478,Ananth Nagar,1010.0,2.0,38.0,2
479,Ananth Nagar,992.0,2.0,24.8,2
480,Anekal,1200.0,1.0,36.0,2
481,Anekal,656.0,2.0,22.0,2
482,Anekal,620.0,2.0,22.0,2
483,Anekal,600.0,1.0,16.5,1
484,Anekal,925.0,2.0,40.0,2
485,Anekal,1800.0,3.0,68.0,3
486,Anekal,1200.0,1.0,36.0,2
487,Anekal,1035.0,2.0,38.3,2
488,Anekal,888.0,2.0,34.0,2
489,Anekal,1200.0,2.0,36.1,2
490,Anekal,700.0,1.0,19.4,2
491,Anekal,1200.0,1.0,36.0,2
492,Anekal,997.0,3.0,55.0,3
494,Anekal,1500.0,4.0,99.0,3
495,Anekal,766.0,2.0,28.0,2
496,Anekal,967.0,2.0,45.0,3
497,Anekal,620.0,1.0,23.5,2
498,Anekal,1150.0,3.0,45.0,3
499,Anekal,1200.0,1.0,36.0,2
500,Anekal,1200.0,1.0,36.0,2
501,Anekal,1200.0,1.0,36.0,2
502,Anekal,1200.0,1.0,36.0,2
503,Anekal,2400.0,4.0,95.0,3
504,Anekal,1200.0,2.0,36.1,2
505,Anekal,1733.5,3.0,120.0,3
506,Anekal,1200.0,2.0,36.1,2
507,Anekal,680.0,1.0,21.0,2
508,Anekal,614.0,1.0,28.0,2
509,Anekal,1140.0,2.0,52.0,2
510,Anekal,625.0,1.0,25.0,2
511,Anjanapura,1850.0,4.0,86.0,4
512,Anjanapura,1070.0,2.0,39.0,2
513,Anjanapura,1500.0,3.0,121.0,3
514,Anjanapura,1070.0,2.0,37.0,2
515,Anjanapura,950.0,2.0,40.0,2
517,Anjanapura,710.0,2.0,25.0,2
518,Anjanapura,950.0,2.0,32.0,2
519,Anjanapura,1843.0,3.0,87.54,3
520,Anjanapura,1076.0,2.0,30.13,2
521,Anjanapura,950.0,2.0,30.0,2
522,Ardendale,1100.0,2.0,43.25,2
523,Ardendale,1750.0,3.0,100.0,3
524,Ardendale,3198.0,4.0,200.0,4
525,Ardendale,2422.0,4.0,160.0,4
526,Ardendale,1750.0,3.0,100.0,3
527,Ardendale,3200.0,4.0,205.0,4
528,Ardendale,1728.0,3.0,95.0,3
529,Ardendale,1100.0,2.0,48.0,2
530,Ardendale,2062.0,3.0,140.0,4
531,Ardendale,1732.46,3.0,92.0,3
532,Ardendale,2062.0,3.0,150.0,4
533,Ardendale,2800.0,4.0,140.0,4
534,Ardendale,1224.0,2.0,70.0,2
535,Ardendale,1777.26,3.0,105.0,3
536,Ardendale,1650.0,3.0,82.0,3
537,Ardendale,2062.0,3.0,140.0,4
538,Ardendale,1650.0,3.0,82.0,3
539,Ardendale,1224.0,2.0,67.0,2
540,Ardendale,1723.0,3.0,95.0,3
541,Ardendale,1777.26,3.0,89.0,3
542,Ardendale,1777.26,3.0,92.0,3
543,Arekere,2060.0,3.0,140.0,3
544,Arekere,920.0,2.0,40.0,2
545,Arekere,1740.0,2.0,95.0,3
546,Arekere,2072.0,3.0,108.0,3
547,Arekere,1100.0,2.0,55.0,2
548,Arekere,900.0,2.0,50.0,2
549,Arekere,2710.0,6.0,142.0,4
550,Arekere,1240.0,2.0,60.0,2
551,Arekere,900.0,2.0,44.5,2
552,Attibele,450.0,1.0,11.0,1
554,Attibele,500.0,1.0,17.0,1
556,Attibele,418.0,1.0,12.0,1
557,Attibele,1350.0,3.0,85.0,3
560,Attibele,2400.0,3.0,120.0,3
561,Attibele,450.0,1.0,12.5,1
562,Attibele,782.0,1.0,19.55,1
564,Attibele,460.0,1.0,13.0,1
565,Attibele,418.0,2.0,11.5,1
567,Attibele,550.0,1.0,11.5,1
568,Attibele,1000.0,3.0,90.0,3
569,Attibele,1200.0,3.0,105.0,3
570,Attibele,1200.0,3.0,110.0,3
572,Attibele,1500.0,3.0,90.0,3
573,Attibele,520.0,1.0,15.0,1
574,BEML Layout,1060.0,2.0,55.0,2
575,BEML Layout,2000.0,3.0,85.0,3
576,BEML Layout,999.0,2.0,45.0,2
577,BEML Layout,2400.0,4.0,225.0,5
578,BEML Layout,2000.0,2.0,85.0,3
579,BEML Layout,1194.0,2.0,65.0,2
580,BEML Layout,1200.0,2.0,67.0,2
581,BEML Layout,2000.0,3.0,85.0,3
582,BEML Layout,2000.0,3.0,85.0,3
583,BEML Layout,1194.0,2.0,65.0,2
584,BTM 2nd Stage,1260.0,5.0,185.0,3
585,BTM 2nd Stage,950.0,2.0,52.0,2
586,BTM 2nd Stage,1850.0,3.0,170.0,3
587,BTM 2nd Stage,1200.0,2.0,80.0,2
588,BTM 2nd Stage,1274.0,2.0,70.0,2
589,BTM 2nd Stage,1200.0,2.0,35.0,2
590,BTM 2nd Stage,1250.0,3.0,50.0,3
591,BTM 2nd Stage,1070.0,2.0,48.0,2
592,BTM 2nd Stage,1280.0,2.0,80.0,2
593,BTM 2nd Stage,1100.0,2.0,70.0,2
594,BTM 2nd Stage,1000.0,2.0,58.0,2
595,BTM 2nd Stage,800.0,2.0,175.0,2
596,BTM 2nd Stage,1265.0,2.0,55.0,2
597,BTM 2nd Stage,2200.0,3.0,220.0,3
598,BTM 2nd Stage,965.0,2.0,56.0,2
599,BTM 2nd Stage,1147.0,2.0,75.0,2
600,BTM 2nd Stage,1750.0,3.0,172.0,3
601,BTM 2nd Stage,1400.0,2.0,90.0,2
602,BTM 2nd Stage,1200.0,2.0,70.0,2
603,BTM 2nd Stage,1100.0,2.0,47.0,2
604,BTM 2nd Stage,930.0,2.0,46.0,2
605,BTM 2nd Stage,1265.0,2.0,55.0,3
606,BTM Layout,1150.0,2.0,63.0,2
607,BTM Layout,3300.0,6.0,165.0,6
608,BTM Layout,1450.0,2.0,81.0,3
609,BTM Layout,1776.0,2.0,75.0,3
610,BTM Layout,1458.0,3.0,79.0,3
611,BTM Layout,935.0,2.0,51.5,2
612,BTM Layout,1020.0,2.0,46.5,2
613,BTM Layout,1600.0,3.0,112.0,3
614,BTM Layout,1300.0,2.0,75.0,3
615,BTM Layout,1540.0,2.0,78.0,3
616,BTM Layout,450.0,1.0,20.0,1
617,BTM Layout,1196.0,2.0,56.81,2
618,BTM Layout,1470.0,2.0,99.0,3
620,Babusapalaya,1611.0,2.0,66.0,3
622,Babusapalaya,1675.0,3.0,75.0,3
623,Babusapalaya,1141.0,2.0,46.0,2
624,Babusapalaya,1500.0,2.0,57.0,2
625,Babusapalaya,1050.0,2.0,45.0,2
626,Babusapalaya,1141.0,2.0,45.9,2
627,Babusapalaya,1230.0,3.0,53.0,3
628,Babusapalaya,1105.0,2.0,40.0,2
629,Babusapalaya,1410.0,2.0,65.0,3
630,Babusapalaya,1305.0,2.0,70.0,2
631,Babusapalaya,1450.0,2.0,55.99,2
632,Babusapalaya,1100.0,2.0,38.0,2
634,Babusapalaya,1061.0,2.0,33.84,2
635,Babusapalaya,1061.0,2.0,38.95,2
636,Babusapalaya,1061.0,2.0,34.0,2
637,Babusapalaya,1245.0,2.0,58.0,2
638,Badavala Nagar,1494.0,2.0,94.55,3
639,Badavala Nagar,1274.0,2.0,81.0,2
640,Badavala Nagar,1842.0,3.0,115.0,3
641,Badavala Nagar,1494.0,2.0,94.55,3
642,Badavala Nagar,1274.0,2.0,81.0,2
643,Badavala Nagar,1494.0,2.0,94.55,3
644,Badavala Nagar,1842.0,3.0,115.0,3
645,Badavala Nagar,1842.0,3.0,115.0,3
646,Badavala Nagar,1842.0,3.0,115.0,3
647,Badavala Nagar,1274.0,2.0,90.0,2
648,Badavala Nagar,1274.0,2.0,90.0,2
649,Balagere,1210.0,2.0,80.9,2
650,Balagere,1210.0,2.0,72.0,2
651,Balagere,1205.0,2.0,78.5,2
652,Balagere,790.5,1.0,41.9,1
653,Balagere,1145.0,2.0,65.0,2
654,Balagere,1012.0,2.0,54.59,2
655,Balagere,1012.0,2.0,75.0,2
656,Balagere,1020.07,2.0,68.38,2
657,Balagere,1205.47,2.0,81.0,2
658,Balagere,1007.0,2.0,65.0,2
659,Balagere,1205.0,2.0,70.0,2
660,Balagere,1210.0,2.0,74.0,2
661,Balagere,1210.0,2.0,83.0,2
662,Balagere,1012.0,2.0,54.59,2
663,Balagere,1012.0,2.0,64.0,2
664,Balagere,1007.0,2.0,62.0,2
665,Balagere,1007.0,2.0,67.0,2
666,Balagere,1007.0,2.0,66.0,2
667,Balagere,1012.0,2.0,53.58,2
668,Balagere,1007.0,2.0,75.0,2
669,Balagere,1007.0,2.0,53.0,2
670,Balagere,1210.0,2.0,69.0,2
671,Balagere,790.5,1.0,42.295,1
672,Balagere,1012.0,2.0,65.0,2
673,Balagere,1210.0,2.0,82.0,2
674,Balagere,661.0,1.0,33.0,1
675,Balagere,1205.0,2.0,73.87,2
676,Balagere,1012.0,2.0,70.0,2
677,Balagere,1007.0,2.0,68.0,2
678,Balagere,1205.0,2.0,67.0,2
679,Balagere,1205.0,2.0,79.0,2
680,Balagere,1012.0,2.0,68.0,2
682,Banashankari,1077.0,2.0,37.64,2
683,Banashankari,1470.0,2.0,88.64,3
684,Banashankari,1300.0,2.0,75.0,3
685,Banashankari,1800.0,3.0,115.0,3
686,Banashankari,1125.0,2.0,63.0,2
688,Banashankari,1310.0,2.0,80.0,2
689,Banashankari,2600.0,4.0,135.0,3
690,Banashankari,1900.0,2.0,170.0,3
691,Banashankari,1260.0,2.0,75.0,2
692,Banashankari,1170.0,2.0,46.79,2
694,Banashankari,1350.0,2.0,83.0,3
696,Banashankari,1330.0,2.0,78.0,2
697,Banashankari,1400.0,2.0,78.0,3
698,Banashankari,1700.0,3.0,125.0,3
699,Banashankari,1020.0,2.0,40.79,2
700,Banashankari,1600.0,2.0,63.98,2
701,Banashankari,1041.0,2.0,36.44,2
702,Banashankari,2400.0,1.0,200.0,1
703,Banashankari,1390.0,2.0,86.0,2
704,Banashankari,1460.0,2.0,70.0,2
705,Banashankari,1200.0,2.0,60.0,2
706,Banashankari,1290.0,2.0,80.0,2
707,Banashankari,1186.0,2.0,65.0,2
708,Banashankari,1650.0,3.0,101.0,3
709,Banashankari,1300.0,2.0,55.0,3
710,Banashankari,1181.0,2.0,75.0,2
711,Banashankari,1105.0,2.0,90.0,2
712,Banashankari,720.0,1.0,60.0,1
713,Banashankari,1040.0,2.0,45.0,2
714,Banashankari,1330.0,2.0,77.0,2
715,Banashankari,1200.0,2.0,49.0,2
716,Banashankari,1185.0,2.0,67.0,2
717,Banashankari,1000.0,2.0,50.0,2
718,Banashankari,1650.0,3.0,90.75,3
719,Banashankari,1650.0,3.0,101.0,3
720,Banashankari,1310.0,2.0,80.43,2
721,Banashankari,600.0,1.0,27.0,2
722,Banashankari,1430.0,2.0,87.8,2
723,Banashankari,1020.0,2.0,42.83,2
725,Banashankari,1540.0,3.0,80.0,3
726,Banashankari,1195.0,2.0,35.84,2
727,Banashankari,1683.0,3.0,115.0,3
728,Banashankari,1800.0,3.0,125.0,3
729,Banashankari,1175.0,2.0,41.13,2
730,Banashankari,1750.0,2.0,89.0,3
731,Banashankari,1800.0,3.0,175.0,3
732,Banashankari,1450.0,2.0,50.75,2
733,Banashankari,1770.0,3.0,108.0,3
734,Banashankari,1800.0,3.0,125.0,3
736,Banashankari,1886.0,3.0,205.0,3
737,Banashankari,1420.0,3.0,66.0,3
738,Banashankari,1200.0,3.0,74.52,3
739,Banashankari,1100.0,2.0,63.0,2
740,Banashankari,1020.0,2.0,40.79,2
741,Banashankari,1260.0,2.0,75.0,2
742,Banashankari,1040.0,2.0,109.0,3
744,Banashankari,1426.0,3.0,85.0,3
745,Banashankari Stage II,1700.0,2.0,150.0,2
746,Banashankari Stage II,1200.0,2.0,150.0,4
747,Banashankari Stage II,1500.0,2.0,120.0,3
748,Banashankari Stage II,1250.0,2.0,110.0,2
749,Banashankari Stage II,1260.0,2.0,95.0,3
750,Banashankari Stage II,2400.0,2.0,300.0,3
751,Banashankari Stage II,1400.0,2.0,100.0,2
752,Banashankari Stage II,2800.0,3.0,425.0,5
753,Banashankari Stage II,1200.0,2.0,198.0,3
754,Banashankari Stage II,1245.0,2.0,125.0,2
755,Banashankari Stage III,8500.0,4.0,145.0,4
756,Banashankari Stage III,1305.0,2.0,58.7,3
757,Banashankari Stage III,1145.0,2.0,58.4,2
758,Banashankari Stage III,1650.0,3.0,118.0,3
759,Banashankari Stage III,1350.0,2.0,68.0,3
760,Banashankari Stage III,2000.0,4.0,100.0,4
761,Banashankari Stage III,1305.0,2.0,59.0,3
762,Banashankari Stage III,1305.0,2.0,60.0,3
763,Banashankari Stage III,1305.0,2.0,59.0,3
764,Banashankari Stage III,1480.0,3.0,75.48,3
765,Banashankari Stage III,1305.0,2.0,59.0,3
766,Banashankari Stage III,1304.0,2.0,111.0,2
767,Banashankari Stage III,3000.0,6.0,150.0,6
768,Banashankari Stage III,1085.0,2.0,50.0,2
769,Banashankari Stage III,1500.0,2.0,100.0,3
770,Banashankari Stage III,2100.0,3.0,147.0,4
771,Banashankari Stage III,1420.0,2.0,95.0,3
772,Banashankari Stage V,1300.0,2.0,58.5,3
773,Banashankari Stage V,1305.0,2.0,49.0,3
774,Banashankari Stage V,1035.0,2.0,35.77,2
775,Banashankari Stage V,1355.0,2.0,61.0,3
776,Banashankari Stage V,1510.0,3.0,47.57,3
777,Banashankari Stage V,1650.0,3.0,51.98,3
778,Banashankari Stage V,1630.0,3.0,51.35,3
779,Banashankari Stage V,1510.0,3.0,47.57,3
780,Banashankari Stage V,1315.0,2.0,49.0,3
781,Banashankari Stage V,1540.0,3.0,48.51,3
782,Banashankari Stage V,920.0,2.0,41.5,2
783,Banashankari Stage VI,1177.5,2.0,59.935,2
784,Banashankari Stage VI,4800.0,4.0,190.0,4
785,Banashankari Stage VI,1160.0,2.0,59.0,2
786,Banashankari Stage VI,1180.0,2.0,59.47,2
787,Banashankari Stage VI,1423.0,2.0,71.73,3
788,Banashankari Stage VI,1392.0,3.0,69.46,3
789,Banashankari Stage VI,1410.5,2.0,70.385,3
790,Banashankari Stage VI,4800.0,3.0,200.0,4
791,Banaswadi,1184.0,2.0,53.0,2
792,Banaswadi,1145.0,2.0,55.0,2
793,Banaswadi,1250.0,2.0,60.0,2
794,Banaswadi,1365.0,2.0,73.0,2
795,Banaswadi,1903.0,6.0,140.0,5
796,Banaswadi,1222.0,2.0,80.0,2
797,Banaswadi,870.0,2.0,38.0,2
798,Banaswadi,1200.0,2.0,60.0,2
800,Banaswadi,527.0,1.0,35.0,1
801,Banaswadi,1340.0,2.0,73.0,2
802,Banaswadi,1008.0,2.0,52.0,2
803,Banaswadi,2250.0,5.0,240.0,5
804,Banaswadi,1105.0,2.0,57.0,2
805,Banjara Layout,1200.0,2.0,70.0,2
806,Banjara Layout,1050.0,2.0,64.8,2
807,Banjara Layout,900.0,3.0,79.0,3
808,Banjara Layout,3750.0,5.0,145.0,4
809,Banjara Layout,2500.0,4.0,140.0,3
810,Banjara Layout,1200.0,4.0,105.0,4
811,Bannerghatta,1665.0,3.0,110.0,3
812,Bannerghatta,2370.0,4.0,195.0,3
813,Bannerghatta,1100.0,2.0,66.0,2
814,Bannerghatta,1113.0,2.0,70.0,2
815,Bannerghatta,1200.0,2.0,73.2,2
816,Bannerghatta,1070.0,2.0,87.0,2
817,Bannerghatta,1776.0,3.0,124.0,3
818,Bannerghatta,1776.0,3.0,150.0,3
819,Bannerghatta Road,500.0,1.0,18.5,1
820,Bannerghatta Road,1050.0,2.0,65.0,2
821,Bannerghatta Road,1200.0,2.0,125.0,4
822,Bannerghatta Road,1170.0,2.0,66.0,3
823,Bannerghatta Road,595.0,1.0,33.32,1
824,Bannerghatta Road,1445.0,3.0,95.0,3
825,Bannerghatta Road,1640.0,2.0,120.0,3
827,Bannerghatta Road,1460.0,2.0,90.0,3
829,Bannerghatta Road,1179.0,2.0,66.02,2
830,Bannerghatta Road,1122.5,2.0,58.935,2
831,Bannerghatta Road,793.0,2.0,45.0,2
833,Bannerghatta Road,1400.0,2.0,78.0,2
834,Bannerghatta Road,2700.0,5.0,158.0,5
835,Bannerghatta Road,1215.0,2.0,50.0,2
836,Bannerghatta Road,1654.0,3.0,100.0,3
837,Bannerghatta Road,1181.0,2.0,55.0,2
838,Bannerghatta Road,1460.0,2.0,72.0,3
839,Bannerghatta Road,1200.0,2.0,75.0,2
841,Bannerghatta Road,595.0,1.0,31.83,1
842,Bannerghatta Road,1105.0,2.0,51.0,2
843,Bannerghatta Road,1255.0,2.0,65.26,2
844,Bannerghatta Road,1550.0,3.0,78.0,3
845,Bannerghatta Road,1550.0,3.0,82.0,3
846,Bannerghatta Road,1550.0,2.0,75.0,3
847,Bannerghatta Road,1650.0,3.0,122.0,3
848,Bannerghatta Road,912.0,2.0,55.0,2
849,Bannerghatta Road,1218.0,2.0,73.0,2
851,Bannerghatta Road,1115.0,2.0,65.12,2
853,Bannerghatta Road,1893.0,3.0,100.0,3
854,Bannerghatta Road,1600.0,3.0,95.0,3
855,Bannerghatta Road,1275.0,2.0,65.0,2
856,Bannerghatta Road,892.0,2.0,39.0,2
857,Bannerghatta Road,1880.0,3.0,95.0,3
858,Bannerghatta Road,1260.0,2.0,70.0,2
859,Bannerghatta Road,1788.0,3.0,90.0,3
860,Bannerghatta Road,1157.0,2.0,40.0,2
861,Bannerghatta Road,1150.0,2.0,65.0,2
862,Bannerghatta Road,1100.0,2.0,39.0,2
863,Bannerghatta Road,1400.0,3.0,68.0,3
864,Bannerghatta Road,1725.0,3.0,110.0,3
865,Bannerghatta Road,1850.0,6.0,150.0,6
866,Bannerghatta Road,950.0,2.0,38.0,2
867,Bannerghatta Road,1220.0,2.0,80.0,2
868,Bannerghatta Road,1130.0,2.0,78.0,2
870,Bannerghatta Road,1486.0,3.0,83.22,3
871,Bannerghatta Road,1460.0,2.0,75.0,3
872,Bannerghatta Road,1015.0,2.0,48.0,2
873,Bannerghatta Road,1115.0,2.0,61.0,2
874,Bannerghatta Road,1136.0,2.0,48.0,2
875,Bannerghatta Road,1200.0,2.0,69.0,3
876,Bannerghatta Road,1465.0,2.0,76.0,3
877,Bannerghatta Road,1302.5,2.0,67.73,2
878,Bannerghatta Road,1200.0,2.0,65.0,2
879,Bannerghatta Road,1240.0,2.0,65.0,2
880,Bannerghatta Road,1476.0,3.0,125.0,3
881,Bannerghatta Road,1100.0,2.0,52.0,3
882,Bannerghatta Road,1532.5,3.0,84.29,3
884,Bannerghatta Road,1268.0,2.0,69.0,2
885,Bannerghatta Road,1450.0,2.0,87.0,3
886,Bannerghatta Road,2932.0,5.0,195.0,4
888,Bannerghatta Road,1625.0,2.0,75.0,3
889,Bannerghatta Road,960.0,2.0,58.0,2
890,Bannerghatta Road,1750.0,3.0,130.0,3
891,Bannerghatta Road,1275.0,2.0,73.0,2
893,Bannerghatta Road,1240.0,2.0,71.0,2
894,Bannerghatta Road,1305.0,2.0,60.0,3
895,Bannerghatta Road,1215.0,2.0,68.0,2
896,Bannerghatta Road,1215.0,2.0,68.0,2
897,Bannerghatta Road,1894.0,3.0,115.0,3
899,Bannerghatta Road,1693.0,3.0,89.0,3
900,Bannerghatta Road,1280.0,2.0,60.16,2
901,Bannerghatta Road,3230.0,5.0,165.0,4
902,Bannerghatta Road,630.0,1.0,35.0,1
903,Bannerghatta Road,1215.0,2.0,68.0,2
904,Bannerghatta Road,1365.0,3.0,76.18,3
905,Bannerghatta Road,1115.0,2.0,78.0,2
906,Bannerghatta Road,1532.5,3.0,79.465,3
908,Bannerghatta Road,1655.0,3.0,90.0,3
909,Bannerghatta Road,1247.0,2.0,47.39,2
910,Bannerghatta Road,1237.5,2.0,49.49,2
911,Bannerghatta Road,1650.0,3.0,94.0,3
912,Bannerghatta Road,905.0,2.0,65.0,2
913,Bannerghatta Road,1000.0,2.0,50.0,2
914,Bannerghatta Road,2185.0,3.0,120.0,4
915,Bannerghatta Road,1012.0,2.0,45.0,2
916,Bannerghatta Road,1725.0,3.0,85.0,3
917,Bannerghatta Road,1460.0,2.0,80.0,3
918,Bannerghatta Road,1340.0,2.0,85.0,2
919,Bannerghatta Road,1711.0,3.0,125.0,3
920,Bannerghatta Road,1520.0,2.0,81.0,3
921,Bannerghatta Road,2826.0,3.0,148.0,3
922,Bannerghatta Road,1115.0,2.0,61.0,2
923,Bannerghatta Road,1154.0,2.0,47.0,2
924,Bannerghatta Road,1000.0,2.0,44.5,2
925,Bannerghatta Road,1250.0,2.0,48.0,2
926,Bannerghatta Road,1640.0,3.0,105.0,3
928,Bannerghatta Road,1012.0,2.0,44.0,2
929,Bannerghatta Road,1527.0,3.0,115.0,3
930,Bannerghatta Road,1660.0,3.0,85.0,3
931,Bannerghatta Road,1880.0,3.0,96.5,3
932,Bannerghatta Road,1550.0,3.0,96.0,3
933,Bannerghatta Road,1200.0,2.0,78.0,2
934,Bannerghatta Road,1885.0,3.0,125.0,3
935,Bannerghatta Road,1453.0,2.0,73.0,3
936,Bannerghatta Road,1450.0,2.0,78.0,3
937,Bannerghatta Road,700.0,1.0,31.2,1
939,Bannerghatta Road,1400.0,3.0,69.0,3
940,Bannerghatta Road,905.0,2.0,58.0,2
941,Bannerghatta Road,1465.0,2.0,75.0,3
942,Bannerghatta Road,1920.0,3.0,122.0,3
943,Bannerghatta Road,2400.0,4.0,180.0,4
944,Bannerghatta Road,1660.0,3.0,80.0,3
945,Bannerghatta Road,1270.0,2.0,45.0,2
946,Bannerghatta Road,1520.0,2.0,80.0,3
947,Bannerghatta Road,1270.0,2.0,73.0,3
948,Bannerghatta Road,1846.0,3.0,120.0,3
949,Bannerghatta Road,3000.0,4.0,140.0,4
950,Bannerghatta Road,1122.5,2.0,61.74,2
951,Bannerghatta Road,1655.0,3.0,95.0,3
952,Bannerghatta Road,1206.0,2.0,53.0,2
953,Bannerghatta Road,1150.0,2.0,55.0,2
954,Bannerghatta Road,1215.0,2.0,65.0,2
955,Bannerghatta Road,1510.0,2.0,110.0,3
956,Bannerghatta Road,1022.0,2.0,35.0,2
957,Bannerghatta Road,1246.0,2.0,47.35,2
958,Bannerghatta Road,1470.0,2.0,85.0,3
959,Bannerghatta Road,1160.0,2.0,45.0,2
960,Bannerghatta Road,970.0,2.0,57.0,2
961,Bannerghatta Road,1527.0,3.0,142.0,3
962,Basavangudi,2200.0,2.0,162.0,3
963,Basavangudi,1500.0,2.0,143.0,3
964,Basavangudi,1850.0,3.0,168.0,3
965,Basavangudi,600.0,1.0,97.5,1
966,Basavangudi,1036.0,2.0,105.0,2
968,Basavangudi,1600.0,2.0,160.0,3
969,Basavangudi,1560.0,2.0,145.0,2
970,Basavangudi,1825.0,3.0,175.0,3
971,Basavangudi,1800.0,3.0,195.0,3
972,Basavangudi,1100.0,2.0,93.0,2
973,Basavangudi,670.0,1.0,50.0,1
975,Basavangudi,1050.0,2.0,103.0,2
976,Basavangudi,1350.0,2.0,130.0,3
977,Basavangudi,1485.0,3.0,140.0,3
978,Basavangudi,1180.0,2.0,124.0,2
979,Basavangudi,1600.0,3.0,130.0,3
980,Basavangudi,1200.0,2.0,120.0,2
981,Basavangudi,1850.0,3.0,150.0,3
982,Basavangudi,2453.0,3.0,250.0,4
984,Basaveshwara Nagar,1200.0,2.0,65.0,2
985,Basaveshwara Nagar,1865.0,3.0,145.0,3
986,Basaveshwara Nagar,1200.0,2.0,90.0,2
987,Basaveshwara Nagar,2400.0,4.0,310.0,5
988,Basaveshwara Nagar,1200.0,2.0,80.0,2
989,Basaveshwara Nagar,900.0,2.0,60.0,2
990,Basaveshwara Nagar,1900.0,3.0,150.0,3
991,Basaveshwara Nagar,1200.0,2.0,85.0,2
992,Basaveshwara Nagar,1200.0,2.0,70.0,2
993,Basaveshwara Nagar,1200.0,1.0,180.0,2
994,Basaveshwara Nagar,1200.0,3.0,190.0,3
995,Battarahalli,1200.0,2.0,65.0,2
996,Battarahalli,1779.0,3.0,89.61,3
997,Battarahalli,1300.0,2.0,50.0,2
998,Battarahalli,1945.0,3.0,97.42,3
999,Battarahalli,1777.0,3.0,100.0,3
1000,Battarahalli,1135.0,2.0,43.0,2
1001,Battarahalli,1276.0,2.0,45.0,2
1002,Battarahalli,1880.0,3.0,94.36,3
1003,Battarahalli,1071.0,2.0,62.0,2
1004,Battarahalli,1165.0,2.0,43.0,2
1005,Battarahalli,1636.0,2.0,82.89,2
1006,Battarahalli,1779.0,3.0,90.0,3
1007,Battarahalli,1516.0,3.0,65.0,3
1008,Battarahalli,1090.0,2.0,38.37,2
1009,Battarahalli,2082.0,3.0,104.0,3
1010,Battarahalli,2024.0,3.0,103.0,3
1011,Battarahalli,1097.0,2.0,49.0,2
1012,Begur,1664.0,4.0,65.0,4
1013,Begur,1419.0,2.0,59.0,3
1014,Begur,1580.0,3.0,75.0,3
1015,Begur,1559.0,3.0,63.0,3
1016,Begur,1445.0,2.0,47.1,3
1017,Begur,1475.0,2.0,74.0,3
1018,Begur,1100.0,2.0,55.0,2
1019,Begur,1306.0,2.0,65.0,2
1020,Begur,1304.0,3.0,65.0,3
1021,Begur,1411.0,2.0,60.0,3
1022,Begur,815.0,2.0,40.0,2
1023,Begur,1443.0,2.0,70.0,3
1024,Begur,1200.0,2.0,33.0,2
1025,Begur Road,1200.0,2.0,44.0,2
1026,Begur Road,1200.0,2.0,46.8,2
1027,Begur Road,1160.0,2.0,44.0,2
1028,Begur Road,1584.0,3.0,65.0,3
1031,Begur Road,1200.0,2.0,43.2,2
1032,Begur Road,1160.0,2.0,44.08,2
1033,Begur Road,1200.0,2.0,45.0,2
1034,Begur Road,1615.0,3.0,60.0,3
1035,Begur Road,1410.0,2.0,53.0,3
1036,Begur Road,1200.0,2.0,37.8,2
1037,Begur Road,970.0,2.0,27.0,2
1038,Begur Road,1160.0,2.0,40.59,2
1039,Begur Road,1260.0,2.0,46.62,2
1041,Begur Road,1634.0,3.0,83.33,3
1043,Begur Road,1160.0,2.0,36.0,2
1044,Begur Road,1500.0,2.0,70.0,3
1045,Begur Road,1160.0,2.0,42.0,2
1046,Begur Road,1240.0,2.0,39.06,2
1047,Begur Road,1200.0,2.0,45.0,2
1049,Begur Road,1410.0,2.0,52.17,3
1051,Begur Road,1583.0,3.0,74.4,3
1052,Begur Road,1170.0,2.0,46.0,2
1053,Begur Road,1160.0,2.0,42.92,2
1054,Begur Road,1410.0,2.0,52.17,3
1056,Begur Road,1225.0,2.0,35.52,2
1057,Begur Road,1565.0,2.0,59.76,3
1058,Begur Road,1160.0,2.0,42.0,2
1060,Begur Road,1410.0,2.0,53.58,3
1061,Begur Road,1200.0,2.0,45.0,2
1062,Begur Road,1200.0,2.0,42.6,2
1063,Begur Road,1160.0,2.0,42.0,2
1064,Begur Road,1334.0,2.0,42.69,2
1066,Begur Road,1933.0,3.0,98.0,3
1067,Begur Road,1200.0,2.0,45.6,2
1068,Begur Road,1215.0,2.0,43.13,2
1069,Begur Road,1444.0,2.0,71.5,3
1070,Begur Road,1160.0,2.0,36.54,2
1071,Begur Road,1200.0,2.0,44.4,2
1072,Begur Road,1260.0,2.0,39.69,2
1073,Begur Road,1160.0,2.0,44.0,2
1075,Begur Road,952.0,2.0,42.0,2
1078,Begur Road,1200.0,2.0,42.0,2
1079,Begur Road,1240.0,2.0,45.88,2
1080,Begur Road,1200.0,3.0,50.0,3
1082,Begur Road,1200.0,2.0,44.0,2
1083,Begur Road,1100.0,2.0,42.6,2
1085,Begur Road,1200.0,2.0,44.4,2
1086,Begur Road,1241.0,2.0,64.0,2
1087,Begur Road,1160.0,2.0,36.54,2
1088,Begur Road,1215.0,2.0,43.75,2
1089,Begur Road,1200.0,2.0,44.73,2
1090,Begur Road,1160.0,2.0,42.0,2
1091,Begur Road,1410.0,2.0,54.99,3
1092,Bellandur,1767.0,3.0,103.0,3
1093,Bellandur,1205.0,2.0,66.0,2
1094,Bellandur,1250.0,2.0,76.0,2
1095,Bellandur,1000.0,2.0,50.0,2
1096,Bellandur,1281.0,2.0,74.0,2
1097,Bellandur,921.0,2.0,40.0,2
1098,Bellandur,2025.0,4.0,109.0,4
1099,Bellandur,1490.0,2.0,98.0,3
1100,Bellandur,1398.0,3.0,68.0,3
1101,Bellandur,2039.0,3.0,168.0,3
1102,Bellandur,1605.0,3.0,85.0,3
1103,Bellandur,1692.0,3.0,88.0,3
1104,Bellandur,1220.0,2.0,60.0,2
1105,Bellandur,1299.0,2.0,82.0,2
1106,Bellandur,900.0,2.0,56.0,2
1107,Bellandur,1350.0,2.0,79.0,2
1108,Bellandur,1286.0,2.0,57.0,2
1109,Bellandur,1457.0,2.0,85.0,2
1110,Bellandur,1195.0,2.0,51.0,2
1111,Bellandur,1050.0,2.0,72.0,2
1112,Bellandur,1310.0,2.0,72.0,2
1113,Bellandur,924.0,2.0,35.11,2
1114,Bellandur,1785.0,3.0,118.0,3
1115,Bellandur,1051.0,2.0,60.0,2
1116,Bellandur,1450.0,3.0,68.0,3
1117,Bellandur,1060.0,2.0,65.0,2
1118,Bellandur,1100.0,2.0,62.0,2
1119,Bellandur,1550.0,2.0,59.0,2
1120,Bellandur,924.0,2.0,35.11,2
1122,Bellandur,1685.0,3.0,100.0,3
1123,Bellandur,982.0,2.0,55.0,2
1124,Bellandur,981.0,2.0,37.28,2
1125,Bellandur,1205.0,2.0,59.0,2
1126,Bellandur,1063.0,2.0,58.0,2
1127,Bellandur,1201.0,2.0,59.99,2
1128,Bellandur,1325.0,2.0,65.0,2
1129,Bellandur,1281.0,2.0,87.0,2
1131,Bellandur,1200.0,2.0,52.0,2
1132,Bellandur,1785.0,3.0,120.0,3
1133,Bellandur,1088.0,2.0,48.0,2
1134,Bellandur,1310.0,2.0,85.0,2
1135,Bellandur,982.0,2.0,37.28,2
1136,Bellandur,1465.0,3.0,90.0,2
1137,Bellandur,1767.0,3.0,109.0,3
1138,Bellandur,924.0,2.0,35.11,2
1139,Bellandur,1170.0,2.0,46.79,2
1140,Bellandur,1150.0,2.0,69.44,2
1141,Bellandur,1138.0,3.0,128.0,3
1142,Bellandur,1200.0,2.0,45.0,2
1143,Bellandur,1830.0,3.0,90.0,3
1144,Bellandur,1410.0,3.0,92.0,2
1145,Bellandur,950.0,2.0,35.0,2
1146,Bellandur,1015.0,2.0,60.0,2
1147,Bellandur,2500.0,4.0,112.0,3
1148,Bellandur,1685.0,3.0,101.0,3
1149,Bellandur,1735.0,3.0,105.0,3
1150,Bellandur,1138.0,3.0,128.0,3
1151,Bellandur,1685.0,3.0,115.0,3
1152,Bellandur,1846.0,3.0,135.0,3
1153,Bellandur,1049.0,2.0,51.0,2
1154,Bellandur,1350.0,2.0,63.0,3
1155,Bellandur,1211.0,2.0,63.0,2
1156,Bellandur,1717.0,3.0,110.0,3
1158,Bellandur,1185.0,2.0,47.39,2
1159,Bellandur,1200.0,2.0,62.0,2
1160,Bellandur,1767.0,3.0,89.0,3
1161,Bellandur,1830.0,3.0,89.0,3
1162,Bellandur,2400.0,3.0,115.0,3
1163,Bellandur,1251.0,2.0,47.0,2
1164,Bellandur,1665.0,3.0,85.0,3
1165,Bellandur,960.0,2.0,48.0,2
1166,Bellandur,1690.0,2.0,116.0,3
1167,Bellandur,950.0,1.0,40.0,1
1168,Bellandur,850.0,2.0,45.0,2
1169,Bellandur,1454.0,2.0,90.0,2
1170,Bellandur,1830.0,3.0,91.86,3
1171,Bellandur,1195.0,2.0,52.0,2
1172,Bellandur,1435.0,2.0,115.0,3
1173,Bellandur,1830.0,3.0,89.89,3
1174,Bellandur,1260.0,2.0,83.5,2
1175,Bellandur,1535.0,3.0,90.0,3
1176,Bellandur,1047.0,2.0,75.0,2
1177,Bellandur,1096.0,2.0,40.0,2
1178,Bellandur,1262.0,2.0,47.0,2
1179,Benson Town,3200.0,4.0,350.0,3
1180,Benson Town,1480.0,2.0,120.0,2
1181,Benson Town,1750.0,3.0,150.0,3
1182,Benson Town,2270.0,3.0,180.0,3
1183,Benson Town,2850.0,4.0,470.0,3
1184,Benson Town,1300.0,2.0,120.0,2
1185,Benson Town,1567.0,3.0,140.0,2
1186,Benson Town,3633.0,6.0,550.0,4
1187,Benson Town,1688.12,2.0,270.0,2
1188,Benson Town,1805.0,3.0,280.0,3
1189,Benson Town,1688.0,2.0,280.0,2
1190,Bharathi Nagar,1322.0,2.0,68.0,2
1191,Bharathi Nagar,1351.0,2.0,70.0,2
1192,Bharathi Nagar,1384.0,2.0,59.0,2
1193,Bharathi Nagar,1351.0,2.0,74.0,2
1194,Bharathi Nagar,1432.0,2.0,68.0,2
1195,Bharathi Nagar,1349.0,2.0,56.7,2
1196,Bharathi Nagar,1328.0,2.0,69.0,2
1197,Bharathi Nagar,1300.0,2.0,55.86,2
1198,Bhoganhalli,1670.0,3.0,99.0,3
1199,Bhoganhalli,2119.0,4.0,111.0,4
1200,Bhoganhalli,1718.0,3.0,90.2,3
1201,Bhoganhalli,1444.0,2.0,75.97,2
1202,Bhoganhalli,1447.0,2.0,75.97,2
1203,Bhoganhalli,1700.0,3.0,126.0,3
1204,Bhoganhalli,1451.5,4.0,121.0,4
1205,Bhoganhalli,1447.0,2.0,75.97,2
1206,Bhoganhalli,1053.4,3.0,88.91,3
1207,Bhoganhalli,2072.5,2.0,111.0,4
1208,Bhoganhalli,1610.0,3.0,84.53,3
1209,Bhoganhalli,1974.0,4.0,106.0,4
1210,Bhoganhalli,2171.0,4.0,111.0,4
1211,Bhoganhalli,1760.0,3.0,127.0,3
1212,Bhoganhalli,2119.0,4.0,111.0,4
1213,Bhoganhalli,1447.0,2.0,75.97,2
1214,Bhoganhalli,1949.0,3.0,129.0,3
1215,Bhoganhalli,1760.0,3.0,128.0,3
1216,Bhoganhalli,1447.0,2.0,75.97,2
1217,Bhoganhalli,1181.7,2.0,100.0,2
1218,Bhoganhalli,2119.0,4.0,111.0,4
1219,Bhoganhalli,1458.0,3.0,78.45,3
1220,Bhoganhalli,1125.0,2.0,54.0,2
1221,Bhoganhalli,1444.0,2.0,75.97,2
1222,Bhoganhalli,1205.0,2.0,64.47,2
1223,Bhoganhalli,1234.6,3.0,104.0,3
1224,Bhoganhalli,1447.0,2.0,75.97,2
1225,Bhoganhalli,2119.0,4.0,111.0,4
1226,Bhoganhalli,1205.0,2.0,68.32,2
1227,Bhoganhalli,1260.0,2.0,69.9,2
1228,Bhoganhalli,896.9,2.0,78.74,2
1229,Bhoganhalli,1707.0,3.0,115.0,3
1230,Bhoganhalli,1610.0,3.0,84.53,3
1231,Bhoganhalli,970.0,2.0,52.5,2
1232,Bhoganhalli,1718.0,3.0,90.2,3
1233,Bhoganhalli,1277.0,2.0,79.89,2
1234,Bhoganhalli,2119.0,4.0,111.0,4
1235,Bhoganhalli,1703.0,3.0,120.0,3
1236,Billekahalli,1935.0,3.0,110.0,3
1237,Billekahalli,1125.0,2.0,62.0,2
1238,Billekahalli,1650.0,3.0,88.0,3
1239,Billekahalli,1090.0,2.0,52.0,2
1240,Billekahalli,1112.0,2.0,62.0,2
1241,Billekahalli,1140.0,2.0,50.0,2
1242,Billekahalli,2400.0,3.0,150.0,3
1243,Billekahalli,950.0,2.0,58.11,2
1244,Billekahalli,1360.0,2.0,110.0,2
1245,Billekahalli,1035.0,2.0,90.0,2
1246,Billekahalli,1125.0,2.0,65.0,2
1247,Billekahalli,950.0,2.0,56.0,2
1249,Billekahalli,1805.0,3.0,134.0,3
1250,Binny Pete,665.0,1.0,50.75,1
1251,Binny Pete,1282.0,3.0,178.0,3
1252,Binny Pete,2817.5,2.0,204.0,4
1253,Binny Pete,660.0,1.0,54.0,1
1254,Binny Pete,665.0,1.0,46.08,1
1255,Binny Pete,660.0,1.0,62.0,1
1256,Binny Pete,1365.0,2.0,122.0,2
1257,Binny Pete,1282.0,3.0,178.0,3
1258,Binny Pete,1795.0,3.0,139.0,3
1259,Binny Pete,1740.0,3.0,150.0,3
1260,Binny Pete,1970.0,3.0,164.0,3
1261,Binny Pete,1282.0,3.0,178.0,3
1262,Binny Pete,1282.0,3.0,178.0,3
1263,Binny Pete,2940.0,6.0,201.0,4
1264,Binny Pete,1516.0,3.0,147.0,3
1271,Bisuvanahalli,845.0,2.0,33.0,2
1275,Bisuvanahalli,845.0,2.0,29.0,2
1277,Bisuvanahalli,850.0,1.0,32.0,2
1279,Bisuvanahalli,1075.0,2.0,52.0,3
1282,Bisuvanahalli,1180.0,2.0,60.0,3
1284,Bisuvanahalli,1075.0,2.0,52.0,3
1287,Bisuvanahalli,845.0,2.0,33.0,2
1288,Bisuvanahalli,945.0,2.0,33.0,2
1289,Bisuvanahalli,845.0,2.0,30.0,2
1299,Bisuvanahalli,850.0,2.0,27.0,2
1301,Bisuvanahalli,845.0,2.0,32.0,2
1303,Bommanahalli,1200.0,2.0,40.0,2
1304,Bommanahalli,1730.0,3.0,96.0,3
1305,Bommanahalli,1000.0,2.0,29.9,2
1306,Bommanahalli,1090.0,3.0,44.0,2
1308,Bommanahalli,1375.0,3.0,59.0,3
1309,Bommanahalli,1250.0,3.0,55.0,3
1310,Bommanahalli,1110.0,2.0,33.0,2
1311,Bommanahalli,1625.0,2.0,87.72,3
1312,Bommanahalli,1850.0,3.0,90.0,3
1313,Bommanahalli,957.0,2.0,53.0,2
1314,Bommanahalli,910.0,2.0,45.0,2
1315,Bommanahalli,1050.0,2.0,46.0,2
1316,Bommanahalli,1290.0,2.0,73.0,2
1317,Bommanahalli,1100.0,1.0,55.0,2
1319,Bommanahalli,1350.0,2.0,72.0,2
1321,Bommanahalli,1020.0,2.0,55.0,2
1323,Bommanahalli,1660.0,2.0,100.0,3
1324,Bommanahalli,1307.0,2.0,50.0,2
1325,Bommanahalli,1416.0,2.0,85.0,3
1326,Bommanahalli,1091.0,2.0,40.0,2
1327,Bommanahalli,1355.0,2.0,73.17,2
1328,Bommanahalli,1160.0,2.0,53.0,2
1329,Bommanahalli,1050.0,2.0,54.0,2
1332,Bommasandra,1035.0,2.0,41.0,2
1333,Bommasandra,1035.0,2.0,41.73,2
1334,Bommasandra,1034.0,2.0,40.0,2
1335,Bommasandra,877.0,2.0,30.0,2
1336,Bommasandra,1447.0,3.0,80.0,3
1337,Bommasandra,920.0,2.0,37.46,2
1338,Bommasandra,1035.0,2.0,41.43,2
1340,Bommasandra,1015.0,2.0,40.0,2
1341,Bommasandra,1000.0,2.0,35.0,2
1342,Bommasandra,955.0,2.0,35.28,2
1343,Bommasandra,1005.0,2.0,39.77,2
1344,Bommasandra,1014.0,2.0,35.0,2
1345,Bommasandra,1020.0,2.0,40.89,2
1346,Bommasandra,920.0,2.0,37.2,2
1348,Bommasandra,1942.0,3.0,90.0,3
1349,Bommasandra,1127.0,2.0,45.0,2
1350,Bommasandra,877.0,2.0,29.0,2
1352,Bommasandra,842.0,2.0,30.0,2
1355,Bommasandra,955.0,2.0,37.97,2
1356,Bommasandra,1089.0,2.0,40.0,2
1357,Bommasandra,950.0,2.0,25.0,2
1359,Bommasandra Industrial Area,1280.0,3.0,50.4,3
1360,Bommasandra Industrial Area,1090.0,2.0,31.48,2
1362,Bommasandra Industrial Area,1020.0,2.0,29.45,2
1363,Bommasandra Industrial Area,1165.0,2.0,33.64,2
1364,Bommasandra Industrial Area,1250.0,3.0,50.0,3
1365,Bommasandra Industrial Area,1090.0,2.0,31.48,2
1366,Bommasandra Industrial Area,1200.0,3.0,45.0,2
1367,Bommasandra Industrial Area,1000.0,2.0,28.88,2
1368,Bommasandra Industrial Area,1020.0,2.0,29.45,2
1369,Bommasandra Industrial Area,1160.0,2.0,33.51,2
1370,Bommasandra Industrial Area,1125.0,2.0,32.49,2
1372,Bommasandra Industrial Area,1365.0,3.0,52.81,3
1373,Bommasandra Industrial Area,1125.0,2.0,32.49,2
1374,Bommasandra Industrial Area,1130.0,2.0,32.64,2
1375,Bommasandra Industrial Area,1065.0,2.0,30.75,2
1376,Bommenahalli,1200.0,3.0,125.0,3
1377,Bommenahalli,1632.0,3.0,145.0,4
1378,Bommenahalli,1670.0,3.0,135.0,4
1379,Bommenahalli,1680.0,3.0,135.0,4
1380,Bommenahalli,1632.0,3.0,128.0,4
1381,Bommenahalli,3339.0,3.0,250.0,3
1382,Bommenahalli,1355.0,3.0,135.0,4
1383,Bommenahalli,1232.0,3.0,96.0,3
1384,Bommenahalli,1632.0,3.0,140.0,4
1385,Brookefield,1150.0,2.0,69.0,2
1386,Brookefield,1200.0,3.0,140.0,3
1387,Brookefield,1142.0,2.0,70.0,2
1389,Brookefield,2169.0,4.0,115.0,3
1390,Brookefield,1595.0,3.0,88.0,3
1391,Brookefield,1476.0,3.0,105.0,3
1392,Brookefield,1700.0,4.0,152.0,4
1393,Brookefield,1262.0,2.0,75.0,2
1394,Brookefield,1139.0,2.0,80.0,2
1395,Brookefield,1125.0,2.0,70.0,2
1396,Brookefield,1420.0,3.0,85.0,3
1397,Brookefield,3532.0,3.0,170.0,4
1398,Brookefield,941.0,2.0,48.0,2
1400,Brookefield,1410.0,2.0,80.0,3
1401,Brookefield,1100.0,2.0,55.0,2
1402,Brookefield,2400.0,3.0,140.0,4
1403,Brookefield,1225.0,2.0,66.5,2
1404,Brookefield,1950.0,6.0,175.0,5
1405,Brookefield,1080.0,2.0,50.0,2
1406,Brookefield,1230.0,2.0,55.0,2
1407,Brookefield,1200.0,2.0,75.0,2
1408,Brookefield,1089.0,2.0,49.0,2
1409,Brookefield,1130.0,2.0,56.0,2
1410,Brookefield,1270.0,2.0,95.0,2
1411,Brookefield,1706.0,3.0,115.0,3
1412,Brookefield,1389.0,2.0,94.0,2
1414,Brookefield,1500.0,5.0,160.0,4
1415,Brookefield,1225.0,2.0,72.0,2
1416,Brookefield,3675.0,4.0,176.0,4
1417,Brookefield,1746.0,3.0,115.0,3
1418,Brookefield,1518.0,3.0,80.0,3
1419,Brookefield,1560.0,3.0,149.0,4
1421,Brookefield,1382.0,2.0,84.5,2
1422,Brookefield,1260.0,2.0,70.0,2
1423,Brookefield,1206.0,2.0,90.0,2
1424,Brookefield,3050.0,4.0,130.0,4
1425,Brookefield,1594.0,3.0,140.0,3
1426,Brookefield,1588.0,2.0,58.0,2
1427,Budigere,1153.0,2.0,56.4,2
1428,Budigere,1162.0,2.0,59.9,2
1429,Budigere,1991.0,4.0,103.0,3
1430,Budigere,1153.0,2.0,57.0,2
1431,Budigere,1162.0,2.0,57.0,2
1432,Budigere,764.0,1.0,32.0,1
1433,Budigere,1139.0,2.0,62.0,2
1434,Budigere,1139.0,2.0,56.8,2
1435,Budigere,1139.0,2.0,56.85,2
1437,Budigere,1991.0,4.0,100.0,3
1438,Budigere,1820.0,3.0,93.0,3
1439,Budigere,1636.0,3.0,85.0,3
1440,Budigere,1444.0,2.0,70.0,2
1442,Budigere,1139.0,2.0,60.0,2
1444,Budigere,1820.0,3.0,93.0,3
1446,Budigere,1162.0,2.0,58.0,2
1447,Budigere,1636.0,3.0,85.0,3
1448,Budigere,1636.0,3.0,92.0,3
1449,Budigere,1087.0,2.0,54.3,2
1450,Budigere,1820.0,3.0,89.0,3
1451,Budigere,1149.0,2.0,65.0,2
1452,Budigere,1153.0,2.0,56.7,2
1454,Budigere,1139.0,2.0,72.0,2
1455,Budigere,1139.0,2.0,56.5,2
1456,Budigere,1636.0,3.0,83.0,3
1458,Budigere,1162.0,2.0,58.0,2
1459,Budigere,1153.0,2.0,60.0,2
1460,Budigere,1820.0,3.0,99.0,3
1461,Budigere,1172.0,2.0,56.725,2
1464,Budigere,1820.0,3.0,95.0,3
1465,Budigere,1991.0,4.0,100.0,3
1466,Budigere,1820.0,3.0,95.5,3
1467,Budigere,1153.0,2.0,56.0,2
1468,Budigere,1153.0,2.0,56.5,2
1469,Budigere,1153.0,2.0,58.0,2
1470,Budigere,1636.0,3.0,88.0,3
1471,Budigere,1153.0,2.0,56.55,2
1472,Budigere,1153.0,2.0,56.5,2
1473,Budigere,1153.0,2.0,60.0,2
1474,CV Raman Nagar,1120.0,2.0,55.0,2
1475,CV Raman Nagar,1070.0,2.0,55.0,2
1476,CV Raman Nagar,740.0,2.0,37.0,2
1477,CV Raman Nagar,1028.0,2.0,49.0,2
1478,CV Raman Nagar,1392.0,2.0,98.0,2
1479,CV Raman Nagar,1070.0,2.0,47.5,2
1480,CV Raman Nagar,1825.0,3.0,126.0,3
1481,CV Raman Nagar,1025.0,2.0,50.0,2
1483,CV Raman Nagar,1198.0,2.0,60.0,2
1484,CV Raman Nagar,1560.0,2.0,85.0,2
1485,CV Raman Nagar,1590.0,2.0,85.0,3
1486,CV Raman Nagar,1100.0,2.0,58.0,2
1487,CV Raman Nagar,1051.0,2.0,61.0,2
1488,CV Raman Nagar,1000.0,2.0,38.5,2
1489,CV Raman Nagar,1020.0,2.0,55.0,2
1490,CV Raman Nagar,1285.0,2.0,65.0,2
1491,CV Raman Nagar,1030.0,2.0,35.0,2
1492,CV Raman Nagar,1040.0,2.0,50.0,2
1493,CV Raman Nagar,1392.0,2.0,95.0,2
1494,CV Raman Nagar,1125.0,2.0,46.0,2
1495,CV Raman Nagar,1400.0,2.0,78.0,3
1496,CV Raman Nagar,1400.0,2.0,78.0,3
1497,CV Raman Nagar,907.0,2.0,38.0,2
1498,CV Raman Nagar,1392.0,2.0,110.0,2
1500,CV Raman Nagar,1310.0,2.0,62.0,2
1501,Chamrajpet,1475.0,2.0,120.0,3
1502,Chamrajpet,1900.0,2.0,170.0,4
1503,Chamrajpet,1350.0,2.0,180.0,2
1504,Chamrajpet,1050.0,2.0,162.0,2
1505,Chamrajpet,1660.4,4.0,211.0,4
1506,Chamrajpet,505.0,1.0,85.0,1
1507,Chamrajpet,1565.0,3.0,98.91,3
1508,Chamrajpet,730.0,1.0,52.0,2
1509,Chamrajpet,650.0,1.0,40.0,2
1510,Chamrajpet,650.0,2.0,45.0,2
1511,Chamrajpet,1650.0,3.0,115.0,3
1513,Chandapura,645.0,1.0,16.45,1
1514,Chandapura,645.0,1.0,16.45,1
1517,Chandapura,1208.0,3.0,45.0,3
1523,Chandapura,1065.0,2.0,33.0,3
1527,Chandapura,645.0,1.0,16.45,1
1528,Chandapura,630.0,1.0,13.86,1
1532,Chandapura,1107.0,2.0,43.0,3
1536,Chandapura,645.0,1.0,16.45,1
1537,Chandapura,1200.0,5.0,92.0,4
1539,Chandapura,645.0,1.0,16.45,1
1543,Chandapura,1095.0,2.0,32.0,3
1545,Chandapura,1208.51,3.0,42.0,3
1547,Chandapura,645.0,1.0,16.45,1
1549,Chandapura,645.0,1.0,16.45,1
1555,Chandapura,645.0,1.0,16.45,1
1559,Chandapura,645.0,1.0,16.45,1
1572,Chandapura,1033.0,2.0,30.47,3
1573,Chandapura,971.0,2.0,38.0,3
1575,Chandapura,3300.0,4.0,135.0,4
1580,Chandapura,1200.0,2.0,52.0,3
1583,Chandapura,645.0,1.0,16.45,1
1584,Chandapura,645.0,1.0,16.45,1
1588,Chandapura,1200.0,3.0,65.0,3
1591,Channasandra,1009.0,2.0,38.34,2
1592,Channasandra,1065.0,2.0,35.0,2
1593,Channasandra,1470.0,2.0,90.0,3
1594,Channasandra,1115.0,2.0,33.45,2
1595,Channasandra,1030.0,2.0,34.5,2
1596,Channasandra,1115.0,2.0,40.0,2
1597,Channasandra,1200.0,3.0,67.77,3
1598,Channasandra,1104.0,2.0,35.5,2
1599,Channasandra,1160.0,2.0,55.0,2
1600,Channasandra,1050.0,2.0,41.0,2
1601,Channasandra,1065.0,2.0,40.47,2
1603,Channasandra,1070.0,2.0,38.0,2
1604,Channasandra,1050.0,2.0,35.0,2
1605,Channasandra,1093.0,2.0,34.0,2
1606,Channasandra,808.0,2.0,40.0,2
1607,Channasandra,1010.0,2.0,36.0,2
1608,Channasandra,1123.0,2.0,36.0,2
1609,Channasandra,1000.0,2.0,35.0,2
1610,Channasandra,1500.0,4.0,89.45,4
1611,Channasandra,1330.0,2.0,51.83,3
1612,Channasandra,1093.0,2.0,37.0,2
1613,Channasandra,1115.0,2.0,35.8,2
1614,Channasandra,1500.0,3.0,61.95,3
1616,Channasandra,830.0,2.0,36.28,2
1617,Channasandra,1200.0,3.0,67.77,3
1618,Channasandra,1195.0,2.0,56.0,3
1619,Channasandra,1175.0,2.0,38.0,2
1620,Channasandra,1200.0,2.0,46.13,2
1621,Channasandra,1065.0,2.0,36.0,2
1622,Channasandra,1050.0,2.0,44.41,2
1623,Channasandra,1010.0,2.0,32.0,2
1624,Chikka Tirupathi,2600.0,5.0,120.0,4
1625,Chikka Tirupathi,2325.0,4.0,120.0,4
1626,Chikka Tirupathi,3297.0,3.0,135.0,3
1627,Chikka Tirupathi,1616.0,3.0,95.0,3
1628,Chikka Tirupathi,2704.0,5.0,105.0,4
1629,Chikka Tirupathi,1555.0,3.0,100.0,3
1630,Chikka Tirupathi,2325.0,4.0,120.0,4
1631,Chikka Tirupathi,3250.0,4.0,136.0,4
1632,Chikka Tirupathi,2153.0,4.0,120.0,3
1633,Chikka Tirupathi,2665.0,5.0,125.0,4
1634,Chikkabanavar,950.0,2.0,40.0,2
1635,Chikkabanavar,1600.0,2.0,80.0,3
1636,Chikkabanavar,2460.0,7.0,80.0,4
1637,Chikkabanavar,1500.0,4.0,105.0,4
1638,Chikkabanavar,2400.0,4.0,97.0,5
1639,Chikkabanavar,2000.0,4.0,65.0,5
1640,Chikkabanavar,1067.0,2.0,38.0,2
1641,Chikkabanavar,1320.0,2.0,46.0,3
1642,Chikkabanavar,4000.0,7.0,110.0,8
1643,Chikkalasandra,1290.0,2.0,56.12,3
1644,Chikkalasandra,1100.0,2.0,50.0,2
1645,Chikkalasandra,1208.0,2.0,49.0,2
1646,Chikkalasandra,875.0,2.0,52.8,2
1648,Chikkalasandra,1070.0,2.0,50.0,2
1649,Chikkalasandra,1230.0,2.0,48.0,2
1650,Chikkalasandra,1428.0,2.0,80.0,3
1651,Chikkalasandra,1070.0,2.0,42.8,2
1653,Chikkalasandra,1270.0,2.0,55.25,3
1655,Chikkalasandra,1075.0,2.0,46.76,2
1656,Chikkalasandra,1230.0,2.0,53.51,3
1657,Chikkalasandra,1290.0,2.0,56.12,3
1658,Chikkalasandra,1070.0,2.0,45.48,2
1659,Chikkalasandra,1100.0,2.0,50.0,2
1660,Chikkalasandra,1390.0,2.0,60.47,3
1661,Chikkalasandra,1265.0,2.0,53.12,3
1662,Chikkalasandra,1224.0,2.0,45.0,2
1663,Chikkalasandra,1090.0,2.0,47.42,2
1666,Chikkalasandra,1325.0,2.0,59.0,2
1667,Chikkalasandra,1290.0,2.0,72.0,2
1668,Chikkalasandra,1275.0,2.0,55.46,3
1670,Choodasandra,1115.0,2.0,50.0,2
1671,Choodasandra,1300.0,2.0,57.0,2
1672,Choodasandra,1530.0,3.0,77.0,3
1673,Choodasandra,1220.0,3.0,56.0,3
1674,Choodasandra,1220.0,3.0,56.0,3
1675,Choodasandra,1197.0,2.0,63.0,2
1676,Choodasandra,1465.0,3.0,75.0,3
1677,Choodasandra,1115.0,2.0,50.0,2
1678,Choodasandra,1215.0,2.0,59.0,2
1679,Choodasandra,1254.0,2.0,65.0,3
1680,Choodasandra,1580.0,3.0,105.0,3
1681,Choodasandra,725.0,2.0,36.0,2
1682,Choodasandra,1220.0,3.0,56.0,3
1683,Choodasandra,1075.0,2.0,45.0,2
1684,Choodasandra,1180.0,2.0,71.22,2
1685,Choodasandra,1140.0,2.0,62.0,2
1686,Choodasandra,1220.0,3.0,56.0,3
1687,Choodasandra,1560.0,3.0,78.0,3
1688,Choodasandra,1065.0,2.0,46.0,2
1689,Choodasandra,1115.0,2.0,50.0,2
1690,Choodasandra,1220.0,3.0,56.0,3
1691,Choodasandra,1115.0,2.0,50.0,2
1692,Cooke Town,565.0,1.0,35.0,1
1693,Cooke Town,2388.0,4.0,239.0,3
1694,Cooke Town,1710.0,2.0,200.0,2
1695,Cooke Town,2560.0,4.0,310.0,3
1696,Cooke Town,2300.0,3.0,250.0,3
1697,Cooke Town,1600.0,3.0,260.0,3
1698,Cox Town,1975.0,3.0,150.0,3
1699,Cox Town,605.0,1.0,29.0,1
1701,Cox Town,1730.0,3.0,140.0,3
1702,Cox Town,1600.0,3.0,150.0,3
1703,Cox Town,1250.0,2.0,95.0,2
1704,Cox Town,1100.0,2.0,166.0,2
1705,Cox Town,1280.0,2.0,120.0,2
1706,Cox Town,1073.0,2.0,72.0,2
1707,Cox Town,1000.0,2.0,58.0,2
1708,Cox Town,1200.0,2.0,140.0,2
1709,Cunningham Road,3875.0,3.0,864.0,3
1710,Cunningham Road,3875.0,3.0,800.0,3
1711,Cunningham Road,3815.0,3.0,763.0,3
1712,Cunningham Road,2880.0,3.0,501.0,3
1713,Cunningham Road,3489.0,3.0,662.0,3
1714,Cunningham Road,4170.0,3.0,800.0,3
1715,Cunningham Road,5108.0,5.0,995.0,4
1716,Cunningham Road,2925.0,5.0,936.0,5
1717,Cunningham Road,2700.0,3.0,501.0,3
1718,Cunningham Road,2880.0,3.0,560.0,3
1719,Dasanapura,965.0,2.0,42.5,2
1720,Dasanapura,708.0,1.0,28.32,1
1721,Dasanapura,814.0,2.0,42.0,2
1722,Dasanapura,1163.0,2.0,65.0,2
1724,Dasanapura,708.0,2.0,31.15,2
1725,Dasanapura,814.0,2.0,53.0,2
1726,Dasanapura,966.0,2.0,58.0,2
1727,Dasanapura,814.0,2.0,43.7,2
1728,Dasarahalli,1295.0,2.0,65.0,2
1729,Dasarahalli,1520.0,2.0,75.0,3
1730,Dasarahalli,1300.0,2.0,55.0,2
1731,Dasarahalli,1901.0,3.0,119.0,3
1732,Dasarahalli,1150.0,2.0,70.0,2
1733,Dasarahalli,2100.0,3.0,120.0,3
1734,Dasarahalli,1220.0,2.0,52.0,2
1735,Dasarahalli,1375.0,2.0,60.0,2
1736,Dasarahalli,1333.0,2.0,86.65,2
1737,Dasarahalli,1333.0,2.0,78.56,2
1738,Dasarahalli,1220.0,2.0,62.0,2
1739,Dasarahalli,1160.0,2.0,49.0,2
1740,Devanahalli,3210.0,2.0,192.0,4
1742,Devanahalli,1282.0,2.0,68.52,3
1744,Devanahalli,1630.0,2.0,74.82,3
1745,Devanahalli,1408.0,2.0,85.0,2
1749,Devanahalli,2400.0,5.0,100.0,5
1751,Devanahalli,1282.0,2.0,52.43,3
1753,Devanahalli,1600.0,3.0,180.0,3
1754,Devanahalli,3752.5,2.0,177.115,2
1755,Devanahalli,2400.0,5.0,190.0,4
1756,Devanahalli,1200.0,1.0,95.0,1
1757,Devanahalli,658.0,1.0,34.0,1
1758,Devanahalli,658.0,1.0,26.91,1
1759,Devanahalli,698.5,1.0,28.57,1
1761,Devanahalli,1200.0,3.0,145.0,3
1762,Devanahalli,1700.0,3.0,88.2,3
1763,Devanahalli,1498.0,3.0,79.15,3
1764,Devanahalli,1466.0,3.0,77.59,3
1765,Devanahalli,775.0,1.0,39.0,1
1766,Devanahalli,1020.0,2.0,49.87,1
1768,Devanahalli,1550.0,3.0,85.0,3
1769,Devanahalli,1200.0,2.0,55.08,3
1771,Devanahalli,2125.0,3.0,107.0,3
1774,Devanahalli,658.0,1.0,26.91,1
1775,Devanahalli,1290.0,2.0,62.0,3
1776,Devanahalli,1010.0,2.0,58.0,2
1777,Devanahalli,1466.0,3.0,59.96,3
1778,Devanahalli,1520.0,2.0,69.76,3
1779,Devanahalli,1075.0,2.0,52.57,1
1781,Devarachikkanahalli,1250.0,2.0,40.0,2
1782,Devarachikkanahalli,1200.0,2.0,83.0,2
1783,Devarachikkanahalli,1170.0,2.0,40.0,2
1784,Devarachikkanahalli,1230.0,2.0,58.0,2
1785,Devarachikkanahalli,1425.0,2.0,65.0,3
1786,Devarachikkanahalli,947.0,2.0,43.0,2
1787,Devarachikkanahalli,1130.0,2.0,36.0,2
1788,Devarachikkanahalli,1417.0,2.0,76.0,3
1789,Devarachikkanahalli,1230.0,2.0,58.0,2
1790,Devarachikkanahalli,1705.0,3.0,75.0,3
1791,Devarachikkanahalli,1116.0,2.0,47.0,2
1792,Devarachikkanahalli,991.0,2.0,40.0,2
1793,Devarachikkanahalli,1700.0,3.0,71.0,3
1794,Dodda Nekkundi,1260.0,2.0,55.0,2
1795,Dodda Nekkundi,850.0,2.0,28.0,2
1796,Dodda Nekkundi,1390.0,2.0,60.0,2
1797,Dodda Nekkundi,1804.0,3.0,121.0,3
1798,Dodda Nekkundi,1080.0,2.0,50.0,2
1799,Dodda Nekkundi,1999.0,3.0,132.0,3
1800,Dodda Nekkundi,1100.0,2.0,48.0,2
1801,Dodda Nekkundi,1999.0,3.0,135.0,3
1802,Dodda Nekkundi,1100.0,2.0,41.15,2
1803,Dodda Nekkundi,1252.0,2.0,71.0,3
1804,Dodda Nekkundi,1155.0,2.0,46.0,2
1805,Dodda Nekkundi,1128.0,2.0,45.0,2
1806,Dodda Nekkundi,1148.0,2.0,56.0,2
1808,Dodda Nekkundi,1145.0,2.0,46.5,2
1809,Dodda Nekkundi,1829.0,3.0,125.0,3
1810,Dodda Nekkundi,1100.0,2.0,41.16,2
1811,Dodda Nekkundi,1100.0,2.0,46.75,2
1812,Dodda Nekkundi,1315.0,2.0,50.0,2
1813,Dodda Nekkundi,1135.0,2.0,58.0,2
1814,Dodda Nekkundi,1100.0,2.0,41.18,2
1815,Dodda Nekkundi,1370.0,2.0,60.0,2
1816,Dodda Nekkundi,1200.0,2.0,71.0,2
1817,Dodda Nekkundi,1585.0,2.0,79.0,3
1818,Dodda Nekkundi,1005.0,2.0,45.0,2
1819,Dodda Nekkundi,1264.0,2.0,52.0,2
1820,Doddaballapur,2776.0,4.0,195.0,3
1821,Doddaballapur,640.0,1.0,10.5,2
1822,Doddaballapur,2400.0,3.0,250.0,3
1823,Doddaballapur,2440.0,3.0,142.0,3
1824,Doddaballapur,2400.0,3.0,200.0,4
1825,Doddaballapur,654.0,1.0,49.0,1
1826,Doddaballapur,3206.0,5.0,270.0,4
1827,Doddakallasandra,1010.0,2.0,40.39,2
1832,Doddakallasandra,1010.0,2.0,40.39,2
1833,Doddakallasandra,1072.0,2.0,42.87,2
1834,Doddakallasandra,1010.0,2.0,40.4,2
1835,Doddakallasandra,1010.0,2.0,41.0,2
1836,Doddakallasandra,1072.0,2.0,42.87,2
1837,Doddathoguru,970.0,2.0,33.0,2
1838,Doddathoguru,1100.0,2.0,62.0,2
1839,Doddathoguru,1050.0,2.0,32.0,2
1840,Doddathoguru,850.0,2.0,25.0,2
1841,Doddathoguru,1200.0,2.0,75.0,2
1842,Doddathoguru,1030.0,2.0,42.0,2
1844,Doddathoguru,984.0,2.0,51.0,2
1845,Doddathoguru,1015.0,2.0,33.5,2
1846,Doddathoguru,1104.0,2.0,39.0,2
1847,Doddathoguru,915.0,2.0,32.0,2
1848,Doddathoguru,750.0,1.0,25.5,1
1850,Doddathoguru,855.0,2.0,32.0,2
1851,Doddathoguru,1105.0,2.0,50.0,2
1852,Doddathoguru,925.0,2.0,30.0,2
1854,Doddathoguru,1100.0,2.0,50.0,2
1855,Doddathoguru,940.0,2.0,32.9,2
1856,Doddathoguru,1382.0,3.0,65.0,3
1857,Doddathoguru,1107.0,2.0,44.0,2
1858,Doddathoguru,907.0,2.0,40.0,2
1859,Doddathoguru,1783.0,3.0,85.0,3
1860,Domlur,1540.0,3.0,90.0,3
1861,Domlur,1875.0,2.0,150.0,3
1862,Domlur,1429.0,3.0,86.0,3
1863,Domlur,1206.0,2.0,217.0,2
1864,Domlur,640.0,1.0,55.0,1
1865,Domlur,1050.0,2.0,85.0,2
1866,Domlur,1800.0,3.0,150.0,3
1867,Domlur,1720.0,3.0,135.0,3
1868,Domlur,1950.0,3.0,165.0,3
1869,Domlur,2180.0,3.0,285.0,3
1870,Domlur,650.0,1.0,70.0,1
1871,Domlur,780.0,1.0,70.0,1
1872,Domlur,2180.0,3.0,285.0,3
1873,Domlur,1740.0,3.0,120.0,3
1874,Domlur,1695.0,3.0,125.0,3
1875,Domlur,1246.0,2.0,95.0,2
1876,Domlur,2100.0,3.0,145.0,3
1877,Domlur,1276.0,2.0,80.0,2
1878,Domlur,1850.0,3.0,180.0,3
1879,Domlur,2955.0,3.0,235.0,3
1880,Domlur,1650.0,3.0,180.0,3
1881,Dommasandra,805.0,2.0,22.14,2
1883,Dommasandra,1267.0,3.0,56.0,3
1884,Dommasandra,1200.0,2.0,50.0,2
1886,Dommasandra,1153.0,2.0,43.5,2
1887,Dommasandra,1090.0,2.0,43.5,2
1888,Dommasandra,850.0,2.0,25.4,2
1889,Dommasandra,999.0,2.0,32.9,2
1890,EPIP Zone,1499.0,5.0,102.0,3
1891,EPIP Zone,1285.0,2.0,82.0,2
1892,EPIP Zone,2330.0,3.0,162.0,3
1893,EPIP Zone,1330.0,2.0,92.5,2
1894,EPIP Zone,1330.0,2.0,86.98,2
1895,EPIP Zone,1330.0,2.0,93.36,2
1896,EPIP Zone,2160.0,4.0,172.0,3
1897,EPIP Zone,1500.0,3.0,102.0,3
1898,EPIP Zone,1125.0,2.0,65.0,2
1899,EPIP Zone,1734.0,3.0,125.0,3
1900,EPIP Zone,1343.0,2.0,86.0,2
1901,EPIP Zone,2350.0,4.0,163.0,3
1902,EPIP Zone,1860.0,3.0,130.0,3
1903,EPIP Zone,2210.0,3.0,165.0,3
1904,EPIP Zone,3800.0,5.0,170.0,4
1905,EPIP Zone,2710.0,3.0,177.0,3
1906,Electronic City,660.0,1.0,23.1,2
1915,Electronic City,770.0,1.0,36.0,2
1919,Electronic City,1200.0,3.0,90.0,3
1924,Electronic City,630.0,1.0,34.65,1
1926,Electronic City,1599.0,3.0,125.0,3
1943,Electronic City,2000.0,4.0,120.0,4
1951,Electronic City,770.0,1.0,40.0,2
1963,Electronic City,755.0,1.0,34.0,2
1965,Electronic City,4000.0,5.0,150.0,4
1978,Electronic City,700.0,1.0,35.0,1
1981,Electronic City,1571.0,3.0,105.0,3
1985,Electronic City,1600.0,3.0,104.0,3
1987,Electronic City,1500.0,2.0,100.0,3
2001,Electronic City,660.0,1.0,18.0,2
2002,Electronic City,660.0,1.0,15.0,2
2007,Electronic City,1449.0,3.0,100.0,3
2011,Electronic City,1575.0,3.0,101.0,3
2012,Electronic City,660.0,1.0,16.0,2
2036,Electronic City,660.0,1.0,15.5,2
2045,Electronic City,1140.0,2.0,70.93,2
2053,Electronic City,940.0,2.0,54.0,2
2061,Electronic City,770.0,1.0,39.9,2
2064,Electronic City,605.0,1.0,13.31,1
2072,Electronic City,1652.0,3.0,110.0,3
2077,Electronic City,1355.0,2.0,97.6,2
2078,Electronic City,635.0,1.0,28.0,1
2086,Electronic City,1609.0,3.0,115.0,3
2087,Electronic City,770.0,1.0,35.0,2
2095,Electronic City,605.0,1.0,22.0,1
2100,Electronic City,635.0,1.0,28.0,1
2110,Electronic City,630.0,1.0,33.7,1
2113,Electronic City,660.0,1.0,16.5,2
2116,Electronic City,1258.0,2.0,85.5,2
2123,Electronic City,770.0,1.0,38.0,2
2127,Electronic City,660.0,1.0,23.0,2
2136,Electronic City,710.0,1.0,40.42,1
2141,Electronic City,1090.0,2.0,31.48,1
2147,Electronic City,660.0,1.0,18.0,2
2152,Electronic City,750.0,1.0,35.0,1
2165,Electronic City,1342.0,2.0,90.0,2
2176,Electronic City,2093.0,4.0,134.0,4
2181,Electronic City Phase II,1056.0,2.0,39.07,2
2182,Electronic City Phase II,1020.0,2.0,30.6,2
2183,Electronic City Phase II,1069.0,2.0,45.0,2
2185,Electronic City Phase II,1000.0,2.0,25.0,2
2186,Electronic City Phase II,1090.0,2.0,28.34,2
2187,Electronic City Phase II,2225.0,4.0,98.88,4
2189,Electronic City Phase II,775.0,2.0,38.0,2
2190,Electronic City Phase II,1266.0,2.0,59.0,2
2191,Electronic City Phase II,1000.0,2.0,28.88,2
2194,Electronic City Phase II,972.0,2.0,44.0,2
2196,Electronic City Phase II,1031.0,2.0,55.0,2
2197,Electronic City Phase II,1003.0,2.0,40.6,2
2198,Electronic City Phase II,1031.0,2.0,56.35,2
2200,Electronic City Phase II,1205.0,2.0,75.0,2
2201,Electronic City Phase II,1395.0,2.0,62.78,3
2202,Electronic City Phase II,1160.0,2.0,33.5,2
2203,Electronic City Phase II,1065.0,2.0,30.75,2
2204,Electronic City Phase II,1219.0,2.0,61.25,2
2206,Electronic City Phase II,1000.0,2.0,28.88,2
2207,Electronic City Phase II,1790.0,3.0,100.0,3
2209,Electronic City Phase II,900.0,2.0,32.5,2
2212,Electronic City Phase II,993.0,2.0,50.0,3
2213,Electronic City Phase II,1418.0,3.0,52.47,3
2214,Electronic City Phase II,1070.0,2.0,45.0,2
2217,Electronic City Phase II,1140.0,2.0,33.06,2
2218,Electronic City Phase II,1089.0,2.0,32.67,2
2219,Electronic City Phase II,1031.0,2.0,55.0,2
2220,Electronic City Phase II,1253.0,2.0,65.8,2
2222,Electronic City Phase II,1160.0,2.0,33.5,2
2223,Electronic City Phase II,975.0,2.0,45.0,3
2224,Electronic City Phase II,1116.0,2.0,37.0,2
2225,Electronic City Phase II,1125.0,2.0,29.25,2
2226,Electronic City Phase II,1000.0,2.0,28.88,2
2227,Electronic City Phase II,1000.0,2.0,28.88,2
2228,Electronic City Phase II,1000.0,2.0,28.88,2
2229,Electronic City Phase II,1165.0,2.0,30.29,2
2230,Electronic City Phase II,1031.0,2.0,53.0,2
2232,Electronic City Phase II,1065.0,2.0,30.88,2
2234,Electronic City Phase II,1549.0,3.0,80.0,3
2235,Electronic City Phase II,1065.0,2.0,56.13,2
2237,Electronic City Phase II,920.0,2.0,26.0,2
2238,Electronic City Phase II,1140.0,2.0,33.84,2
2239,Electronic City Phase II,1219.0,2.0,61.26,2
2240,Electronic City Phase II,1252.0,2.0,65.0,3
2241,Electronic City Phase II,1125.0,2.0,32.49,2
2243,Electronic City Phase II,1286.0,2.0,69.0,2
2245,Electronic City Phase II,1140.0,2.0,32.92,2
2246,Electronic City Phase II,1116.0,2.0,40.0,2
2247,Electronic City Phase II,1150.0,3.0,46.0,3
2248,Electronic City Phase II,1192.0,2.0,47.0,3
2250,Electronic City Phase II,1020.0,2.0,32.0,2
2251,Electronic City Phase II,1900.0,3.0,97.0,4
2252,Electronic City Phase II,1020.0,2.0,27.43,2
2253,Electronic City Phase II,1025.0,2.0,26.65,2
2254,Electronic City Phase II,1020.0,2.0,29.45,2
2255,Electronic City Phase II,1000.0,2.0,28.88,2
2257,Electronic City Phase II,1140.0,2.0,28.5,2
2258,Electronic City Phase II,1125.0,2.0,32.49,2
2259,Electronic City Phase II,1200.0,2.0,34.65,2
2260,Electronic City Phase II,1160.0,2.0,52.2,2
2261,Electronic City Phase II,1244.0,2.0,55.0,2
2262,Electronic City Phase II,1160.0,2.0,33.51,2
2265,Electronic City Phase II,972.0,2.0,40.0,2
2266,Electronic City Phase II,1160.0,2.0,33.51,2
2268,Electronic City Phase II,1090.0,2.0,31.48,2
2269,Electronic City Phase II,1140.0,2.0,32.92,2
2270,Electronic City Phase II,1155.0,2.0,57.0,2
2271,Electronic City Phase II,1800.0,3.0,92.0,3
2272,Electronic City Phase II,1300.0,2.0,28.0,2
2273,Electronic City Phase II,1160.0,2.0,33.5,2
2274,Electronic City Phase II,1025.0,2.0,29.6,2
2275,Electronic City Phase II,829.0,2.0,22.8,2
2276,Electronic City Phase II,2187.5,4.0,105.0,4
2277,Electronic City Phase II,1252.0,2.0,67.0,2
2279,Electronic City Phase II,1125.0,2.0,32.63,2
2280,Electronic City Phase II,1140.0,2.0,34.0,2
2283,Electronic City Phase II,1252.0,2.0,65.0,3
2284,Electronic City Phase II,1135.0,2.0,46.0,2
2285,Electronic City Phase II,1305.0,3.0,65.0,3
2286,Electronic City Phase II,1165.0,2.0,33.64,2
2288,Electronic City Phase II,1336.0,2.0,50.35,3
2289,Electronic City Phase II,925.0,2.0,49.82,3
2290,Electronic City Phase II,1065.0,2.0,30.76,2
2291,Electronic City Phase II,1065.0,2.0,30.75,2
2292,Electronic City Phase II,1140.0,2.0,33.06,2
2293,Electronic City Phase II,911.0,2.0,26.5,2
2294,Electronic City Phase II,1200.0,2.0,34.65,2
2295,Electronic City Phase II,1031.0,2.0,54.48,2
2298,Electronics City Phase 1,1070.0,2.0,45.5,2
2299,Electronics City Phase 1,1475.0,3.0,78.29,3
2300,Electronics City Phase 1,1490.0,3.0,78.8,3
2301,Electronics City Phase 1,1113.27,2.0,53.0,2
2302,Electronics City Phase 1,1490.0,3.0,84.0,3
2303,Electronics City Phase 1,1175.0,2.0,51.47,2
2304,Electronics City Phase 1,950.0,2.0,31.0,2
2305,Electronics City Phase 1,1160.0,2.0,52.0,2
2306,Electronics City Phase 1,920.0,2.0,33.0,2
2307,Electronics City Phase 1,1750.0,3.0,84.0,3
2309,Electronics City Phase 1,940.0,2.0,40.0,2
2310,Electronics City Phase 1,1150.0,2.0,39.0,2
2311,Electronics City Phase 1,1015.0,2.0,56.0,2
2312,Electronics City Phase 1,1595.0,3.0,75.0,3
2313,Electronics City Phase 1,1515.0,2.0,80.91,3
2314,Electronics City Phase 1,995.0,2.0,46.0,2
2315,Electronics City Phase 1,1555.0,2.0,82.0,3
2316,Electronics City Phase 1,1340.0,2.0,75.0,2
2317,Electronics City Phase 1,1124.0,2.0,55.0,3
2318,Electronics City Phase 1,1175.0,2.0,57.0,2
2319,Electronics City Phase 1,755.0,1.0,42.41,1
2320,Electronics City Phase 1,919.0,2.0,28.0,2
2321,Electronics City Phase 1,950.0,2.0,33.0,2
2322,Electronics City Phase 1,940.0,2.0,49.0,2
2323,Electronics City Phase 1,1335.0,2.0,67.0,2
2324,Electronics City Phase 1,1175.0,2.0,69.0,2
2325,Electronics City Phase 1,1113.12,2.0,55.0,2
2326,Electronics City Phase 1,995.0,2.0,42.0,2
2327,Electronics City Phase 1,1350.0,3.0,71.0,3
2329,Electronics City Phase 1,995.0,2.0,49.8,2
2330,Electronics City Phase 1,1190.0,2.0,68.0,2
2331,Electronics City Phase 1,1085.0,2.0,46.0,2
2332,Electronics City Phase 1,1450.0,3.0,72.54,3
2333,Electronics City Phase 1,1175.0,2.0,64.98,2
2334,Electronics City Phase 1,1200.0,2.0,59.76,2
2335,Electronics City Phase 1,1145.0,2.0,54.0,2
2336,Electronics City Phase 1,1125.0,2.0,65.0,2
2338,Electronics City Phase 1,1550.0,2.0,82.0,3
2339,Electronics City Phase 1,1175.0,2.0,50.0,2
2340,Electronics City Phase 1,1245.0,2.0,75.0,2
2341,Electronics City Phase 1,865.0,2.0,40.0,2
2342,Electronics City Phase 1,1450.0,3.0,70.0,3
2345,Electronics City Phase 1,1800.0,3.0,93.0,3
2346,Electronics City Phase 1,1314.0,2.0,60.0,2
2347,Electronics City Phase 1,1170.0,2.0,62.0,2
2348,Electronics City Phase 1,1450.0,3.0,79.0,3
2349,Electronics City Phase 1,940.0,2.0,48.0,2
2350,Electronics City Phase 1,940.0,2.0,44.0,2
2351,Electronics City Phase 1,1300.0,2.0,67.0,2
2352,Electronics City Phase 1,1000.0,2.0,28.0,2
2353,Electronics City Phase 1,1028.0,2.0,51.0,2
2354,Electronics City Phase 1,1080.0,2.0,46.0,2
2355,Electronics City Phase 1,891.0,2.0,24.95,2
2356,Electronics City Phase 1,1032.0,2.0,31.99,2
2357,Electronics City Phase 1,1205.0,2.0,60.0,2
2358,Electronics City Phase 1,891.0,2.0,26.0,2
2359,Electronics City Phase 1,1900.0,3.0,85.0,3
2360,Electronics City Phase 1,1305.0,2.0,67.0,2
2361,Electronics City Phase 1,755.0,1.0,30.12,1
2362,Electronics City Phase 1,1175.0,2.0,60.0,2
2363,Electronics City Phase 1,1700.0,3.0,111.0,3
2364,Frazer Town,1700.0,3.0,180.0,3
2365,Frazer Town,1870.0,3.0,185.0,3
2366,Frazer Town,1750.0,3.0,150.0,3
2367,Frazer Town,4850.0,6.0,385.0,4
2368,Frazer Town,2000.0,3.0,200.0,3
2369,Frazer Town,3500.0,4.0,330.0,3
2370,Frazer Town,2350.0,4.0,285.0,3
2371,Frazer Town,1550.0,2.0,140.0,2
2372,Frazer Town,1900.0,4.0,145.0,3
2373,Frazer Town,2560.0,3.0,265.0,3
2374,Frazer Town,2400.0,3.0,260.0,3
2375,Frazer Town,2560.0,3.0,288.0,3
2376,Frazer Town,3436.0,5.0,341.0,4
2377,Frazer Town,1315.0,2.0,140.0,2
2378,Frazer Town,1706.0,3.0,154.0,3
2379,Frazer Town,2079.0,3.0,220.0,3
2380,Frazer Town,3435.0,2.0,341.0,4
2381,Frazer Town,3436.0,5.0,345.0,4
2382,Frazer Town,560.0,1.0,90.0,1
2383,Frazer Town,5400.0,3.0,400.0,3
2384,Frazer Town,1180.0,2.0,105.0,2
2385,Frazer Town,2900.0,4.0,325.0,4
2386,Frazer Town,2214.0,3.0,350.0,3
2387,Frazer Town,1870.0,3.0,180.0,3
2388,Frazer Town,896.0,1.0,100.0,1
2389,Frazer Town,1420.0,2.0,120.0,2
2390,GM Palaya,1820.0,2.0,86.0,3
2391,GM Palaya,1000.0,2.0,36.0,2
2392,GM Palaya,1225.0,2.0,47.0,2
2393,GM Palaya,1140.0,2.0,48.95,2
2394,GM Palaya,1315.0,2.0,65.0,3
2395,GM Palaya,1000.0,2.0,35.0,2
2396,GM Palaya,1315.0,3.0,65.0,3
2397,GM Palaya,1315.0,3.0,64.0,3
2398,GM Palaya,1735.0,3.0,70.0,3
2399,GM Palaya,1643.0,2.0,70.0,3
2401,Garudachar Palya,1060.0,2.0,48.7,2
2402,Garudachar Palya,1960.0,3.0,160.0,3
2403,Garudachar Palya,1150.0,2.0,52.75,2
2407,Garudachar Palya,1150.0,2.0,52.8,2
2408,Garudachar Palya,1150.0,2.0,52.8,2
2409,Garudachar Palya,1060.0,2.0,48.5,2
2410,Garudachar Palya,1150.0,2.0,52.5,2
2412,Garudachar Palya,1060.0,2.0,48.66,2
2413,Garudachar Palya,1150.0,2.0,52.0,2
2414,Garudachar Palya,1610.0,2.0,119.0,3
2415,Garudachar Palya,1154.0,2.0,51.8,2
2417,Giri Nagar,2400.0,4.0,400.0,4
2418,Giri Nagar,1800.0,3.0,252.0,3
2419,Giri Nagar,4500.0,5.0,250.0,7
2420,Giri Nagar,1350.0,3.0,240.0,3
2421,Giri Nagar,2400.0,4.0,400.0,4
2422,Giri Nagar,3000.0,4.0,375.0,6
2423,Giri Nagar,2400.0,6.0,400.0,6
2424,Giri Nagar,600.0,1.0,125.0,1
2425,Gollarapalya Hosahalli,1408.0,3.0,62.0,3
2426,Gollarapalya Hosahalli,1318.0,3.0,54.0,3
2427,Gollarapalya Hosahalli,1320.0,3.0,60.0,3
2428,Gollarapalya Hosahalli,1345.0,3.0,60.0,3
2429,Gollarapalya Hosahalli,1905.0,3.0,86.0,4
2430,Gollarapalya Hosahalli,996.0,2.0,36.5,2
2431,Gollarapalya Hosahalli,1318.0,3.0,56.0,3
2432,Gollarapalya Hosahalli,1129.0,2.0,50.0,2
2433,Gottigere,1100.0,2.0,40.0,2
2434,Gottigere,967.0,2.0,45.0,2
2435,Gottigere,891.0,2.0,25.0,2
2436,Gottigere,1618.0,3.0,82.5,3
2437,Gottigere,1222.0,2.0,63.0,2
2438,Gottigere,1300.0,3.0,65.0,3
2439,Gottigere,950.0,2.0,38.0,2
2440,Gottigere,1153.0,2.0,48.5,2
2441,Gottigere,812.0,1.0,26.0,1
2442,Gottigere,2000.0,4.0,82.0,4
2443,Gottigere,1460.0,2.0,65.0,3
2444,Gottigere,1500.0,3.0,70.0,3
2445,Gottigere,1621.0,3.0,72.0,3
2446,Gottigere,1304.0,3.0,80.0,3
2447,Gottigere,812.0,1.0,26.0,1
2448,Gottigere,990.0,2.0,40.0,2
2449,Gottigere,1235.0,2.0,63.0,2
2450,Gottigere,1385.0,3.0,64.0,3
2451,Gottigere,1000.0,2.0,35.0,2
2452,Gottigere,1010.0,2.0,35.0,2
2453,Gottigere,1435.0,2.0,62.0,3
2454,Gottigere,945.0,2.0,45.0,2
2455,Gottigere,1230.0,2.0,52.0,3
2456,Gottigere,1120.0,2.0,50.0,2
2458,Gottigere,1200.0,2.0,40.0,2
2459,Gottigere,1280.0,2.0,61.0,2
2460,Gottigere,1205.0,2.0,56.58,2
2461,Gottigere,1170.0,2.0,40.0,2
2462,Gottigere,1613.0,3.0,72.0,3
2463,Gottigere,1493.0,2.0,90.0,3
2464,Gottigere,1110.0,2.0,36.25,2
2465,Gottigere,1245.0,2.0,59.0,2
2466,Gottigere,1200.0,2.0,50.0,2
2467,Green Glen Layout,1575.0,3.0,125.0,3
2468,Green Glen Layout,1670.0,3.0,120.0,3
2469,Green Glen Layout,1776.42,3.0,105.0,3
2470,Green Glen Layout,940.0,2.0,56.8,2
2471,Green Glen Layout,1725.0,3.0,130.0,3
2472,Green Glen Layout,1075.0,2.0,60.0,2
2473,Green Glen Layout,1485.0,3.0,115.0,3
2474,Green Glen Layout,1715.0,3.0,115.0,3
2475,Green Glen Layout,1751.0,2.0,115.0,3
2476,Green Glen Layout,1750.0,3.0,130.0,3
2477,Green Glen Layout,1530.0,3.0,105.0,3
2478,Green Glen Layout,1752.0,3.0,105.0,3
2479,Green Glen Layout,1680.0,4.0,95.0,3
2480,Green Glen Layout,1728.0,3.0,125.0,3
2481,Green Glen Layout,1645.0,3.0,110.0,3
2482,Green Glen Layout,1517.0,3.0,100.0,3
2483,Green Glen Layout,1750.0,3.0,120.0,3
2484,Green Glen Layout,1751.0,3.0,115.0,3
2485,Green Glen Layout,1750.0,3.0,105.0,3
2486,Green Glen Layout,1885.0,3.0,135.0,3
2487,Green Glen Layout,1715.0,3.0,120.0,3
2488,Green Glen Layout,1623.29,2.0,105.0,3
2489,Green Glen Layout,1715.0,3.0,115.0,3
2490,Green Glen Layout,1715.0,3.0,105.0,3
2491,Green Glen Layout,1600.0,3.0,105.0,3
2492,Green Glen Layout,1717.0,3.0,125.0,3
2493,Green Glen Layout,1250.0,2.0,75.0,2
2494,Green Glen Layout,1715.0,3.0,112.0,3
2495,Gubbalala,1470.0,2.0,82.0,3
2496,Gubbalala,1745.0,3.0,125.0,3
2497,Gubbalala,1745.0,3.0,104.0,3
2498,Gubbalala,1745.0,3.0,115.0,3
2499,Gubbalala,1745.0,3.0,110.0,3
2500,Gubbalala,1650.0,3.0,71.0,3
2502,Gubbalala,2570.0,4.0,141.0,5
2503,Gubbalala,1008.0,2.0,32.25,2
2504,Gubbalala,1205.0,2.0,70.0,2
2506,Gubbalala,1435.0,2.0,80.0,3
2507,Gubbalala,1475.0,2.0,80.0,2
2508,Gubbalala,1223.0,2.0,42.81,2
2511,Gubbalala,1100.0,2.0,49.5,2
2512,Gubbalala,1060.0,2.0,46.0,2
2513,Gubbalala,2000.0,3.0,125.0,3
2514,Gubbalala,2500.0,6.0,88.0,6
2515,Gubbalala,4000.0,5.0,195.0,4
2516,Gubbalala,1745.0,3.0,140.0,3
2517,Gubbalala,1745.0,3.0,130.0,3
2518,Gubbalala,1285.0,2.0,90.0,2
2519,Gunjur,1140.0,2.0,43.0,2
2520,Gunjur,1356.0,2.0,66.0,3
2521,Gunjur,1600.0,3.0,75.0,3
2522,Gunjur,2000.0,3.0,95.0,4
2523,Gunjur,1140.0,2.0,49.11,2
2524,Gunjur,1195.0,2.0,44.0,2
2525,Gunjur,1190.0,2.0,40.0,2
2526,Gunjur,1457.0,2.0,60.0,2
2527,Gunjur,1080.0,2.0,41.0,2
2528,Gunjur,2132.0,3.0,80.0,3
2530,Gunjur,1175.0,2.0,43.48,2
2531,Gunjur,1362.0,3.0,62.63,3
2532,Gunjur,1071.0,2.0,51.0,2
2533,Gunjur,1063.0,2.0,40.0,2
2534,Gunjur,1235.0,2.0,52.76,2
2535,Gunjur,1362.0,3.0,62.63,3
2536,Gunjur,1362.0,3.0,62.63,3
2537,Gunjur,1588.0,2.0,90.0,3
2538,Gunjur,1235.0,2.0,44.5,2
2539,Gunjur,1457.0,2.0,60.0,2
2540,HAL 2nd Stage,1490.0,2.0,300.0,3
2541,HAL 2nd Stage,2100.0,3.0,252.0,3
2542,HAL 2nd Stage,600.0,3.0,145.0,2
2543,HAL 2nd Stage,2700.0,3.0,500.0,3
2544,HAL 2nd Stage,2040.0,4.0,500.0,5
2545,HBR Layout,2800.0,2.0,200.0,3
2546,HBR Layout,1722.0,3.0,95.0,3
2547,HBR Layout,1200.0,4.0,120.0,4
2548,HBR Layout,1200.0,2.0,60.0,2
2549,HBR Layout,1004.0,2.0,49.0,2
2550,HBR Layout,1783.0,3.0,125.0,3
2551,HBR Layout,1656.0,3.0,90.0,3
2552,HBR Layout,1089.0,2.0,60.0,2
2553,HBR Layout,1700.0,3.0,110.0,3
2554,HBR Layout,1198.0,2.0,65.0,2
2555,HBR Layout,1200.0,4.0,115.0,4
2556,HBR Layout,1200.0,2.0,120.0,2
2557,HBR Layout,1832.0,3.0,160.0,3
2558,HRBR Layout,1374.0,2.0,95.0,2
2559,HRBR Layout,1440.0,2.0,98.0,2
2560,HRBR Layout,1567.0,3.0,90.0,3
2561,HRBR Layout,1210.0,2.0,75.0,2
2562,HRBR Layout,1200.0,2.0,170.0,4
2563,HRBR Layout,1265.0,2.0,78.0,2
2564,HRBR Layout,1200.0,3.0,180.0,4
2565,HRBR Layout,1170.0,2.0,75.0,2
2566,HRBR Layout,1335.0,2.0,87.0,3
2567,HRBR Layout,1900.0,3.0,90.0,4
2568,HRBR Layout,1625.0,3.0,120.0,3
2569,HRBR Layout,1301.0,2.0,120.0,2
2570,HRBR Layout,1145.0,2.0,68.5,2
2571,HRBR Layout,1300.0,2.0,90.0,2
2573,HSR Layout,1372.0,2.0,68.0,2
2574,HSR Layout,1430.0,2.0,65.0,3
2575,HSR Layout,1475.0,3.0,75.0,3
2576,HSR Layout,1467.0,2.0,55.0,2
2577,HSR Layout,1140.0,2.0,46.0,2
2578,HSR Layout,1372.0,2.0,61.0,2
2579,HSR Layout,1750.0,3.0,95.0,3
2580,HSR Layout,2424.0,3.0,90.0,3
2581,HSR Layout,1027.0,2.0,44.0,2
2582,HSR Layout,1650.0,3.0,110.0,3
2583,HSR Layout,1140.0,2.0,46.0,2
2584,HSR Layout,1372.0,2.0,61.0,2
2585,HSR Layout,1140.0,2.0,46.0,2
2586,HSR Layout,1185.0,2.0,60.0,2
2587,HSR Layout,1127.0,2.0,68.0,2
2588,HSR Layout,1600.0,2.0,115.0,3
2589,HSR Layout,1145.0,2.0,48.0,2
2590,HSR Layout,1009.0,2.0,56.0,2
2591,HSR Layout,1300.0,2.0,98.0,2
2593,HSR Layout,1140.0,2.0,46.0,2
2594,HSR Layout,1126.0,2.0,69.0,2
2596,HSR Layout,1140.0,2.0,46.0,2
2597,HSR Layout,1145.0,2.0,46.0,2
2598,HSR Layout,1142.0,2.0,65.0,2
2599,HSR Layout,1145.0,2.0,46.0,2
2600,HSR Layout,2020.0,3.0,160.0,3
2601,HSR Layout,1844.0,3.0,95.0,3
2602,HSR Layout,1203.0,2.0,72.0,2
2603,HSR Layout,1140.0,2.0,46.0,2
2604,HSR Layout,1140.0,2.0,46.0,2
2605,HSR Layout,1145.0,2.0,46.0,2
2606,HSR Layout,1009.0,2.0,56.0,2
2607,HSR Layout,1145.0,2.0,46.0,2
2608,HSR Layout,1100.0,2.0,44.0,2
2609,HSR Layout,1203.0,2.0,60.0,2
2610,HSR Layout,1590.0,2.0,135.0,3
2611,HSR Layout,1120.0,2.0,70.0,2
2612,HSR Layout,1140.0,2.0,46.0,2
2613,HSR Layout,1289.0,2.0,70.0,2
2614,HSR Layout,1844.0,3.0,89.0,3
2615,HSR Layout,1203.0,2.0,60.0,2
2616,HSR Layout,1140.0,2.0,46.0,2
2617,Haralur Road,1240.0,2.0,70.0,2
2618,Haralur Road,1027.0,2.0,44.0,2
2620,Haralur Road,2805.0,5.0,154.0,4
2621,Haralur Road,1194.0,2.0,47.0,2
2622,Haralur Road,1202.0,2.0,53.0,2
2623,Haralur Road,1056.0,2.0,61.0,2
2625,Haralur Road,1810.0,3.0,100.0,3
2626,Haralur Road,1194.0,2.0,46.0,2
2627,Haralur Road,2805.0,4.0,154.0,4
2628,Haralur Road,1225.0,2.0,67.38,2
2629,Haralur Road,1243.0,2.0,46.0,2
2630,Haralur Road,1027.0,2.0,44.0,2
2631,Haralur Road,1920.0,3.0,115.0,3
2632,Haralur Road,1875.0,3.0,110.0,3
2633,Haralur Road,1194.0,2.0,47.0,2
2634,Haralur Road,1140.0,2.0,43.0,2
2635,Haralur Road,1027.0,2.0,44.0,2
2636,Haralur Road,1194.0,2.0,46.0,2
2637,Haralur Road,2017.0,3.0,125.0,3
2638,Haralur Road,1140.0,2.0,43.0,2
2639,Haralur Road,1875.0,3.0,110.0,3
2640,Haralur Road,1092.0,2.0,44.0,2
2641,Haralur Road,2475.0,4.0,130.0,3
2642,Haralur Road,1300.0,2.0,73.0,2
2643,Haralur Road,1194.0,2.0,47.0,2
2644,Haralur Road,1243.0,2.0,46.0,2
2645,Haralur Road,1850.0,3.0,110.0,3
2646,Haralur Road,1225.0,2.0,67.38,2
2647,Haralur Road,1243.0,2.0,46.0,2
2648,Haralur Road,1464.0,2.0,56.0,2
2649,Haralur Road,1230.0,2.0,78.0,2
2650,Haralur Road,1000.0,2.0,44.0,2
2651,Haralur Road,1300.0,2.0,79.0,2
2652,Haralur Road,1444.0,2.0,80.0,3
2653,Haralur Road,1088.0,2.0,68.0,2
2654,Haralur Road,1027.0,2.0,44.0,2
2656,Haralur Road,1225.0,2.0,70.0,2
2658,Haralur Road,1194.0,2.0,46.0,2
2659,Haralur Road,1000.0,2.0,78.0,2
2660,Haralur Road,1830.0,3.0,101.0,3
2661,Haralur Road,1810.0,3.0,126.0,3
2662,Haralur Road,1464.0,2.0,56.0,2
2663,Haralur Road,1520.0,2.0,96.0,3
2664,Haralur Road,1520.0,2.0,125.0,3
2665,Haralur Road,1300.0,2.0,75.0,2
2666,Haralur Road,2017.0,2.0,125.0,3
2667,Haralur Road,1243.0,2.0,46.0,2
2668,Haralur Road,1027.0,2.0,44.0,2
2669,Haralur Road,2805.0,5.0,160.0,4
2670,Haralur Road,1243.0,2.0,46.0,2
2671,Haralur Road,1027.0,2.0,44.0,2
2672,Haralur Road,2017.0,3.0,105.0,3
2673,Haralur Road,1243.0,2.0,46.0,2
2674,Haralur Road,1243.0,2.0,46.0,2
2675,Haralur Road,1520.0,2.0,90.0,3
2676,Haralur Road,1300.0,2.0,60.0,2
2677,Haralur Road,1985.0,3.0,130.0,3
2678,Haralur Road,1255.0,2.0,90.0,3
2679,Haralur Road,1056.0,2.0,60.0,2
2680,Haralur Road,1140.0,2.0,42.0,2
2681,Haralur Road,1245.0,2.0,62.0,2
2682,Haralur Road,1140.0,2.0,58.0,2
2683,Haralur Road,1140.0,2.0,42.0,2
2684,Haralur Road,1027.0,2.0,43.0,2
2685,Haralur Road,1194.0,2.0,47.0,2
2686,Haralur Road,1194.0,2.0,47.0,2
2687,Haralur Road,1560.0,3.0,90.0,3
2688,Haralur Road,1255.0,3.0,115.0,3
2689,Haralur Road,1520.0,2.0,85.0,3
2690,Haralur Road,1243.0,2.0,45.0,2
2691,Haralur Road,1027.0,2.0,44.0,2
2692,Haralur Road,1194.0,2.0,46.0,2
2693,Haralur Road,1650.0,3.0,100.0,3
2694,Haralur Road,1580.0,3.0,73.0,3
2695,Haralur Road,1243.0,2.0,46.0,2
2696,Haralur Road,1194.0,2.0,47.0,2
2697,Haralur Road,2805.0,4.0,154.0,4
2698,Haralur Road,1520.0,2.0,96.0,3
2699,Haralur Road,1510.0,3.0,83.05,3
2700,Haralur Road,1056.0,2.0,65.0,2
2701,Haralur Road,1810.0,3.0,100.0,3
2702,Haralur Road,1243.0,2.0,46.0,2
2703,Haralur Road,1194.0,2.0,46.0,2
2704,Haralur Road,1243.0,2.0,46.0,2
2705,Haralur Road,1194.0,2.0,46.0,2
2706,Haralur Road,1140.0,2.0,43.0,2
2707,Haralur Road,1850.0,3.0,120.0,3
2708,Haralur Road,1194.0,2.0,47.0,2
2709,Haralur Road,1194.0,2.0,47.0,2
2711,Haralur Road,1243.0,2.0,46.0,2
2712,Haralur Road,1710.0,3.0,85.0,3
2713,Haralur Road,1730.0,3.0,95.0,3
2714,Haralur Road,1243.0,2.0,46.0,2
2715,Haralur Road,1243.0,2.0,46.0,2
2716,Haralur Road,1243.0,2.0,46.0,2
2717,Haralur Road,1817.0,3.0,110.0,3
2718,Haralur Road,1225.0,2.0,77.0,2
2719,Haralur Road,1285.0,2.0,78.0,2
2720,Haralur Road,1225.0,2.0,67.48,2
2721,Haralur Road,1225.0,2.0,69.84,2
2722,Haralur Road,1200.0,2.0,46.0,2
2723,Haralur Road,1315.0,2.0,85.0,2
2724,Haralur Road,1976.0,3.0,92.0,3
2725,Haralur Road,1300.0,2.0,75.0,2
2726,Haralur Road,1309.0,2.0,82.0,2
2727,Haralur Road,1027.0,1.0,44.0,2
2728,Haralur Road,1243.0,2.0,46.0,2
2729,Haralur Road,1243.0,2.0,46.0,2
2730,Haralur Road,1140.0,2.0,43.0,2
2731,Haralur Road,1300.0,2.0,75.0,2
2732,Haralur Road,1243.0,2.0,46.0,2
2733,Haralur Road,1890.0,3.0,84.0,3
2734,Haralur Road,953.0,2.0,90.0,2
2735,Haralur Road,1230.0,2.0,67.65,2
2736,Haralur Road,1194.0,2.0,46.0,2
2737,Haralur Road,1092.0,2.0,44.0,2
2739,Haralur Road,1255.0,3.0,90.0,3
2740,Haralur Road,1735.0,3.0,97.0,3
2741,Haralur Road,1810.0,3.0,97.83,3
2742,Haralur Road,1200.0,2.0,46.0,2
2743,Haralur Road,1243.0,2.0,46.0,2
2744,Haralur Road,1810.0,3.0,112.0,3
2745,Harlur,1508.0,2.0,77.0,2
2746,Harlur,1752.12,3.0,135.0,3
2747,Harlur,2450.0,3.0,120.0,3
2749,Harlur,1709.0,3.0,150.0,3
2750,Harlur,1174.0,2.0,69.0,2
2751,Harlur,1033.0,2.0,49.0,2
2752,Harlur,1197.0,2.0,84.0,2
2753,Harlur,1757.0,3.0,132.0,3
2754,Harlur,1174.0,2.0,76.0,2
2755,Harlur,1754.0,3.0,125.0,3
2756,Harlur,1290.0,2.0,85.0,2
2757,Harlur,1752.12,3.0,116.0,3
2758,Harlur,1754.0,3.0,135.0,3
2759,Harlur,1754.0,3.0,124.0,3
2760,Harlur,1152.0,2.0,69.0,2
2761,Harlur,1290.0,2.0,87.0,2
2762,Harlur,1749.0,3.0,115.0,3
2763,Harlur,2240.0,5.0,155.0,3
2764,Harlur,1758.0,3.0,133.0,3
2765,Harlur,1884.0,4.0,120.0,4
2766,Harlur,1197.0,2.0,79.0,2
2767,Harlur,1174.0,2.0,78.0,2
2768,Harlur,1730.0,3.0,100.0,3
2769,Harlur,2138.0,3.0,110.0,3
2770,Harlur,1197.0,2.0,79.0,2
2771,Harlur,1749.0,3.0,112.0,3
2772,Harlur,1174.0,2.0,75.0,2
2773,Harlur,1750.0,3.0,136.0,3
2774,Harlur,1620.0,3.0,110.0,3
2776,Harlur,1630.0,3.0,95.1,3
2777,Harlur,1459.0,3.0,135.0,3
2778,Harlur,1762.0,3.0,133.0,3
2779,Harlur,1756.0,3.0,131.0,3
2780,Harlur,1755.0,3.0,130.0,3
2781,Harlur,1864.0,3.0,140.0,3
2782,Harlur,1331.0,2.0,88.0,2
2783,Harlur,1752.12,3.0,133.0,3
2784,Harlur,1133.0,2.0,55.0,2
2785,Harlur,1756.0,3.0,128.0,3
2786,Harlur,1749.0,3.0,120.0,3
2787,Harlur,1197.0,2.0,82.0,2
2788,Harlur,1303.0,2.0,90.0,2
2789,Harlur,1754.0,3.0,132.0,3
2790,Harlur,1174.0,2.0,75.0,2
2791,Harlur,1756.0,3.0,134.0,3
2792,Harlur,1197.0,2.0,78.0,2
2793,Harlur,1290.0,2.0,89.9,2
2794,Harlur,1386.0,2.0,85.0,2
2795,Harlur,1174.0,2.0,74.0,2
2796,Harlur,1174.0,2.0,78.0,2
2798,Harlur,1755.0,3.0,115.0,3
2799,Harlur,2820.0,4.0,153.5,4
2800,Harlur,2569.0,4.0,175.0,4
2802,Harlur,1197.0,2.0,77.0,2
2803,Harlur,1752.12,3.0,125.0,3
2804,Harlur,1225.0,2.0,56.0,2
2805,Harlur,1197.0,2.0,76.0,2
2806,Harlur,2137.0,3.0,110.0,3
2807,Harlur,1197.0,2.0,75.0,2
2808,Harlur,1755.0,3.0,117.0,3
2809,Harlur,1197.0,2.0,79.9,2
2810,Harlur,936.0,2.0,45.0,2
2811,Harlur,1370.0,2.0,88.0,2
2812,Harlur,1335.0,2.0,72.76,2
2813,Hebbal,1760.0,2.0,123.0,3
2814,Hebbal,1900.0,3.0,119.0,3
2815,Hebbal,1349.0,2.0,98.2,2
2816,Hebbal,2483.0,5.0,212.0,4
2817,Hebbal,1760.0,2.0,130.0,3
2818,Hebbal,2400.0,4.0,245.0,3
2819,Hebbal,3450.0,5.0,260.0,3
2820,Hebbal,1920.0,3.0,134.0,3
2821,Hebbal,1500.0,3.0,150.0,3
2822,Hebbal,1337.0,2.0,82.0,2
2823,Hebbal,1349.0,2.0,98.0,2
2824,Hebbal,1000.0,2.0,45.0,2
2825,Hebbal,2470.0,5.0,247.0,4
2826,Hebbal,1036.0,2.0,50.0,2
2827,Hebbal,1255.0,2.0,77.68,3
2828,Hebbal,1355.0,3.0,83.87,3
2829,Hebbal,1790.0,3.0,127.0,3
2830,Hebbal,687.325,2.0,42.72,2
2831,Hebbal,2790.0,5.0,198.0,4
2832,Hebbal,1985.0,4.0,189.0,3
2833,Hebbal,2483.0,5.0,215.0,4
2834,Hebbal,1080.0,2.0,54.0,2
2835,Hebbal,1100.0,2.0,50.0,2
2836,Hebbal,812.0,2.0,55.0,2
2837,Hebbal,2790.0,4.0,198.0,4
2838,Hebbal,1075.0,2.0,52.0,2
2839,Hebbal,3067.0,4.0,230.0,4
2840,Hebbal,1040.0,2.0,50.0,2
2841,Hebbal,2526.0,2.0,250.0,3
2842,Hebbal,3067.0,4.0,230.0,4
2843,Hebbal,1255.0,2.0,77.68,3
2844,Hebbal,823.0,2.0,50.63,2
2845,Hebbal,1420.0,2.0,123.0,2
2846,Hebbal,1069.0,3.0,65.4,3
2847,Hebbal,1040.0,2.0,46.0,2
2848,Hebbal,1420.0,2.0,99.39,2
2849,Hebbal,1100.0,2.0,47.0,2
2850,Hebbal,1700.0,3.0,124.0,3
2851,Hebbal,1550.0,2.0,75.0,3
2852,Hebbal,1053.0,2.0,48.0,2
2853,Hebbal,1420.0,2.0,99.39,2
2854,Hebbal,1355.0,3.0,83.87,3
2855,Hebbal,1440.0,2.0,115.0,2
2856,Hebbal,1100.0,2.0,54.0,2
2857,Hebbal,1355.0,3.0,83.87,3
2859,Hebbal,2400.0,4.0,180.0,3
2860,Hebbal,1255.0,2.0,77.68,3
2861,Hebbal,1420.0,2.0,107.0,2
2862,Hebbal,1320.0,2.0,92.0,2
2863,Hebbal,919.0,2.0,49.0,2
2864,Hebbal,1645.0,3.0,135.0,3
2865,Hebbal,2080.0,3.0,175.0,3
2866,Hebbal,1355.0,3.0,83.87,3
2867,Hebbal,2483.0,5.0,230.0,4
2868,Hebbal,2600.0,3.0,195.0,3
2869,Hebbal,1645.0,3.0,117.0,3
2870,Hebbal,1251.0,2.0,88.73,2
2871,Hebbal,1645.0,3.0,121.0,3
2872,Hebbal,1760.0,3.0,123.0,3
2873,Hebbal,2790.0,4.0,198.0,4
2874,Hebbal,1645.0,3.0,120.0,3
2875,Hebbal,1255.0,2.0,90.0,3
2876,Hebbal,1645.0,3.0,117.0,3
2877,Hebbal,1255.0,3.0,77.68,3
2878,Hebbal,1586.0,3.0,90.0,3
2879,Hebbal,1636.0,3.0,119.0,3
2880,Hebbal,2661.0,2.0,226.5,3
2881,Hebbal,1255.0,2.0,95.0,3
2882,Hebbal,2790.0,4.0,198.0,4
2884,Hebbal,1269.0,2.0,73.0,3
2885,Hebbal,1255.0,2.0,95.0,3
2886,Hebbal,1088.0,2.0,61.45,2
2887,Hebbal,1349.0,2.0,97.8,2
2888,Hebbal,1255.0,3.0,77.68,3
2889,Hebbal,1344.0,2.0,108.0,2
2890,Hebbal,1320.0,3.0,226.0,3
2891,Hebbal,1255.0,2.0,90.0,3
2892,Hebbal,1255.0,3.0,77.68,3
2893,Hebbal,1138.0,2.0,110.0,2
2894,Hebbal,2790.0,5.0,204.0,4
2895,Hebbal,1250.0,2.0,55.55,2
2896,Hebbal,1200.0,2.0,49.0,2
2897,Hebbal,1088.0,2.0,62.0,2
2898,Hebbal,1987.0,4.0,165.0,3
2899,Hebbal,2790.0,5.0,198.0,4
2900,Hebbal,1299.0,2.0,100.0,2
2901,Hebbal,1200.0,2.0,60.0,2
2902,Hebbal,1645.0,3.0,117.0,3
2903,Hebbal,1390.0,2.0,95.0,2
2904,Hebbal,6000.0,8.0,220.0,8
2905,Hebbal,1333.0,2.0,100.0,2
2906,Hebbal,1204.0,2.0,45.0,2
2907,Hebbal,1355.0,3.0,83.87,3
2908,Hebbal,2650.0,4.0,199.0,3
2909,Hebbal,1244.0,3.0,48.0,2
2910,Hebbal,1800.0,3.0,140.0,3
2911,Hebbal,1860.0,3.0,95.0,3
2912,Hebbal,2470.0,4.0,203.0,4
2913,Hebbal,1200.0,2.0,52.0,2
2914,Hebbal,1255.0,2.0,95.0,3
2915,Hebbal,1200.0,4.0,225.0,4
2916,Hebbal,1333.0,2.0,104.0,2
2917,Hebbal,1645.0,3.0,117.0,3
2918,Hebbal,2600.0,3.0,199.0,3
2919,Hebbal,1345.0,2.0,97.0,2
2920,Hebbal,1110.0,3.0,59.0,3
2921,Hebbal,1200.0,2.0,52.0,2
2922,Hebbal,985.0,2.0,62.0,2
2923,Hebbal,1320.0,2.0,91.0,2
2924,Hebbal,2388.0,3.0,195.0,3
2925,Hebbal,1040.0,2.0,55.0,2
2926,Hebbal,1315.0,3.0,65.0,3
2927,Hebbal,1150.0,2.0,55.0,2
2928,Hebbal,2600.0,3.0,195.0,3
2929,Hebbal,1075.0,2.0,52.0,2
2930,Hebbal,1100.0,2.0,42.0,2
2931,Hebbal,1200.0,2.0,48.0,2
2932,Hebbal,1100.0,2.0,38.0,2
2933,Hebbal,2630.0,5.0,188.0,4
2934,Hebbal,2790.0,5.0,198.0,4
2935,Hebbal,1645.0,3.0,113.0,3
2936,Hebbal,1175.0,2.0,54.05,2
2937,Hebbal,1355.0,3.0,83.87,3
2938,Hebbal,1420.0,2.0,99.39,2
2939,Hebbal,1590.0,3.0,96.0,3
2940,Hebbal,1072.0,2.0,45.0,2
2941,Hebbal,1162.0,2.0,69.0,2
2942,Hebbal,1100.0,2.0,60.0,2
2943,Hebbal,1299.0,2.0,97.0,2
2944,Hebbal,1255.0,3.0,77.68,3
2945,Hebbal,2470.0,5.0,192.0,4
2946,Hebbal,1645.0,3.0,117.0,3
2947,Hebbal,1920.0,3.0,134.0,3
2948,Hebbal,3520.0,5.0,240.0,3
2949,Hebbal,1920.0,3.0,150.0,3
2950,Hebbal,2375.0,4.0,189.0,4
2951,Hebbal,1420.0,2.0,99.26,2
2952,Hebbal,1252.0,2.0,92.0,2
2953,Hebbal,2790.0,4.0,198.0,4
2954,Hebbal,1162.0,2.0,59.0,2
2955,Hebbal,1294.0,2.0,115.0,2
2956,Hebbal,1150.0,2.0,57.0,2
2957,Hebbal,1740.0,2.0,137.0,3
2958,Hebbal,1430.0,3.0,85.0,3
2959,Hebbal,1662.0,3.0,155.0,3
2960,Hebbal,2250.0,3.0,219.0,3
2961,Hebbal,1349.0,2.0,98.0,2
2962,Hebbal,1349.0,2.0,96.8,2
2963,Hebbal Kempapura,1700.0,3.0,155.0,3
2964,Hebbal Kempapura,1800.0,3.0,175.0,3
2965,Hebbal Kempapura,2900.0,4.0,300.0,3
2966,Hebbal Kempapura,2280.0,5.0,200.0,5
2967,Hebbal Kempapura,1200.0,4.0,215.0,4
2968,Hebbal Kempapura,1200.0,2.0,125.0,2
2969,Hebbal Kempapura,2900.0,4.0,240.0,3
2970,Hebbal Kempapura,1300.0,2.0,102.0,2
2971,Hebbal Kempapura,1466.0,2.0,140.0,3
2972,Hebbal Kempapura,3900.0,5.0,310.0,4
2973,Hebbal Kempapura,1725.0,2.0,165.0,3
2974,Hebbal Kempapura,1200.0,3.0,125.0,3
2975,Hebbal Kempapura,3408.0,3.0,260.0,3
2976,Hebbal Kempapura,1485.0,3.0,132.0,2
2977,Hebbal Kempapura,1400.0,2.0,108.0,2
2978,Hebbal Kempapura,1800.0,3.0,150.0,3
2979,Hebbal Kempapura,2400.0,5.0,200.0,5
2980,Hebbal Kempapura,2800.0,5.0,220.0,5
2981,Hebbal Kempapura,1785.0,3.0,165.0,3
2982,Hebbal Kempapura,1200.0,3.0,148.0,4
2983,Hebbal Kempapura,1600.0,3.0,170.0,3
2984,Hebbal Kempapura,1730.0,3.0,175.0,3
2985,Hebbal Kempapura,2485.0,4.0,198.0,4
2986,Hegde Nagar,1569.0,3.0,101.0,3
2987,Hegde Nagar,3000.0,7.0,210.0,6
2988,Hegde Nagar,2026.0,3.0,132.0,3
2989,Hegde Nagar,1801.0,3.0,115.0,3
2990,Hegde Nagar,1050.0,1.0,56.0,2
2991,Hegde Nagar,1341.0,2.0,97.0,2
2992,Hegde Nagar,2112.95,4.0,145.0,3
2993,Hegde Nagar,1200.0,4.0,83.0,4
2994,Hegde Nagar,1703.0,3.0,113.0,3
2995,Hegde Nagar,1570.0,3.0,105.0,3
2996,Hegde Nagar,1801.0,3.0,140.0,3
2997,Hegde Nagar,1584.01,3.0,103.0,3
2998,Hegde Nagar,1965.0,4.0,125.0,3
2999,Hegde Nagar,2006.0,4.0,196.0,3
3000,Hegde Nagar,1200.0,2.0,75.0,2
3001,Hegde Nagar,2006.8,4.0,196.0,3
3002,Hegde Nagar,1847.0,3.0,135.0,3
3003,Hegde Nagar,2162.0,3.0,200.0,3
3004,Hegde Nagar,1179.0,2.0,49.35,2
3005,Hegde Nagar,1835.0,3.0,88.0,3
3006,Hegde Nagar,1965.0,4.0,132.0,3
3007,Hegde Nagar,1703.0,3.0,125.0,3
3008,Hegde Nagar,1847.0,3.0,125.0,3
3009,Hegde Nagar,2144.6,4.0,145.0,3
3010,Hegde Nagar,1718.0,3.0,119.0,3
3011,Hegde Nagar,1847.0,3.0,123.0,3
3012,Hegde Nagar,1340.0,2.0,72.0,2
3013,Hegde Nagar,2087.01,3.0,115.0,3
3014,Hegde Nagar,1703.0,3.0,130.0,3
3015,Hegde Nagar,2087.01,4.0,135.0,3
3016,Hegde Nagar,1718.0,3.0,130.0,3
3017,Hegde Nagar,1884.0,4.0,118.0,3
3018,Hegde Nagar,1930.0,4.0,122.0,3
3019,Hegde Nagar,1835.0,2.0,92.0,3
3020,Hegde Nagar,1584.01,3.0,104.0,3
3021,Hegde Nagar,1500.0,3.0,135.0,3
3022,Hegde Nagar,1168.0,2.0,68.0,3
3023,Hegde Nagar,1835.0,3.0,88.0,3
3024,Hegde Nagar,2162.03,4.0,129.0,3
3025,Hegde Nagar,2087.01,4.0,160.0,3
3026,Hegde Nagar,1835.0,3.0,89.0,3
3027,Hegde Nagar,1000.0,2.0,66.0,2
3028,Hegde Nagar,1348.0,2.0,80.5,3
3029,Hennur,1075.0,2.0,52.0,2
3030,Hennur,1255.0,2.0,52.32,2
3031,Hennur,1225.0,2.0,57.0,2
3032,Hennur,1255.0,2.0,57.5,2
3033,Hennur,1259.0,2.0,57.0,2
3034,Hennur,1255.0,2.0,53.5,2
3035,Hennur,1285.0,2.0,60.0,2
3036,Hennur,1285.0,2.0,60.0,2
3037,Hennur,1100.0,2.0,60.0,2
3038,Hennur,1231.0,2.0,48.0,2
3039,Hennur,1255.0,2.0,58.0,2
3040,Hennur,1040.0,2.0,42.12,2
3041,Hennur,1255.0,2.0,54.5,2
3042,Hennur,1041.0,2.0,40.6,2
3044,Hennur,1255.0,2.0,55.5,2
3046,Hennur,1231.0,2.0,50.0,2
3047,Hennur,2500.0,5.0,125.0,5
3048,Hennur,1160.0,2.0,49.0,2
3049,Hennur,1255.0,2.0,53.5,2
3050,Hennur,1255.0,2.0,55.5,2
3051,Hennur,1100.0,2.0,44.55,2
3052,Hennur,1255.0,2.0,57.5,2
3053,Hennur,960.0,2.0,48.0,2
3054,Hennur,1020.0,2.0,48.0,2
3055,Hennur,1255.0,2.0,52.32,2
3056,Hennur,1295.0,2.0,64.0,2
3057,Hennur,1935.0,3.0,102.0,3
3059,Hennur,1345.0,2.0,69.0,3
3060,Hennur,1255.0,2.0,58.0,2
3061,Hennur,1420.0,2.0,62.0,2
3062,Hennur,1155.0,2.0,54.5,2
3063,Hennur,1255.0,2.0,52.32,2
3064,Hennur,1255.0,2.0,52.35,2
3066,Hennur,1255.0,2.0,54.5,2
3067,Hennur,1150.0,3.0,80.0,3
3068,Hennur,1830.0,2.0,113.0,3
3069,Hennur,1830.5,3.0,84.205,3
3070,Hennur,1255.0,2.0,55.5,2
3071,Hennur,1255.0,2.0,53.57,2
3072,Hennur,1255.0,2.0,56.5,2
3073,Hennur,1050.0,2.0,42.73,2
3074,Hennur,1295.0,2.0,62.0,2
3075,Hennur Road,2089.0,3.0,140.0,3
3077,Hennur Road,1385.0,2.0,83.09,2
3078,Hennur Road,1317.5,2.0,63.77,2
3080,Hennur Road,2264.0,3.0,159.0,3
3081,Hennur Road,1157.0,2.0,84.0,2
3082,Hennur Road,1904.0,3.0,120.0,3
3083,Hennur Road,1891.0,3.0,109.0,3
3084,Hennur Road,1561.0,3.0,95.0,3
3085,Hennur Road,1192.0,2.0,60.0,3
3086,Hennur Road,2060.0,3.0,149.0,3
3087,Hennur Road,1482.0,2.0,92.0,3
3088,Hennur Road,1232.0,2.0,89.0,2
3089,Hennur Road,1065.0,2.0,42.6,2
3090,Hennur Road,1482.0,2.0,83.73,3
3091,Hennur Road,1482.0,2.0,87.0,3
3092,Hennur Road,1891.0,3.0,139.0,3
3093,Hennur Road,1703.0,3.0,101.0,3
3094,Hennur Road,1232.0,2.0,69.61,2
3095,Hennur Road,987.0,2.0,49.0,2
3096,Hennur Road,1804.0,3.0,102.0,3
3097,Hennur Road,2160.0,3.0,160.0,3
3098,Hennur Road,1186.0,2.0,63.0,3
3099,Hennur Road,1680.0,3.0,99.27,3
3100,Hennur Road,1065.0,2.0,42.6,2
3101,Hennur Road,1350.0,2.0,49.0,2
3102,Hennur Road,1385.0,2.0,83.09,2
3103,Hennur Road,1186.0,2.0,56.0,3
3104,Hennur Road,2350.0,3.0,174.0,3
3105,Hennur Road,1586.0,3.0,93.94,3
3106,Hennur Road,1975.0,3.0,123.0,3
3107,Hennur Road,1664.0,2.0,93.865,3
3108,Hennur Road,1290.0,2.0,94.5,3
3109,Hennur Road,901.0,2.0,49.5,2
3110,Hennur Road,1445.0,3.0,86.56,3
3111,Hennur Road,1482.0,2.0,97.0,3
3112,Hennur Road,1182.0,2.0,82.5,2
3113,Hennur Road,1192.0,2.0,62.0,3
3114,Hennur Road,1036.0,2.0,59.46,2
3115,Hennur Road,1891.0,3.0,109.0,3
3116,Hennur Road,1232.0,2.0,69.61,2
3118,Hennur Road,1804.0,3.0,102.0,3
3119,Hennur Road,1081.0,2.0,30.27,2
3120,Hennur Road,2320.0,3.0,170.0,3
3121,Hennur Road,1936.0,3.0,118.0,3
3122,Hennur Road,1480.0,2.0,65.0,2
3123,Hennur Road,1590.0,3.0,96.5,3
3124,Hennur Road,1445.0,2.0,105.0,3
3125,Hennur Road,1036.0,2.0,59.45,2
3127,Hennur Road,1832.0,3.0,125.0,3
3128,Hennur Road,1359.0,2.0,104.0,2
3129,Hennur Road,1341.0,2.0,75.76,2
3130,Hennur Road,1040.0,2.0,50.0,2
3131,Hennur Road,1685.0,3.0,95.0,3
3132,Hennur Road,1414.0,2.0,84.18,2
3133,Hennur Road,1949.0,3.0,133.0,3
3134,Hennur Road,1232.0,2.0,89.0,2
3135,Hennur Road,1250.0,2.0,77.88,3
3136,Hennur Road,2502.0,4.0,180.0,4
3137,Hennur Road,1831.0,3.0,110.0,3
3138,Hennur Road,1232.0,2.0,87.0,2
3139,Hennur Road,1232.0,2.0,74.0,2
3140,Hennur Road,1232.0,2.0,66.0,2
3141,Hennur Road,1341.0,2.0,95.0,2
3142,Hennur Road,2700.0,3.0,150.0,3
3143,Hennur Road,1232.0,2.0,88.0,2
3144,Hennur Road,2365.0,4.0,175.0,3
3145,Hennur Road,1310.0,2.0,66.0,2
3146,Hennur Road,1552.0,3.0,75.0,3
3147,Hennur Road,1015.0,2.0,50.0,2
3148,Hennur Road,1186.0,2.0,55.33,3
3149,Hennur Road,2264.0,3.0,168.0,3
3150,Hennur Road,2002.0,3.0,120.0,3
3151,Hennur Road,1232.0,2.0,69.6,2
3152,Hennur Road,1195.0,2.0,73.0,2
3153,Hennur Road,1020.0,2.0,47.0,2
3154,Hennur Road,1061.0,2.0,54.92,2
3155,Hennur Road,1585.0,2.0,80.0,3
3156,Hennur Road,1020.0,2.0,45.0,2
3157,Hennur Road,2041.0,3.0,128.0,3
3158,Hennur Road,1232.0,2.0,87.0,2
3159,Hennur Road,1066.0,2.0,52.23,2
3160,Hennur Road,973.0,2.0,56.0,2
3161,Hennur Road,1255.0,2.0,84.0,2
3162,Hennur Road,1232.0,2.0,83.0,2
3163,Hennur Road,1832.0,3.0,116.0,3
3164,Hennur Road,2050.0,3.0,120.0,3
3165,Hennur Road,1445.0,2.0,86.69,3
3166,Hennur Road,1297.0,2.0,49.9,2
3167,Hennur Road,1153.0,2.0,43.0,2
3168,Hennur Road,1445.0,2.0,83.0,3
3169,Hennur Road,1679.0,3.0,94.86,3
3171,Hennur Road,1654.0,3.0,97.8,3
3172,Hennur Road,1305.0,2.0,110.0,3
3173,Hennur Road,1480.0,3.0,100.0,3
3174,Hennur Road,1450.0,3.0,88.6,3
3175,Hennur Road,1155.0,2.0,69.18,2
3176,Hennur Road,1053.0,2.0,53.0,2
3177,Hennur Road,1195.0,2.0,59.0,2
3179,Hennur Road,1904.0,3.0,129.0,3
3180,Hennur Road,1981.0,3.0,134.0,3
3181,Hennur Road,1155.0,2.0,69.18,2
3183,Hennur Road,1590.0,3.0,105.0,3
3184,Hennur Road,1200.0,2.0,36.0,2
3185,Hennur Road,2041.0,3.0,138.0,3
3186,Hennur Road,1100.0,2.0,78.0,3
3187,Hennur Road,1880.0,4.0,154.0,4
3188,Hennur Road,1232.0,2.0,69.61,2
3189,Hennur Road,1748.0,3.0,103.0,3
3190,Hennur Road,1460.0,2.0,80.3,2
3191,Hennur Road,1570.0,3.0,75.99,3
3192,Hennur Road,1933.0,3.0,140.0,3
3193,Hennur Road,1030.0,2.0,46.5,2
3194,Hennur Road,1232.0,2.0,69.61,2
3195,Hennur Road,1450.0,3.0,79.0,3
3196,Hennur Road,1445.0,2.0,89.56,3
3197,Hennur Road,973.0,2.0,50.74,2
3198,Hennur Road,1482.0,2.0,83.73,3
3199,Hennur Road,1305.0,2.0,77.0,3
3200,Hennur Road,1672.0,3.0,86.0,3
3201,Hennur Road,1165.0,2.0,67.0,2
3202,Hennur Road,980.0,2.0,51.0,2
3203,Hennur Road,1232.0,2.0,80.0,2
3204,Hennur Road,1085.0,2.0,43.4,2
3205,Hennur Road,950.0,2.0,55.0,2
3206,Hennur Road,1140.0,2.0,56.0,2
3207,Hennur Road,1891.0,3.0,110.0,3
3209,Hennur Road,1470.0,2.0,75.0,3
3210,Hennur Road,1165.0,2.0,52.0,2
3211,Hennur Road,1052.0,2.0,34.72,2
3212,Hennur Road,1450.0,2.0,80.0,2
3213,Hennur Road,1155.0,2.0,69.18,2
3214,Hennur Road,1936.0,3.0,131.0,3
3215,Hoodi,985.0,2.0,67.0,2
3216,Hoodi,1715.0,2.0,95.0,3
3217,Hoodi,1196.0,2.0,94.42,2
3219,Hoodi,2118.0,4.0,111.0,4
3220,Hoodi,1425.0,2.0,80.0,2
3221,Hoodi,1420.0,2.0,75.0,2
3222,Hoodi,1639.0,3.0,110.0,3
3223,Hoodi,1606.0,3.0,89.55,3
3224,Hoodi,1639.0,3.0,98.32,3
3228,Hoodi,2863.0,4.0,140.0,4
3229,Hoodi,1512.0,3.0,75.77,3
3230,Hoodi,1026.0,2.0,60.87,2
3231,Hoodi,1050.0,2.0,50.0,2
3232,Hoodi,1400.0,2.0,78.0,2
3233,Hoodi,1196.0,2.0,71.74,2
3234,Hoodi,1430.0,2.0,113.0,2
3235,Hoodi,1553.0,3.0,83.09,3
3236,Hoodi,1220.0,2.0,50.89,2
3237,Hoodi,1105.0,2.0,46.37,2
3238,Hoodi,1247.0,2.0,53.0,2
3239,Hoodi,1500.0,2.0,84.0,2
3240,Hoodi,1132.0,2.0,89.37,2
3241,Hoodi,1055.0,2.0,57.63,2
3242,Hoodi,1925.0,2.0,114.0,3
3243,Hoodi,1112.0,2.0,88.0,2
3244,Hoodi,1400.0,2.0,82.0,2
3245,Hoodi,1746.0,3.0,84.95,3
3246,Hoodi,706.0,1.0,48.24,1
3247,Hoodi,1257.0,2.0,69.0,2
3248,Hoodi,1132.0,2.0,67.9,2
3249,Hoodi,1108.0,2.0,87.0,2
3250,Hoodi,1430.0,2.0,110.0,2
3251,Hoodi,1925.0,3.0,110.0,3
3252,Hoodi,1132.0,2.0,89.0,2
3253,Hoodi,948.0,2.0,75.0,2
3254,Hoodi,1769.0,3.0,96.87,3
3255,Hoodi,1257.0,2.0,71.03,2
3256,Hoodi,1305.0,2.0,75.0,2
3257,Hoodi,1490.0,3.0,79.0,3
3258,Hoodi,1240.0,2.0,65.0,2
3259,Hoodi,1250.0,2.0,98.0,2
3261,Hoodi,1639.0,3.0,129.0,3
3262,Hoodi,1108.0,2.0,74.23,2
3264,Hoodi,1655.0,3.0,131.0,3
3265,Hoodi,1257.0,2.0,68.5,2
3266,Hoodi,1000.0,2.0,48.0,2
3267,Hoodi,1063.0,2.0,61.17,2
3268,Hoodi,1259.0,2.0,69.45,2
3269,Hoodi,1837.0,3.0,142.0,3
3271,Hoodi,1111.0,2.0,49.43,2
3272,Hoodi,711.0,1.0,42.65,1
3273,Hoodi,1559.0,3.0,81.55,3
3274,Hoodi,863.0,1.0,40.55,1
3275,Hoodi,1715.0,2.0,100.0,3
3276,Hoodi,1350.0,3.0,70.0,3
3277,Hoodi,1660.0,3.0,131.0,3
3278,Hoodi,1225.0,2.0,45.0,2
3279,Hoodi,1447.0,3.0,76.0,2
3280,Hoodi,1660.0,3.0,128.0,3
3281,Hoodi,2144.0,3.0,140.0,3
3282,Hoodi,1108.0,2.0,66.46,2
3283,Hoodi,1108.0,2.0,87.48,2
3284,Hoodi,1400.0,3.0,74.0,3
3285,Hoodi,1837.0,3.0,110.0,3
3286,Hoodi,1660.0,3.0,125.0,3
3287,Hoodi,1644.0,3.0,80.51,3
3288,Hoodi,1181.0,2.0,55.0,2
3289,Hoodi,1490.0,3.0,85.0,3
3290,Hoodi,1258.5,2.0,59.135,2
3291,Horamavu Agara,1200.0,2.0,45.0,2
3292,Horamavu Agara,1560.0,3.0,75.0,3
3293,Horamavu Agara,982.0,2.0,47.65,2
3294,Horamavu Agara,1650.0,2.0,75.0,3
3295,Horamavu Agara,950.0,2.0,39.0,2
3296,Horamavu Agara,1170.0,2.0,38.0,2
3297,Horamavu Agara,1756.0,3.0,92.0,3
3298,Horamavu Agara,1106.0,2.0,43.09,2
3299,Horamavu Agara,1079.0,2.0,41.0,2
3300,Horamavu Agara,1169.0,2.0,64.0,2
3301,Horamavu Agara,1265.0,2.0,65.0,3
3302,Horamavu Agara,1060.0,2.0,37.0,2
3303,Horamavu Agara,1107.83,2.0,41.51,2
3304,Horamavu Agara,980.0,2.0,38.19,2
3305,Horamavu Agara,1250.0,3.0,65.0,3
3306,Horamavu Agara,1284.0,2.0,75.0,3
3307,Horamavu Agara,1145.0,2.0,41.21,2
3308,Horamavu Agara,1000.0,2.0,46.0,2
3309,Horamavu Agara,1150.0,2.0,42.0,2
3310,Horamavu Agara,1623.0,3.0,89.0,3
3311,Horamavu Agara,1080.0,2.0,38.0,2
3312,Horamavu Agara,994.0,2.0,42.28,2
3313,Horamavu Agara,1107.83,2.0,41.51,2
3314,Horamavu Agara,1300.0,2.0,52.0,3
3315,Horamavu Agara,1090.0,2.0,46.0,2
3316,Horamavu Agara,1400.0,3.0,63.0,3
3317,Horamavu Agara,1557.0,3.0,70.0,3
3318,Horamavu Agara,1058.0,2.0,47.0,2
3320,Horamavu Banaswadi,1611.0,3.0,66.0,3
3321,Horamavu Banaswadi,1460.0,2.0,80.5,2
3322,Horamavu Banaswadi,1156.0,2.0,46.0,2
3323,Horamavu Banaswadi,1180.0,2.0,58.0,2
3324,Horamavu Banaswadi,1307.0,2.0,51.6,2
3325,Horamavu Banaswadi,1357.0,2.0,54.0,2
3326,Horamavu Banaswadi,925.0,2.0,38.0,2
3327,Horamavu Banaswadi,1272.0,2.0,48.0,2
3328,Horamavu Banaswadi,1225.0,2.0,49.5,2
3329,Horamavu Banaswadi,1272.0,2.0,51.5,2
3330,Horamavu Banaswadi,1272.0,2.0,51.5,2
3331,Horamavu Banaswadi,1156.0,2.0,46.9,2
3332,Horamavu Banaswadi,1200.0,2.0,45.0,2
3333,Horamavu Banaswadi,1254.0,2.0,47.0,2
3334,Horamavu Banaswadi,1610.0,3.0,68.0,3
3335,Horamavu Banaswadi,1210.0,2.0,50.0,2
3336,Horamavu Banaswadi,1357.0,2.0,54.0,2
3337,Horamavu Banaswadi,1272.0,2.0,50.0,2
3338,Horamavu Banaswadi,1200.0,2.0,45.0,2
3339,Horamavu Banaswadi,1025.0,2.0,45.0,2
3340,Horamavu Banaswadi,1081.0,2.0,52.0,2
3341,Horamavu Banaswadi,1000.0,2.0,50.0,2
3342,Hormavu,1500.0,2.0,78.0,2
3343,Hormavu,1150.0,2.0,55.0,2
3344,Hormavu,715.0,1.0,46.0,1
3346,Hormavu,1180.0,2.0,50.0,2
3347,Hormavu,1050.0,2.0,77.0,2
3348,Hormavu,1200.0,2.0,67.0,2
3349,Hormavu,1200.0,3.0,70.0,2
3350,Hormavu,1175.0,2.0,52.0,2
3351,Hormavu,1351.0,2.0,53.0,1
3352,Hormavu,1141.0,2.0,44.4,2
3353,Hormavu,1130.0,2.0,42.3,2
3354,Hormavu,1500.0,3.0,70.0,3
3355,Hormavu,1725.0,3.0,85.0,3
3356,Hormavu,1153.0,2.0,65.0,2
3358,Hormavu,1150.0,2.0,53.11,2
3359,Hormavu,1123.0,2.0,56.0,2
3360,Hormavu,1385.0,2.0,69.0,3
3361,Hormavu,1617.5,3.0,73.595,3
3362,Hormavu,3000.0,4.0,100.0,4
3363,Hormavu,1093.0,2.0,32.78,2
3364,Hormavu,1260.0,2.0,35.0,2
3366,Hormavu,1030.0,2.0,49.35,2
3367,Hormavu,1018.0,2.0,50.8,2
3368,Hormavu,1555.0,3.0,75.0,3
3369,Hormavu,1143.0,2.0,53.0,2
3370,Hormavu,1100.0,2.0,38.0,2
3371,Hormavu,750.0,2.0,58.0,2
3372,Hormavu,1000.0,2.0,50.0,2
3373,Hormavu,1350.0,2.0,45.0,2
3374,Hormavu,1200.0,2.0,68.0,2
3376,Hormavu,1200.0,2.0,68.0,2
3377,Hormavu,765.0,2.0,37.49,2
3378,Hormavu,1668.0,2.0,120.0,3
3380,Hormavu,1081.5,2.0,38.665,2
3381,Hormavu,1250.0,2.0,60.0,2
3382,Hormavu,1206.0,2.0,40.0,2
3383,Hormavu,965.0,2.0,37.15,2
3384,Hormavu,1129.0,2.0,44.0,2
3385,Hormavu,1385.0,2.0,69.25,3
3386,Hormavu,1165.0,2.0,40.0,2
3387,Hormavu,1065.0,2.0,50.92,2
3388,Hormavu,1046.0,2.0,60.0,2
3389,Hormavu,1400.0,2.0,75.0,2
3390,Hormavu,1365.0,2.0,65.0,3
3391,Hormavu,1196.0,2.0,44.8,2
3392,Hormavu,1263.0,2.0,47.36,2
3393,Hormavu,1015.0,2.0,39.08,2
3395,Hormavu,1200.0,2.0,73.0,2
3396,Hormavu,1250.0,2.0,65.0,2
3397,Hormavu,1604.0,3.0,68.0,3
3398,Hormavu,1075.0,2.0,53.7,2
3399,Hormavu,980.0,2.0,42.0,2
3400,Hormavu,860.0,2.0,56.0,2
3401,Hormavu,1075.0,2.0,53.7,2
3402,Hormavu,2282.0,4.0,115.0,4
3403,Hormavu,1206.0,2.0,55.0,2
3404,Hormavu,1310.0,2.0,67.0,2
3405,Hormavu,1310.0,2.0,60.0,2
3406,Hormavu,1020.0,2.0,45.75,2
3408,Hormavu,1210.0,2.0,69.0,2
3409,Hosa Road,1652.0,3.0,85.0,3
3410,Hosa Road,1639.0,3.0,80.0,3
3411,Hosa Road,1161.0,2.0,55.15,2
3412,Hosa Road,1726.0,3.0,81.99,3
3413,Hosa Road,1161.0,2.0,55.15,2
3414,Hosa Road,1430.0,2.0,97.52,2
3415,Hosa Road,1365.0,2.0,92.0,2
3417,Hosa Road,1332.0,2.0,86.12,3
3418,Hosa Road,1318.0,2.0,85.28,3
3419,Hosa Road,1513.0,3.0,103.0,3
3420,Hosa Road,1133.0,2.0,52.0,2
3421,Hosa Road,1016.0,2.0,40.0,2
3422,Hosa Road,972.0,2.0,40.0,2
3423,Hosa Road,1161.0,2.0,55.15,2
3424,Hosa Road,760.0,1.0,24.9,1
3425,Hosa Road,1532.0,3.0,98.13,3
3426,Hosa Road,1680.0,3.0,101.0,3
3427,Hosa Road,880.0,2.0,50.0,2
3428,Hosa Road,1533.0,3.0,98.18,3
3429,Hosa Road,1040.0,2.0,68.59,2
3430,Hosa Road,1369.1,2.0,98.0,2
3431,Hosa Road,1040.0,2.0,61.0,2
3432,Hosa Road,2500.0,3.0,100.0,3
3433,Hosa Road,1245.0,2.0,62.0,2
3434,Hosa Road,1311.0,2.0,84.86,3
3435,Hosa Road,1512.0,3.0,103.0,3
3436,Hosa Road,800.0,1.0,39.99,1
3437,Hosa Road,1726.0,3.0,81.99,3
3438,Hosa Road,840.0,2.0,28.0,2
3439,Hosa Road,1364.0,2.0,64.79,2
3440,Hosa Road,1016.0,2.0,45.0,2
3441,Hosa Road,1360.0,2.0,77.61,2
3442,Hosa Road,1170.0,2.0,65.0,2
3443,Hosa Road,1161.0,2.0,55.15,2
3444,Hosa Road,1538.0,3.0,107.0,3
3445,Hosa Road,1470.0,2.0,84.22,3
3446,Hosa Road,1513.0,3.0,103.0,3
3447,Hosa Road,1161.0,2.0,48.75,2
3449,Hosa Road,1016.0,2.0,39.95,2
3450,Hosakerehalli,2378.0,3.0,262.0,3
3451,Hosakerehalli,2376.0,3.0,203.0,3
3452,Hosakerehalli,3024.0,5.0,248.0,4
3453,Hosakerehalli,1200.0,3.0,175.0,3
3454,Hosakerehalli,2400.0,5.0,250.0,5
3455,Hosakerehalli,1817.0,4.0,153.0,3
3456,Hosakerehalli,1304.0,2.0,100.0,2
3457,Hosakerehalli,1200.0,1.0,150.0,1
3458,Hosakerehalli,3600.0,6.0,145.0,8
3459,Hosakerehalli,2480.0,3.0,245.0,3
3460,Hosakerehalli,925.0,2.0,46.5,2
3461,Hosakerehalli,2480.0,4.0,260.0,3
3462,Hosakerehalli,1596.0,3.0,79.8,3
3463,Hosakerehalli,1200.0,2.0,100.0,3
3464,Hosakerehalli,3205.0,4.0,300.0,4
3465,Hosakerehalli,600.0,2.0,65.0,2
3466,Hosakerehalli,2480.0,4.0,265.0,3
3467,Hosakerehalli,925.0,2.0,46.25,2
3468,Hosakerehalli,2376.0,3.0,240.0,3
3469,Hosakerehalli,4500.0,5.0,145.0,5
3470,Hosakerehalli,1500.0,6.0,145.0,5
3471,Hoskote,1250.0,3.0,50.0,3
3474,Hoskote,1170.0,2.0,45.0,2
3476,Hoskote,1200.0,3.0,57.0,3
3477,Hoskote,1069.0,2.0,38.0,3
3478,Hoskote,1095.0,2.0,33.6,2
3480,Hoskote,1065.0,2.0,31.5,2
3481,Hoskote,1395.0,2.0,63.0,3
3482,Hoskote,1065.0,2.0,28.5,2
3483,Hoskote,945.0,2.0,35.0,2
3484,Hoskote,1003.5,2.0,28.095,2
3485,Hoskote,1065.0,2.0,33.75,2
3486,Hosur Road,1656.0,2.0,120.0,2
3487,Hosur Road,1194.0,2.0,69.0,2
3489,Hosur Road,1145.0,2.0,60.0,3
3490,Hosur Road,1510.0,2.0,105.0,3
3491,Hosur Road,1427.0,2.0,80.63,3
3492,Hosur Road,1508.0,2.0,110.0,3
3493,Hosur Road,1345.0,2.0,106.0,2
3494,Hosur Road,1590.0,2.0,125.0,3
3495,Hosur Road,1590.0,2.0,135.0,3
3496,Hosur Road,760.0,1.0,21.28,1
3497,Hosur Road,1733.0,2.0,85.0,3
3498,Hosur Road,1179.0,2.0,49.0,2
3499,Hosur Road,950.0,2.0,60.0,2
3500,Hosur Road,1194.0,2.0,71.64,2
3501,Hosur Road,1766.0,3.0,130.0,3
3502,Hosur Road,1689.0,3.0,103.0,3
3503,Hosur Road,1345.0,2.0,106.0,2
3504,Hosur Road,1590.0,2.0,126.0,3
3505,Hosur Road,1170.0,2.0,48.0,2
3506,Hosur Road,1345.0,2.0,108.0,2
3507,Hosur Road,1250.0,2.0,55.0,2
3508,Hosur Road,1689.0,3.0,103.0,3
3509,Hosur Road,660.0,1.0,23.0,1
3510,Hosur Road,3000.0,4.0,160.0,4
3511,Hosur Road,2000.0,4.0,130.0,4
3512,Hosur Road,1250.0,2.0,65.0,2
3513,Hosur Road,1689.0,3.0,103.0,3
3514,Hosur Road,1427.0,2.0,130.0,3
3516,Hosur Road,1345.0,2.0,106.0,2
3517,Hosur Road,1685.0,3.0,90.0,3
3518,Hosur Road,1223.0,2.0,93.0,2
3519,Hosur Road,1919.0,3.0,117.0,3
3520,Hulimavu,1125.0,2.0,50.0,2
3521,Hulimavu,1242.0,2.0,51.0,2
3522,Hulimavu,1650.0,3.0,78.0,3
3523,Hulimavu,1823.0,3.0,100.0,3
3524,Hulimavu,1080.0,2.0,43.2,2
3525,Hulimavu,1100.0,2.0,71.5,2
3527,Hulimavu,688.0,1.0,50.0,1
3528,Hulimavu,1255.0,2.0,73.0,2
3529,Hulimavu,1200.0,4.0,75.0,4
3530,Hulimavu,1058.0,2.0,48.0,2
3531,Hulimavu,1375.0,2.0,80.0,2
3532,Hulimavu,1248.0,2.0,69.0,2
3533,Hulimavu,1818.0,3.0,135.0,3
3534,Hulimavu,1225.0,2.0,55.0,2
3535,Hulimavu,1255.0,2.0,74.0,2
3536,Hulimavu,1175.0,2.0,45.0,2
3537,Hulimavu,1255.0,2.0,69.0,2
3538,Hulimavu,1255.0,2.0,66.0,2
3539,Hulimavu,1127.0,2.0,65.0,2
3540,Hulimavu,1200.0,2.0,50.0,2
3541,Hulimavu,1450.0,3.0,72.0,3
3542,Hulimavu,1200.0,2.0,75.0,2
3543,Hulimavu,1430.0,2.0,90.0,3
3544,Hulimavu,850.0,1.0,39.5,2
3545,Hulimavu,1000.0,2.0,45.0,2
3546,Hulimavu,1320.0,2.0,59.0,3
3547,Hulimavu,2000.0,4.0,100.0,4
3548,Hulimavu,1011.0,2.0,38.0,2
3549,Hulimavu,1276.0,2.0,76.0,2
3550,Hulimavu,1500.0,2.0,90.0,2
3551,Hulimavu,1315.0,2.0,60.48,2
3552,Hulimavu,1021.0,2.0,76.0,2
3553,Hulimavu,581.0,1.0,29.0,1
3554,Hulimavu,935.0,2.0,45.0,2
3555,Hulimavu,1050.0,2.0,125.0,2
3556,Hulimavu,1320.0,2.0,65.0,3
3557,Hulimavu,1200.0,4.0,75.0,4
3558,Hulimavu,1260.0,2.0,82.0,3
3559,Hulimavu,1231.0,2.0,84.5,2
3560,Hulimavu,1916.0,2.0,150.0,3
3561,Hulimavu,1115.0,2.0,44.6,2
3562,ISRO Layout,1000.0,2.0,60.0,2
3563,ISRO Layout,1180.0,2.0,52.0,2
3564,ISRO Layout,1000.0,2.0,60.0,2
3565,ISRO Layout,1310.0,2.0,68.0,3
3566,ISRO Layout,1050.0,2.0,51.0,2
3567,ISRO Layout,1370.0,2.0,87.0,3
3568,ITPL,1200.0,3.0,56.12,3
3569,ITPL,1548.0,3.0,89.5,3
3570,ITPL,1200.0,3.0,68.4,3
3571,ITPL,1000.0,2.0,29.95,2
3572,ITPL,1200.0,3.0,56.12,3
3573,ITPL,1200.0,3.0,56.12,3
3574,ITPL,907.0,2.0,55.43,2
3575,ITPL,900.0,2.0,27.0,2
3576,ITPL,1500.0,3.0,61.52,3
3577,ITPL,850.0,2.0,25.4,2
3578,Iblur Village,3235.0,3.0,235.0,3
3579,Iblur Village,3596.0,5.0,290.0,4
3580,Iblur Village,1920.0,3.0,130.0,3
3581,Iblur Village,1995.0,3.0,135.0,3
3582,Iblur Village,3596.0,5.0,282.0,4
3583,Iblur Village,2300.0,3.0,220.0,3
3584,Iblur Village,1918.0,3.0,129.0,3
3585,Iblur Village,3596.0,5.0,252.0,4
3586,Iblur Village,2987.5,5.0,191.0,4
3587,Iblur Village,2100.0,4.0,145.0,3
3588,Iblur Village,1920.0,3.0,150.0,3
3589,Iblur Village,1920.0,3.0,130.0,3
3590,Iblur Village,1920.0,3.0,150.0,3
3591,Iblur Village,2000.0,4.0,138.0,3
3592,Iblur Village,3596.0,5.0,260.0,4
3593,Iblur Village,3596.0,5.0,279.0,4
3594,Iblur Village,2666.0,4.0,200.0,3
3595,Iblur Village,3596.0,5.0,297.0,4
3596,Iblur Village,1920.0,3.0,130.0,3
3597,Iblur Village,3596.0,4.0,268.0,4
3598,Iblur Village,3596.0,5.0,251.0,4
3599,Indira Nagar,2200.0,4.0,200.0,4
3600,Indira Nagar,1200.0,2.0,93.0,2
3601,Indira Nagar,1128.0,2.0,105.0,2
3602,Indira Nagar,2800.0,3.0,330.0,3
3603,Indira Nagar,1650.0,3.0,200.0,3
3604,Indira Nagar,1875.0,3.0,180.0,3
3605,Indira Nagar,1210.0,2.0,102.0,2
3606,Indira Nagar,1224.0,2.0,105.0,2
3607,Indira Nagar,2070.0,3.0,225.0,3
3608,Indira Nagar,500.0,1.0,70.0,1
3609,Indira Nagar,1400.0,2.0,168.0,2
3610,Indira Nagar,2400.0,4.0,525.0,4
3611,Indira Nagar,1407.0,3.0,120.0,3
3612,Indira Nagar,1145.0,2.0,100.0,2
3613,Indira Nagar,1470.0,2.0,170.0,2
3614,Indira Nagar,2700.0,3.0,324.0,3
3615,Indira Nagar,850.0,1.0,57.0,1
3616,Indira Nagar,2601.0,4.0,312.0,3
3617,Indira Nagar,1260.0,2.0,100.0,2
3618,Indira Nagar,1740.0,3.0,191.0,3
3619,Indira Nagar,1650.0,3.0,220.0,3
3620,Indira Nagar,1700.0,3.0,150.0,3
3621,Indira Nagar,3200.0,3.0,250.0,4
3622,Indira Nagar,1440.0,3.0,275.0,3
3623,Indira Nagar,1475.0,2.0,171.0,2
3624,Indira Nagar,3200.0,4.0,440.0,4
3625,Indira Nagar,850.0,1.0,60.0,1
3626,Indira Nagar,2400.0,4.0,405.0,4
3627,Indira Nagar,1800.0,5.0,350.0,5
3628,Indira Nagar,1500.0,3.0,120.0,3
3629,Indira Nagar,2200.0,3.0,160.0,3
3630,Indira Nagar,1650.0,3.0,200.0,3
3631,Indira Nagar,2800.0,4.0,365.0,4
3632,Indira Nagar,1260.0,2.0,120.0,2
3633,Indira Nagar,1149.0,2.0,130.0,2
3634,Indira Nagar,1650.0,3.0,150.0,3
3635,Indira Nagar,2400.0,6.0,475.0,6
3636,JP Nagar,1850.0,3.0,150.0,3
3637,JP Nagar,1000.0,2.0,35.0,2
3638,JP Nagar,1100.0,2.0,70.0,2
3639,JP Nagar,940.0,2.0,49.0,2
3640,JP Nagar,2500.0,3.0,135.0,3
3641,JP Nagar,1120.0,2.0,33.6,2
3642,JP Nagar,1078.0,2.0,45.0,2
3643,JP Nagar,1050.0,1.0,44.0,1
3644,JP Nagar,1352.5,2.0,93.865,2
3645,JP Nagar,1200.0,2.0,62.0,2
3646,JP Nagar,1650.0,3.0,220.0,4
3647,JP Nagar,1300.0,2.0,90.87,2
3648,JP Nagar,1315.0,2.0,85.4,3
3649,JP Nagar,1690.0,3.0,112.0,3
3650,JP Nagar,3000.0,4.0,140.0,4
3651,JP Nagar,3000.0,4.0,140.0,4
3652,JP Nagar,1300.0,2.0,109.0,2
3653,JP Nagar,3300.0,4.0,160.0,3
3654,JP Nagar,1245.0,2.0,110.0,2
3655,JP Nagar,1150.0,2.0,49.9,3
3656,JP Nagar,1152.0,2.0,34.56,2
3657,JP Nagar,1100.0,1.0,15.0,2
3658,JP Nagar,750.0,1.0,52.5,1
3659,JP Nagar,1200.0,2.0,78.0,2
3660,JP Nagar,1850.0,2.0,110.0,3
3661,JP Nagar,1100.0,2.0,45.0,2
3662,JP Nagar,1197.0,2.0,47.88,2
3664,JP Nagar,2700.0,4.0,160.0,7
3665,JP Nagar,1500.0,2.0,82.0,3
3666,JP Nagar,820.0,2.0,45.0,2
3667,JP Nagar,1750.0,3.0,123.0,3
3668,JP Nagar,2195.0,2.0,152.0,3
3671,JP Nagar,3496.5,2.0,237.5,3
3672,JP Nagar,1600.0,3.0,83.0,3
3673,JP Nagar,3000.0,3.0,150.0,4
3674,JP Nagar,20000.0,3.0,175.0,3
3675,JP Nagar,2050.0,3.0,82.0,3
3676,JP Nagar,745.0,1.0,34.27,1
3677,JP Nagar,1800.0,6.0,68.0,6
3678,JP Nagar,1150.0,2.0,90.0,2
3680,JP Nagar,1960.0,3.0,138.0,3
3681,JP Nagar,1500.0,2.0,87.0,4
3682,JP Nagar,1590.0,2.0,85.0,3
3683,JP Nagar,1250.0,2.0,60.0,2
3684,JP Nagar,1125.0,2.0,39.98,2
3685,JP Nagar,2400.0,3.0,196.0,3
3686,JP Nagar,1060.0,2.0,33.95,2
3687,JP Nagar,1300.0,2.0,91.65,2
3688,JP Nagar,1107.0,2.0,57.0,2
3689,JP Nagar,1250.0,2.0,93.0,2
3690,JP Nagar,1133.0,2.0,33.99,2
3691,JP Nagar,1500.0,2.0,108.0,3
3692,JP Nagar,1520.0,3.0,125.0,3
3693,JP Nagar,1405.0,2.0,99.0,2
3694,JP Nagar,1157.0,2.0,73.0,2
3695,JP Nagar,1500.0,2.0,82.0,3
3696,JP Nagar,1048.0,2.0,44.0,2
3697,Jakkur,1417.0,2.0,75.0,2
3698,Jakkur,1590.0,2.0,125.0,3
3699,Jakkur,1279.0,2.0,77.0,2
3700,Jakkur,1710.0,3.0,107.0,3
3701,Jakkur,1396.0,2.0,86.51,3
3702,Jakkur,3467.86,6.0,249.0,4
3703,Jakkur,1865.0,3.0,124.0,3
3704,Jakkur,1100.0,2.0,53.35,2
3705,Jakkur,1100.0,2.0,52.0,2
3706,Jakkur,3181.0,2.0,260.5,4
3707,Jakkur,1760.0,3.0,139.0,3
3708,Jakkur,1290.0,2.0,100.0,2
3709,Jakkur,1452.19,2.0,100.0,2
3710,Jakkur,1798.0,3.0,120.0,3
3711,Jakkur,1300.0,2.0,85.0,2
3712,Jakkur,3181.0,4.0,260.5,4
3713,Jakkur,1950.0,3.0,131.0,3
3714,Jakkur,1858.0,3.0,98.3,3
3715,Jakkur,1230.0,2.0,76.0,2
3716,Jakkur,1819.18,3.0,160.0,3
3718,Jakkur,1050.0,2.0,49.87,2
3719,Jakkur,1290.0,2.0,80.0,2
3720,Jakkur,1760.0,3.0,110.0,3
3721,Jakkur,2283.0,4.0,130.0,4
3722,Jakkur,1483.0,2.0,98.0,2
3723,Jakkur,1482.0,3.0,86.0,3
3724,Jakkur,1645.0,3.0,100.0,3
3725,Jakkur,1650.0,3.0,111.0,3
3727,Jakkur,2423.0,4.0,160.0,3
3728,Jakkur,1819.18,3.0,168.0,3
3729,Jakkur,2197.0,3.0,136.0,3
3730,Jakkur,1125.0,2.0,65.0,2
3732,Jakkur,1230.0,2.0,79.0,2
3733,Jakkur,1202.0,2.0,79.0,2
3735,Jakkur,1858.0,3.0,123.0,3
3736,Jakkur,850.0,1.0,19.9,2
3737,Jakkur,3181.0,2.0,229.0,4
3738,Jakkur,1745.0,2.0,98.485,3
3739,Jakkur,1798.0,3.0,110.0,3
3740,Jakkur,1785.0,3.0,130.0,3
3741,Jakkur,1080.0,2.0,60.0,2
3742,Jakkur,1260.0,2.0,71.195,2
3743,Jakkur,1816.0,3.0,119.0,3
3744,Jakkur,1424.0,2.0,80.0,2
3745,Jakkur,1290.0,2.0,85.0,2
3746,Jakkur,2249.81,4.0,245.0,4
3747,Jakkur,1300.0,2.0,80.0,2
3748,Jakkur,1290.0,2.0,80.04,2
3749,Jakkur,1282.0,2.0,72.0,2
3751,Jakkur,1880.0,4.0,110.0,3
3752,Jakkur,1660.0,3.0,104.0,3
3753,Jakkur,1291.0,2.0,75.0,2
3754,Jakkur,1473.0,2.0,85.0,2
3756,Jakkur,1660.0,3.0,104.0,3
3757,Jakkur,1950.0,3.0,131.0,3
3758,Jakkur,1432.0,2.0,85.0,2
3759,Jakkur,1150.0,3.0,65.0,3
3760,Jakkur,1932.47,3.0,183.0,3
3761,Jakkur,1710.0,3.0,110.0,3
3762,Jakkur,1125.0,2.0,44.75,2
3764,Jalahalli,2250.0,3.0,160.0,3
3765,Jalahalli,1694.0,2.0,125.0,2
3766,Jalahalli,1870.0,3.0,110.0,3
3767,Jalahalli,1400.0,1.0,80.0,2
3768,Jalahalli,1045.0,2.0,76.77,2
3769,Jalahalli,1478.0,2.0,125.0,2
3771,Jalahalli,2113.0,3.0,155.0,3
3772,Jalahalli,1570.0,3.0,140.0,3
3773,Jalahalli,1932.0,4.0,135.0,3
3774,Jalahalli,1045.0,2.0,58.0,2
3775,Jalahalli,1200.0,4.0,90.0,4
3776,Jalahalli,1020.0,2.0,52.0,2
3777,Jalahalli,790.0,2.0,49.5,2
3779,Jalahalli,1770.0,3.0,100.0,3
3780,Jalahalli,1569.0,3.0,118.0,3
3781,Jalahalli,1478.0,2.0,125.0,2
3782,Jalahalli,600.0,1.0,37.0,1
3783,Jalahalli,612.5,1.0,27.565,1
3784,Jalahalli,2404.0,3.0,138.0,3
3785,Jalahalli,905.0,2.0,55.0,2
3786,Jalahalli,1000.0,2.0,70.0,2
3788,Jalahalli,1470.0,2.0,102.0,3
3789,Jalahalli,1244.0,2.0,88.0,2
3790,Jalahalli,1407.0,2.0,98.49,2
3791,Jalahalli,1200.0,2.0,66.0,1
3793,Jalahalli,1045.0,2.0,76.77,2
3794,Jalahalli,1575.0,4.0,100.0,3
3795,Jalahalli,980.0,2.0,60.0,3
3796,Jalahalli,1313.0,2.0,68.0,2
3797,Jalahalli,1701.0,2.0,145.0,2
3798,Jalahalli,1881.0,3.0,115.0,3
3799,Jalahalli,1405.0,2.0,85.0,3
3800,Jalahalli East,1020.0,2.0,58.0,2
3801,Jalahalli East,1020.0,2.0,42.48,2
3802,Jalahalli East,775.0,1.0,34.1,1
3803,Jalahalli East,1010.0,2.0,52.0,2
3804,Jalahalli East,1010.0,2.0,52.0,2
3805,Jalahalli East,1020.0,2.0,42.48,2
3807,Jigani,1020.0,2.0,40.0,2
3808,Jigani,918.0,2.0,52.0,2
3809,Jigani,918.0,2.0,48.0,2
3810,Jigani,924.0,2.0,65.0,2
3812,Jigani,914.0,2.0,47.0,2
3813,Jigani,927.0,2.0,55.0,2
3814,Jigani,920.0,2.0,46.0,2
3815,Jigani,2400.0,4.0,130.0,3
3816,Jigani,918.0,2.0,45.0,2
3817,Jigani,918.0,2.0,63.2,2
3818,Jigani,933.0,2.0,43.0,2
3819,Jigani,918.0,2.0,55.0,2
3820,Jigani,937.0,2.0,44.0,2
3822,Jigani,923.0,2.0,50.0,2
3825,Jigani,1221.0,3.0,72.0,3
3826,Jigani,918.0,2.0,49.0,2
3828,Jigani,914.0,2.0,49.0,2
3829,Jigani,918.0,2.0,50.0,2
3831,Jigani,914.0,2.0,55.0,2
3835,Jigani,1221.0,3.0,75.0,3
3836,Jigani,1252.0,3.0,70.0,3
3839,Jigani,939.0,2.0,39.0,2
3840,Jigani,1221.0,3.0,70.0,3
3843,Jigani,943.0,2.0,48.0,2
3844,Jigani,918.0,2.0,56.0,2
3847,Jigani,943.0,2.0,49.5,2
3848,Judicial Layout,1300.0,3.0,64.0,3
3849,Judicial Layout,2070.0,3.0,162.0,3
3850,Judicial Layout,1700.0,3.0,155.0,3
3851,Judicial Layout,1100.0,2.0,53.0,3
3853,Judicial Layout,1200.0,4.0,220.0,3
3854,Judicial Layout,1165.0,2.0,49.61,2
3855,Judicial Layout,2400.0,4.0,350.0,4
3856,Judicial Layout,1500.0,3.0,162.0,4
3857,Judicial Layout,900.0,2.0,40.0,2
3858,Judicial Layout,1989.0,4.0,155.0,3
3859,KR Puram,1277.5,2.0,56.8,2
3860,KR Puram,930.0,2.0,39.0,2
3861,KR Puram,1155.0,2.0,42.74,2
3862,KR Puram,1225.0,2.0,46.55,2
3863,KR Puram,1200.0,4.0,120.0,4
3864,KR Puram,1100.0,2.0,47.0,2
3865,KR Puram,1200.0,2.0,71.0,2
3867,KR Puram,1200.0,2.0,90.0,2
3868,KR Puram,750.0,2.0,25.0,2
3869,KR Puram,1128.76,3.0,47.405,3
3870,KR Puram,1015.0,2.0,43.0,2
3871,KR Puram,1470.0,2.0,86.0,2
3872,KR Puram,714.0,1.0,28.0,1
3873,KR Puram,1142.0,2.0,51.0,2
3874,KR Puram,1115.0,2.0,33.45,2
3875,KR Puram,1021.0,2.0,48.0,2
3876,KR Puram,1559.0,3.0,69.315,3
3877,KR Puram,1035.0,2.0,40.5,2
3878,KR Puram,1550.0,2.0,71.0,2
3879,KR Puram,1192.5,2.0,51.22,2
3880,KR Puram,1100.0,2.0,46.0,2
3881,KR Puram,1290.0,2.0,49.02,2
3882,KR Puram,1752.0,3.0,145.0,3
3883,KR Puram,1100.0,2.0,43.0,2
3884,KR Puram,950.0,2.0,40.0,2
3885,KR Puram,1156.0,2.0,72.0,2
3886,KR Puram,1000.0,2.0,60.0,2
3888,KR Puram,1452.0,3.0,60.0,3
3889,KR Puram,1001.0,2.0,30.0,2
3890,KR Puram,750.0,2.0,40.0,2
3891,KR Puram,1462.5,2.0,62.81,3
3892,KR Puram,2000.0,6.0,85.0,6
3893,KR Puram,1000.0,2.0,44.5,2
3894,KR Puram,1200.0,2.0,47.0,2
3895,KR Puram,1200.0,1.0,65.0,2
3896,KR Puram,1583.0,2.0,70.445,3
3897,KR Puram,1076.0,2.0,67.0,2
3898,KR Puram,1140.0,2.0,43.32,2
3899,KR Puram,4300.0,6.0,175.0,6
3900,KR Puram,1200.0,2.0,42.0,2
3901,KR Puram,1430.0,2.0,61.0,3
3902,KR Puram,1040.0,2.0,50.0,2
3903,KR Puram,1200.0,4.0,83.0,4
3904,KR Puram,2500.0,6.0,58.0,6
3905,KR Puram,734.0,2.0,22.0,2
3906,KR Puram,1200.0,4.0,100.0,4
3907,KR Puram,1120.0,2.0,36.0,2
3908,KR Puram,1150.0,2.0,42.0,2
3909,KR Puram,4600.0,9.0,200.0,9
3910,KR Puram,1050.0,2.0,55.0,2
3911,KR Puram,1057.0,2.0,30.0,2
3912,KR Puram,1085.0,2.0,46.5,2
3913,KR Puram,1700.0,3.0,105.0,3
3914,KR Puram,1200.0,2.0,72.0,2
3915,KR Puram,2000.0,2.0,75.0,2
3916,KR Puram,1100.0,2.0,45.0,2
3917,KR Puram,1035.0,2.0,40.0,2
3918,KR Puram,1116.0,2.0,45.0,2
3919,KR Puram,1290.0,2.0,69.0,2
3920,KR Puram,1300.0,2.0,57.0,3
3921,KR Puram,866.28,2.0,36.38,2
3922,KR Puram,1096.0,2.0,43.0,2
3923,KR Puram,1204.0,2.0,58.0,2
3924,KR Puram,700.0,1.0,21.5,1
3925,KR Puram,1205.0,2.0,45.79,2
3926,KR Puram,1827.0,3.0,97.0,3
3927,KR Puram,1075.0,2.0,32.25,2
3928,KR Puram,1400.0,2.0,60.0,3
3929,KR Puram,1100.0,2.0,39.9,2
3930,KR Puram,2283.0,2.0,121.0,4
3931,KR Puram,2800.0,6.0,110.0,7
3932,KR Puram,1020.0,2.0,39.0,2
3933,KR Puram,1200.0,2.0,75.0,2
3934,KR Puram,1245.0,2.0,60.0,2
3936,Kadubeesanahalli,970.0,2.0,35.0,2
3937,Kadubeesanahalli,1532.0,3.0,115.0,3
3939,Kadubeesanahalli,1424.0,2.0,75.0,3
3940,Kadubeesanahalli,1257.0,2.0,93.0,2
3941,Kadubeesanahalli,1365.0,3.0,80.0,3
3942,Kadubeesanahalli,1257.0,2.0,105.0,2
3943,Kadubeesanahalli,1184.0,2.0,55.0,2
3944,Kadubeesanahalli,1185.0,2.0,55.0,2
3945,Kadubeesanahalli,1140.0,2.0,78.0,2
3946,Kadugodi,1050.0,2.0,34.0,2
3947,Kadugodi,1260.0,2.0,54.0,3
3948,Kadugodi,1762.0,3.0,91.45,3
3949,Kadugodi,1198.0,2.0,58.0,2
3951,Kadugodi,1890.0,4.0,127.0,3
3952,Kadugodi,1762.0,3.0,110.0,3
3953,Kadugodi,950.0,3.0,80.0,3
3954,Kadugodi,1900.0,3.0,108.0,3
3955,Kadugodi,1314.0,2.0,68.2,2
3956,Kadugodi,1645.0,2.0,82.0,3
3957,Kadugodi,4000.0,7.0,130.0,7
3958,Kadugodi,1100.0,2.0,45.0,2
3959,Kadugodi,1711.0,3.0,75.0,3
3960,Kadugodi,1314.0,2.0,78.0,2
3961,Kadugodi,1030.0,2.0,35.02,2
3962,Kadugodi,1762.0,3.0,112.0,3
3963,Kadugodi,1314.0,2.0,83.0,2
3964,Kadugodi,925.0,1.0,40.7,1
3965,Kadugodi,1351.0,2.0,78.0,3
3966,Kadugodi,1010.0,2.0,50.0,2
3967,Kadugodi,1890.0,4.0,125.0,3
3968,Kadugodi,1050.0,2.0,34.0,2
3969,Kadugodi,1152.0,2.0,61.0,2
3970,Kadugodi,1394.0,2.0,56.0,2
3971,Kadugodi,1762.0,3.0,112.0,3
3972,Kadugodi,1890.0,4.0,125.0,3
3974,Kadugodi,3000.0,4.0,134.0,4
3975,Kadugodi,1088.0,2.0,44.0,2
3976,Kadugodi,1875.0,2.0,110.0,3
3977,Kadugodi,1150.0,2.0,42.0,2
3978,Kadugodi,1762.0,3.0,109.0,3
3979,Kadugodi,1314.0,2.0,80.0,2
3980,Kadugodi,1196.0,2.0,60.0,2
3981,Kaggadasapura,1280.0,2.0,56.0,3
3982,Kaggadasapura,1140.0,2.0,40.0,2
3983,Kaggadasapura,1515.0,3.0,83.3,3
3984,Kaggadasapura,1185.0,2.0,41.0,2
3985,Kaggadasapura,1275.0,2.0,52.0,2
3986,Kaggadasapura,2150.0,4.0,100.0,4
3987,Kaggadasapura,1150.0,2.0,42.0,2
3988,Kaggadasapura,1110.0,2.0,53.0,2
3989,Kaggadasapura,1105.0,2.0,38.67,2
3990,Kaggadasapura,1060.0,2.0,48.0,2
3991,Kaggadasapura,1350.0,3.0,55.5,3
3992,Kaggadasapura,1105.0,2.0,38.65,2
3993,Kaggadasapura,1063.0,2.0,42.0,2
3994,Kaggadasapura,1470.0,2.0,75.0,3
3995,Kaggadasapura,1050.0,2.0,48.0,2
3996,Kaggadasapura,1132.0,2.0,42.0,2
3997,Kaggadasapura,1180.0,2.0,65.0,2
3998,Kaggadasapura,1100.0,2.0,58.0,2
3999,Kaggadasapura,1325.0,2.0,50.0,2
4000,Kaggadasapura,1200.0,2.0,53.0,2
4001,Kaggadasapura,1035.0,2.0,45.5,2
4002,Kaggadasapura,1180.0,1.0,50.0,2
4003,Kaggadasapura,1140.0,2.0,46.0,2
4004,Kaggadasapura,1340.0,3.0,66.0,3
4005,Kaggadasapura,1256.0,2.0,50.0,3
4006,Kaggadasapura,1500.0,3.0,75.0,3
4007,Kaggadasapura,1215.0,2.0,43.0,2
4008,Kaggadasapura,1225.0,2.0,48.0,2
4009,Kaggadasapura,1805.0,2.0,75.0,3
4010,Kaggadasapura,1540.0,3.0,75.0,3
4011,Kaggadasapura,1240.0,2.0,45.0,2
4012,Kaggadasapura,1560.0,2.0,72.0,3
4013,Kaggadasapura,1240.0,2.0,58.58,2
4014,Kaggadasapura,1000.0,2.0,43.0,2
4015,Kaggadasapura,1225.0,2.0,48.0,2
4016,Kaggadasapura,960.0,2.0,45.0,2
4018,Kaggadasapura,1455.0,3.0,75.0,3
4019,Kaggadasapura,1045.0,2.0,55.0,2
4021,Kaggadasapura,1654.0,3.0,70.0,3
4022,Kaggadasapura,2150.0,4.0,90.0,4
4023,Kaggadasapura,1361.0,2.0,79.0,2
4024,Kaggadasapura,1106.0,2.0,40.0,2
4025,Kaggadasapura,1485.0,2.0,70.0,3
4026,Kaggadasapura,1175.0,2.0,50.0,2
4028,Kaggadasapura,1105.0,2.0,39.5,2
4029,Kaggadasapura,1500.0,2.0,75.0,3
4030,Kaggadasapura,1400.0,2.0,68.0,3
4031,Kaggadasapura,1150.0,2.0,45.0,2
4033,Kaggalipura,700.0,1.0,38.0,1
4034,Kaggalipura,950.0,2.0,65.0,2
4035,Kaggalipura,950.0,2.0,39.0,2
4037,Kaggalipura,700.0,1.0,36.0,1
4038,Kaggalipura,950.0,2.0,48.0,2
4039,Kaggalipura,1000.0,2.0,60.0,2
4040,Kaggalipura,950.0,2.0,50.0,2
4041,Kaggalipura,950.0,2.0,47.0,2
4042,Kaggalipura,1150.0,2.0,62.0,3
4043,Kaggalipura,700.0,1.0,35.0,1
4046,Kaggalipura,950.0,2.0,45.0,2
4047,Kaggalipura,950.0,2.0,60.0,2
4048,Kaikondrahalli,1039.0,2.0,80.0,2
4049,Kaikondrahalli,1645.0,3.0,100.0,3
4050,Kaikondrahalli,1115.0,2.0,50.0,2
4052,Kaikondrahalli,1300.0,2.0,61.0,2
4053,Kaikondrahalli,1700.0,4.0,108.0,4
4054,Kaikondrahalli,1342.0,3.0,92.0,3
4055,Kaikondrahalli,849.0,2.0,25.4,2
4056,Kaikondrahalli,674.0,1.0,19.9,2
4057,Kaikondrahalli,1605.0,3.0,105.0,3
4058,Kaikondrahalli,1253.0,2.0,81.5,2
4059,Kaikondrahalli,991.0,2.0,64.0,2
4060,Kaikondrahalli,900.0,2.0,27.0,2
4061,Kaikondrahalli,1250.0,2.0,78.0,2
4062,Kalena Agrahara,1200.0,2.0,50.0,2
4063,Kalena Agrahara,1804.0,3.0,120.0,3
4064,Kalena Agrahara,1425.0,2.0,70.0,3
4065,Kalena Agrahara,1325.0,2.0,76.0,2
4066,Kalena Agrahara,1450.0,2.0,85.0,3
4067,Kalena Agrahara,1765.0,3.0,125.0,3
4068,Kalena Agrahara,980.0,2.0,40.0,2
4069,Kalena Agrahara,1187.0,2.0,52.0,2
4070,Kalena Agrahara,800.0,2.0,30.0,2
4071,Kalena Agrahara,1270.0,2.0,100.0,2
4072,Kalena Agrahara,1565.0,3.0,78.0,3
4073,Kalena Agrahara,1120.0,2.0,40.0,2
4074,Kalena Agrahara,1040.0,2.0,45.0,2
4075,Kalena Agrahara,1450.0,3.0,100.0,3
4076,Kalena Agrahara,1000.0,2.0,33.0,2
4077,Kalena Agrahara,1902.0,3.0,89.0,3
4078,Kalena Agrahara,980.0,2.0,35.0,2
4079,Kalena Agrahara,800.0,2.0,40.0,2
4080,Kalena Agrahara,1222.0,2.0,48.0,2
4081,Kalena Agrahara,900.0,2.0,40.0,2
4082,Kalena Agrahara,1837.0,2.0,95.0,3
4083,Kalena Agrahara,1180.0,2.0,85.0,2
4084,Kalena Agrahara,1510.0,3.0,78.0,3
4085,Kalena Agrahara,1354.0,2.0,70.0,2
4086,Kalena Agrahara,1200.0,3.0,70.0,2
4087,Kalena Agrahara,1354.0,2.0,71.0,2
4088,Kalyan nagar,1290.0,2.0,110.0,2
4089,Kalyan nagar,1375.0,3.0,75.0,3
4090,Kalyan nagar,820.0,2.0,39.0,2
4091,Kalyan nagar,1640.0,3.0,88.0,3
4092,Kalyan nagar,1800.0,3.0,85.0,3
4093,Kalyan nagar,1080.0,2.0,73.0,2
4094,Kalyan nagar,2422.0,3.0,150.0,4
4095,Kalyan nagar,1280.0,2.0,48.0,2
4097,Kalyan nagar,1198.0,2.0,65.0,2
4098,Kalyan nagar,1250.0,2.0,65.0,2
4099,Kalyan nagar,1190.0,2.0,60.0,2
4100,Kalyan nagar,1086.0,2.0,44.5,2
4101,Kalyan nagar,2285.0,4.0,165.0,3
4102,Kalyan nagar,1100.0,2.0,70.0,2
4105,Kambipura,883.0,2.0,39.0,2
4106,Kambipura,883.0,2.0,39.0,2
4108,Kambipura,883.0,2.0,37.0,2
4109,Kambipura,883.0,2.0,44.0,2
4110,Kambipura,883.0,2.0,37.0,2
4111,Kambipura,883.0,2.0,39.0,2
4112,Kambipura,883.0,2.0,37.01,2
4113,Kambipura,883.0,2.0,39.0,2
4114,Kambipura,883.0,2.0,39.0,2
4116,Kammanahalli,2845.0,5.0,140.0,5
4117,Kammanahalli,1666.0,4.0,150.0,5
4118,Kammanahalli,700.0,1.0,59.0,1
4119,Kammanahalli,1200.0,2.0,80.0,2
4120,Kammanahalli,1100.0,2.0,60.0,2
4121,Kammanahalli,1200.0,1.0,81.0,2
4122,Kammanahalli,2900.0,4.0,200.0,4
4123,Kammanahalli,1200.0,3.0,80.0,2
4124,Kammasandra,1595.0,3.0,65.0,3
4125,Kammasandra,810.0,2.0,24.5,2
4126,Kammasandra,912.0,2.0,39.0,3
4127,Kammasandra,1156.0,2.0,32.0,2
4128,Kammasandra,870.0,2.0,24.0,2
4129,Kammasandra,1200.0,2.0,66.0,2
4130,Kammasandra,1018.0,2.0,23.45,2
4131,Kammasandra,990.0,2.0,31.5,2
4132,Kammasandra,930.0,2.0,25.0,2
4133,Kammasandra,992.0,2.0,25.79,2
4134,Kammasandra,1030.0,1.0,25.75,2
4135,Kammasandra,1015.0,2.0,37.0,2
4136,Kammasandra,1080.0,2.0,31.99,2
4137,Kammasandra,1415.0,2.0,60.0,2
4138,Kammasandra,1200.0,6.0,60.0,4
4139,Kammasandra,1057.0,2.0,35.0,2
4140,Kammasandra,982.0,2.0,25.53,2
4141,Kammasandra,1500.0,3.0,65.0,3
4142,Kammasandra,985.0,2.0,40.5,2
4143,Kammasandra,940.0,2.0,35.0,2
4144,Kanakapura,1419.0,3.0,75.0,3
4145,Kanakapura,929.0,2.0,46.0,2
4146,Kanakapura,1090.0,2.0,32.69,2
4147,Kanakapura,1020.0,2.0,42.83,2
4148,Kanakapura,1699.0,3.0,97.0,3
4149,Kanakapura,1130.0,2.0,45.2,2
4150,Kanakapura,1476.0,3.0,75.0,3
4151,Kanakapura,1295.0,2.0,64.0,2
4152,Kanakapura,1160.0,2.0,46.39,2
4153,Kanakapura,1277.0,2.0,55.0,2
4154,Kanakapura,1151.0,2.0,59.0,2
4155,Kanakapura,1110.0,2.0,38.85,2
4156,Kanakapura,1938.0,3.0,113.0,3
4157,Kanakapura,945.0,2.0,47.0,2
4158,Kanakapura,1254.0,2.0,70.0,3
4159,Kanakapura,1340.0,2.0,65.0,2
4161,Kanakapura,1450.0,3.0,75.0,3
4162,Kanakapura,1130.0,2.0,45.2,2
4163,Kanakapura,1090.0,2.0,38.15,2
4164,Kanakapura,1283.0,2.0,68.0,2
4165,Kanakapura,1120.0,2.0,39.2,2
4166,Kanakapura,1017.0,2.0,66.0,2
4167,Kanakapura,1290.0,2.0,51.1,3
4168,Kanakapura,938.0,1.0,50.0,1
4169,Kanakapura,825.0,1.0,35.475,1
4170,Kanakapura,1938.0,3.0,113.0,3
4171,Kanakapura,1090.0,2.0,38.15,2
4172,Kanakapura,1489.0,2.0,70.0,3
4173,Kanakapura,1477.0,2.0,69.5,3
4174,Kanakpura Road,700.0,2.0,36.0,2
4175,Kanakpura Road,1330.74,2.0,91.79,2
4176,Kanakpura Road,1005.0,2.0,36.68,2
4177,Kanakpura Road,1665.0,3.0,88.0,3
4178,Kanakpura Road,950.0,2.0,57.0,2
4179,Kanakpura Road,2250.0,4.0,110.0,4
4180,Kanakpura Road,1017.0,2.0,51.25,2
4182,Kanakpura Road,950.0,2.0,40.0,2
4184,Kanakpura Road,1135.0,2.0,39.73,2
4185,Kanakpura Road,1100.0,2.0,58.0,3
4186,Kanakpura Road,1180.0,2.0,57.0,2
4187,Kanakpura Road,1339.0,2.0,75.0,2
4188,Kanakpura Road,1100.0,3.0,58.0,3
4189,Kanakpura Road,1100.0,3.0,53.0,3
4190,Kanakpura Road,1843.0,3.0,95.84,3
4191,Kanakpura Road,1290.0,2.0,74.0,2
4192,Kanakpura Road,1500.0,2.0,69.0,2
4193,Kanakpura Road,1665.0,3.0,86.58,3
4195,Kanakpura Road,1542.0,2.0,85.0,3
4196,Kanakpura Road,1300.0,2.0,69.0,3
4197,Kanakpura Road,900.0,2.0,46.0,2
4198,Kanakpura Road,900.0,1.0,45.0,2
4199,Kanakpura Road,1843.0,3.0,92.15,3
4200,Kanakpura Road,900.0,2.0,46.0,2
4201,Kanakpura Road,900.0,2.0,46.0,2
4202,Kanakpura Road,1495.0,2.0,90.0,2
4203,Kanakpura Road,1699.0,3.0,81.94,3
4205,Kanakpura Road,1560.0,3.0,92.0,3
4206,Kanakpura Road,1135.0,2.0,58.0,2
4207,Kanakpura Road,1331.0,2.0,107.0,2
4208,Kanakpura Road,1296.0,2.0,89.0,2
4209,Kanakpura Road,1420.0,2.0,75.0,3
4210,Kanakpura Road,900.0,2.0,41.0,2
4211,Kanakpura Road,1297.0,2.0,105.0,2
4212,Kanakpura Road,1673.0,3.0,115.0,3
4213,Kanakpura Road,825.0,1.0,36.29,1
4214,Kanakpura Road,1080.0,2.0,37.8,2
4215,Kanakpura Road,983.0,2.0,50.6,2
4216,Kanakpura Road,1592.0,3.0,125.0,3
4218,Kanakpura Road,700.0,2.0,35.0,2
4220,Kanakpura Road,1077.0,2.0,37.7,2
4221,Kanakpura Road,1050.0,2.0,35.0,2
4223,Kanakpura Road,1050.0,2.0,36.75,2
4224,Kanakpura Road,1843.0,3.0,95.84,3
4225,Kanakpura Road,1500.0,3.0,97.0,3
4226,Kanakpura Road,1230.0,2.0,85.0,2
4227,Kanakpura Road,700.0,1.0,35.0,2
4228,Kanakpura Road,1366.0,3.0,76.85,2
4230,Kanakpura Road,1100.0,3.0,53.0,3
4231,Kanakpura Road,2265.0,3.0,136.0,3
4232,Kanakpura Road,1252.0,2.0,56.32,2
4233,Kanakpura Road,1100.0,3.0,53.0,3
4235,Kanakpura Road,1296.0,2.0,89.06,2
4236,Kanakpura Road,1339.0,2.0,62.0,2
4237,Kanakpura Road,1470.0,2.0,61.74,2
4238,Kanakpura Road,2200.0,3.0,130.0,3
4239,Kanakpura Road,1090.0,2.0,54.54,2
4240,Kanakpura Road,1051.0,2.0,56.74,2
4241,Kanakpura Road,1070.0,2.0,37.45,2
4242,Kanakpura Road,1339.0,2.0,58.0,2
4243,Kanakpura Road,1591.0,3.0,115.0,3
4244,Kanakpura Road,1299.0,2.0,85.0,2
4245,Kanakpura Road,950.0,2.0,45.0,2
4248,Kanakpura Road,1300.0,3.0,69.0,3
4249,Kanakpura Road,700.0,2.0,40.0,2
4250,Kanakpura Road,1700.0,3.0,88.0,3
4251,Kanakpura Road,1080.0,2.0,37.8,2
4252,Kanakpura Road,1591.0,3.0,120.0,3
4254,Kanakpura Road,1207.0,2.0,79.9,2
4256,Kanakpura Road,1900.0,3.0,99.0,3
4257,Kanakpura Road,1290.0,2.0,80.0,2
4258,Kanakpura Road,900.0,2.0,41.0,2
4259,Kanakpura Road,1100.0,3.0,52.97,3
4260,Kanakpura Road,700.0,2.0,34.98,2
4261,Kanakpura Road,1110.0,2.0,43.0,2
4262,Kanakpura Road,1225.0,2.0,60.0,2
4263,Kanakpura Road,1868.0,3.0,113.0,3
4264,Kanakpura Road,1339.0,2.0,62.0,2
4265,Kanakpura Road,1366.0,2.0,83.0,2
4266,Kanakpura Road,700.0,2.0,40.0,2
4267,Kanakpura Road,1800.0,3.0,90.0,3
4268,Kanakpura Road,1339.0,2.0,71.5,2
4269,Kanakpura Road,1339.0,2.0,58.0,2
4270,Kanakpura Road,670.0,1.0,35.0,1
4271,Kanakpura Road,1340.0,2.0,60.0,2
4272,Kanakpura Road,1300.0,2.0,89.76,2
4273,Kanakpura Road,1260.0,3.0,63.58,3
4274,Kanakpura Road,1155.0,2.0,55.5,2
4275,Kanakpura Road,2100.0,3.0,140.0,3
4276,Kanakpura Road,900.0,2.0,41.0,2
4277,Kanakpura Road,700.0,2.0,34.99,2
4278,Kanakpura Road,1309.0,2.0,64.39,2
4281,Kanakpura Road,1498.0,3.0,95.0,3
4282,Kanakpura Road,1665.0,3.0,86.91,3
4283,Kanakpura Road,1665.0,3.0,86.58,3
4284,Kanakpura Road,712.0,1.0,38.44,1
4285,Kanakpura Road,1330.0,2.0,107.0,2
4287,Kanakpura Road,1843.0,3.0,85.0,3
4288,Kanakpura Road,1628.0,2.0,68.0,2
4289,Kanakpura Road,1507.0,2.0,95.0,3
4291,Kanakpura Road,1737.0,3.0,85.0,3
4292,Kanakpura Road,700.0,2.0,35.07,2
4293,Kanakpura Road,1339.0,2.0,85.0,2
4294,Kanakpura Road,1900.0,3.0,125.0,3
4295,Kanakpura Road,1593.0,3.0,118.0,3
4296,Kanakpura Road,1591.0,3.0,122.0,3
4297,Kanakpura Road,1691.2,3.0,115.0,3
4298,Kanakpura Road,1155.0,2.0,50.125,2
4299,Kanakpura Road,1296.0,2.0,89.0,2
4300,Kanakpura Road,1603.0,3.0,113.0,3
4302,Kanakpura Road,1050.0,2.0,59.0,3
4303,Kanakpura Road,1703.0,3.0,130.0,3
4304,Kanakpura Road,1600.0,3.0,90.0,3
4305,Kanakpura Road,1283.0,2.0,63.22,2
4306,Kanakpura Road,800.0,2.0,41.145,2
4307,Kanakpura Road,1328.0,2.0,91.06,2
4308,Kanakpura Road,1100.0,3.0,53.0,3
4309,Kanakpura Road,1204.0,2.0,82.0,2
4310,Kanakpura Road,1843.0,3.0,88.0,3
4312,Kanakpura Road,1703.0,3.0,130.0,3
4313,Kanakpura Road,1100.0,3.0,56.57,3
4314,Kanakpura Road,700.0,2.0,35.0,2
4316,Kanakpura Road,1700.0,3.0,120.0,3
4317,Kanakpura Road,1592.0,3.0,125.0,3
4318,Kanakpura Road,1843.0,3.0,96.2,3
4320,Kanakpura Road,1500.0,3.0,72.99,3
4322,Kanakpura Road,1240.0,2.0,65.0,2
4323,Kanakpura Road,1420.0,3.0,68.0,3
4324,Kanakpura Road,1498.0,3.0,74.9,3
4326,Kanakpura Road,700.0,2.0,41.0,2
4327,Kanakpura Road,700.0,2.0,35.0,2
4330,Kanakpura Road,700.0,1.0,41.0,2
4331,Kanakpura Road,1703.0,3.0,126.0,3
4332,Kanakpura Road,1135.0,2.0,56.74,2
4333,Kanakpura Road,1328.0,2.0,107.0,2
4334,Kanakpura Road,1100.0,3.0,58.0,3
4335,Kanakpura Road,1140.0,2.0,65.0,2
4337,Kanakpura Road,700.0,2.0,40.0,2
4338,Kanakpura Road,1100.0,2.0,52.97,3
4339,Kanakpura Road,1450.0,2.0,70.18,3
4340,Kanakpura Road,1299.0,2.0,105.0,2
4341,Kanakpura Road,1843.0,3.0,85.0,3
4342,Kanakpura Road,1938.0,3.0,92.69,3
4344,Kanakpura Road,1322.0,2.0,70.0,2
4345,Kanakpura Road,1698.0,2.0,105.0,2
4346,Kanakpura Road,1300.0,3.0,69.0,3
4347,Kanakpura Road,1300.0,3.0,69.0,3
4348,Kanakpura Road,700.0,2.0,34.0,2
4349,Kanakpura Road,1167.0,2.0,63.0,2
4352,Kanakpura Road,1339.0,2.0,63.0,2
4353,Kanakpura Road,1300.0,3.0,69.0,3
4355,Kanakpura Road,1296.0,2.0,105.0,2
4356,Kanakpura Road,900.0,2.0,41.0,2
4357,Kanakpura Road,1300.0,3.0,64.0,3
4358,Kanakpura Road,1120.0,2.0,51.0,2
4359,Kanakpura Road,1430.0,2.0,78.0,2
4360,Kanakpura Road,700.0,2.0,36.0,2
4361,Kanakpura Road,1401.0,3.0,69.0,3
4362,Kanakpura Road,1220.0,2.0,60.0,2
4363,Kanakpura Road,1100.0,3.0,53.0,3
4364,Kanakpura Road,1100.0,3.0,58.0,3
4367,Kanakpura Road,1329.0,2.0,107.0,2
4368,Kanakpura Road,1041.0,2.0,36.44,2
4369,Kanakpura Road,900.0,2.0,41.0,2
4370,Kanakpura Road,1100.0,3.0,53.0,3
4371,Kanakpura Road,1300.0,2.0,69.0,3
4372,Kanakpura Road,2000.0,3.0,105.0,3
4373,Kanakpura Road,1200.0,2.0,62.0,2
4374,Kanakpura Road,900.0,2.0,41.0,2
4375,Kanakpura Road,1843.0,3.0,95.0,3
4376,Kanakpura Road,1100.0,2.0,53.0,3
4377,Kanakpura Road,1843.0,3.0,90.0,3
4378,Kanakpura Road,900.0,2.0,46.29,2
4379,Kanakpura Road,1299.0,2.0,89.63,2
4380,Kanakpura Road,850.0,1.0,37.32,1
4382,Kanakpura Road,1938.0,3.0,105.0,3
4383,Kanakpura Road,1843.0,3.0,96.2,3
4384,Kanakpura Road,1610.0,3.0,78.5,3
4385,Kanakpura Road,1250.0,3.0,62.6,3
4387,Kanakpura Road,700.0,2.0,36.0,2
4388,Kanakpura Road,1332.0,2.0,108.0,2
4389,Kanakpura Road,1622.0,3.0,95.0,3
4390,Kanakpura Road,900.0,2.0,42.0,2
4391,Kanakpura Road,1596.0,3.0,118.0,3
4394,Kanakpura Road,1339.0,2.0,67.0,2
4395,Kannamangala,957.0,2.0,58.0,2
4396,Kannamangala,957.0,2.0,56.0,2
4398,Kannamangala,2400.0,4.0,130.0,4
4400,Kannamangala,957.0,2.0,52.5,2
4401,Kannamangala,1536.0,3.0,104.0,3
4402,Kannamangala,957.0,2.0,54.5,2
4403,Kannamangala,2422.0,4.0,135.0,4
4404,Kannamangala,957.0,2.0,55.0,2
4405,Kannamangala,1536.0,3.0,107.0,3
4406,Kannamangala,1814.0,3.0,129.0,3
4407,Kannamangala,957.0,2.0,56.0,2
4409,Karuna Nagar,2500.0,3.0,180.0,3
4410,Karuna Nagar,1240.0,3.0,165.0,3
4411,Karuna Nagar,2500.0,3.0,190.0,3
4412,Karuna Nagar,1962.0,3.0,175.0,3
4413,Karuna Nagar,1354.0,2.0,98.0,3
4414,Karuna Nagar,1945.0,3.0,115.0,3
4415,Karuna Nagar,1960.0,3.0,165.0,3
4416,Kasavanhalli,1060.0,2.0,58.06,2
4417,Kasavanhalli,1563.05,3.0,105.0,3
4418,Kasavanhalli,1000.0,4.0,110.0,3
4419,Kasavanhalli,1717.0,3.0,99.0,3
4420,Kasavanhalli,1799.0,3.0,90.0,3
4421,Kasavanhalli,3260.0,4.0,240.0,4
4423,Kasavanhalli,1349.0,2.0,78.0,2
4424,Kasavanhalli,1121.0,2.0,78.0,2
4426,Kasavanhalli,1100.0,2.0,50.0,2
4428,Kasavanhalli,1200.0,2.0,78.0,2
4429,Kasavanhalli,1646.0,3.0,79.5,3
4430,Kasavanhalli,1870.0,3.0,200.0,3
4431,Kasavanhalli,1555.0,3.0,82.5,3
4432,Kasavanhalli,1476.0,3.0,89.0,3
4433,Kasavanhalli,1493.0,3.0,82.0,3
4434,Kasavanhalli,1200.0,2.0,50.0,2
4435,Kasavanhalli,1000.0,4.0,110.0,3
4436,Kasavanhalli,1719.0,3.0,116.0,3
4437,Kasavanhalli,1115.0,2.0,50.0,2
4438,Kasavanhalli,1125.0,2.0,61.2,2
4439,Kasavanhalli,2170.0,3.0,151.0,3
4441,Kasavanhalli,1450.0,3.0,77.41,3
4442,Kasavanhalli,1476.0,3.0,95.0,3
4443,Kasavanhalli,1200.0,2.0,50.3,2
4444,Kasavanhalli,2100.0,3.0,110.0,3
4445,Kasavanhalli,1787.0,3.0,123.0,3
4446,Kasavanhalli,1090.0,2.0,59.8,2
4447,Kasavanhalli,1691.0,3.0,104.0,3
4448,Kasavanhalli,4260.0,4.0,272.0,4
4449,Kasavanhalli,2111.0,4.0,120.0,3
4451,Kasavanhalli,950.0,2.0,39.0,2
4452,Kasavanhalli,1105.0,2.0,42.0,2
4453,Kasavanhalli,1863.0,3.0,105.0,4
4454,Kasavanhalli,1667.0,3.0,92.0,3
4455,Kasavanhalli,1494.0,3.0,82.0,3
4456,Kasavanhalli,1555.0,3.0,82.0,3
4457,Kasavanhalli,1719.0,3.0,184.0,3
4458,Kasavanhalli,770.0,1.0,43.82,1
4459,Kasavanhalli,1147.0,2.0,60.0,2
4460,Kasavanhalli,1375.0,2.0,72.0,2
4462,Kasavanhalli,1200.0,2.0,60.0,2
4463,Kasavanhalli,1495.0,2.0,83.0,2
4464,Kasavanhalli,1225.0,2.0,69.0,3
4465,Kasavanhalli,1917.0,3.0,132.0,3
4466,Kasavanhalli,1375.0,2.0,78.0,2
4467,Kasavanhalli,1309.0,2.0,95.0,2
4468,Kasavanhalli,1476.0,3.0,105.0,3
4469,Kasavanhalli,1158.0,2.0,67.0,2
4470,Kasavanhalli,1214.0,2.0,67.0,2
4471,Kasavanhalli,2110.0,4.0,120.0,3
4472,Kasavanhalli,1495.0,2.0,110.0,2
4474,Kasavanhalli,1575.0,2.0,85.0,2
4475,Kasavanhalli,1069.0,2.0,55.0,2
4476,Kasavanhalli,1100.0,2.0,68.0,2
4477,Kasavanhalli,1715.0,3.0,112.0,3
4478,Kasavanhalli,1100.0,2.0,65.0,2
4479,Kasavanhalli,1230.0,2.0,66.25,2
4480,Kasavanhalli,1819.0,3.0,150.0,3
4481,Kasavanhalli,1189.0,2.0,45.0,2
4483,Kasavanhalli,1600.0,3.0,79.0,3
4484,Kasavanhalli,1585.0,2.0,90.0,2
4485,Kasavanhalli,1245.0,2.0,80.0,2
4486,Kasavanhalli,2035.0,3.0,142.0,3
4487,Kasavanhalli,1747.0,3.0,110.0,3
4488,Kasavanhalli,1377.0,2.0,80.0,2
4489,Kasavanhalli,1181.0,2.0,61.0,2
4490,Kasavanhalli,1121.0,2.0,75.0,2
4491,Kasturi Nagar,1925.0,3.0,125.0,3
4492,Kasturi Nagar,1567.0,2.0,92.0,2
4494,Kasturi Nagar,1565.0,3.0,88.5,3
4495,Kasturi Nagar,1080.0,2.0,80.0,2
4496,Kasturi Nagar,1101.0,2.0,65.0,2
4498,Kasturi Nagar,1896.0,3.0,125.0,4
4499,Kasturi Nagar,1100.0,2.0,58.0,2
4500,Kasturi Nagar,1570.0,3.0,110.0,3
4501,Kasturi Nagar,1000.0,2.0,58.0,2
4502,Kasturi Nagar,1101.0,2.0,66.0,2
4503,Kasturi Nagar,2507.0,4.0,155.0,4
4504,Kathriguppe,1400.0,2.0,77.0,3
4505,Kathriguppe,1250.0,2.0,68.75,3
4506,Kathriguppe,1245.0,2.0,68.48,3
4507,Kathriguppe,1350.0,2.0,87.01,3
4508,Kathriguppe,1350.0,2.0,80.99,3
4509,Kathriguppe,1365.0,2.0,75.08,3
4510,Kathriguppe,1300.0,3.0,77.99,3
4511,Kathriguppe,1350.0,2.0,80.99,3
4512,Kathriguppe,1390.0,2.0,76.45,3
4513,Kathriguppe,1350.0,3.0,78.3,3
4514,Kathriguppe,1250.0,2.0,68.75,3
4515,Kathriguppe,1300.0,3.0,77.99,3
4516,Kathriguppe,1335.0,2.0,73.43,3
4517,Kathriguppe,1300.0,3.0,77.99,3
4518,Kathriguppe,1300.0,3.0,77.99,3
4519,Kathriguppe,1335.0,2.0,73.43,3
4520,Kathriguppe,1350.0,3.0,80.99,3
4521,Kathriguppe,1250.0,2.0,68.75,2
4522,Kathriguppe,1350.0,3.0,80.99,3
4523,Kaval Byrasandra,1200.0,2.0,52.0,2
4524,Kaval Byrasandra,1020.0,2.0,52.0,2
4525,Kaval Byrasandra,1200.0,2.0,49.5,2
4526,Kaval Byrasandra,945.0,2.0,50.0,2
4527,Kaval Byrasandra,1060.0,2.0,45.0,2
4528,Kaval Byrasandra,1100.0,2.0,46.0,2
4529,Kaval Byrasandra,1185.0,2.0,49.0,2
4530,Kaval Byrasandra,997.0,2.0,53.0,2
4531,Kaval Byrasandra,1060.0,2.0,42.0,2
4532,Kaval Byrasandra,1125.0,2.0,41.5,2
4533,Kaval Byrasandra,1180.0,2.0,60.0,2
4534,Kaval Byrasandra,1450.0,3.0,75.0,3
4535,Kaval Byrasandra,1066.0,2.0,55.0,2
4536,Kaval Byrasandra,1025.0,2.0,60.0,2
4538,Kaval Byrasandra,1400.0,3.0,75.0,3
4539,Kenchenahalli,1015.0,2.0,58.0,2
4540,Kenchenahalli,1150.0,2.0,58.0,2
4541,Kenchenahalli,1280.0,2.0,69.0,3
4543,Kenchenahalli,870.0,1.0,45.0,2
4544,Kenchenahalli,1150.0,2.0,60.0,2
4545,Kenchenahalli,1060.0,2.0,52.0,2
4546,Kenchenahalli,1150.0,2.0,57.0,2
4547,Kenchenahalli,1720.0,3.0,100.0,3
4548,Kenchenahalli,1015.0,2.0,60.0,2
4549,Kengeri,600.0,1.0,15.0,1
4552,Kengeri,750.0,2.0,38.0,2
4565,Kengeri,750.0,2.0,36.0,2
4568,Kengeri,726.0,2.0,35.0,2
4573,Kengeri,502.0,1.0,25.0,1
4577,Kengeri,500.0,1.0,17.0,1
4578,Kengeri,540.0,1.0,22.5,1
4585,Kengeri,750.0,2.0,36.5,2
4586,Kengeri,2540.0,4.0,160.0,4
4593,Kengeri,1150.0,1.0,52.0,1
4596,Kengeri,750.0,2.0,40.0,2
4597,Kengeri,600.0,1.0,35.0,1
4598,Kengeri,633.0,1.0,18.0,2
4600,Kengeri,3000.0,5.0,130.0,8
4603,Kengeri,2500.0,4.0,100.0,5
4604,Kengeri,550.0,1.0,16.75,1
4605,Kengeri Satellite Town,890.0,2.0,35.0,2
4606,Kengeri Satellite Town,883.0,2.0,45.0,2
4607,Kengeri Satellite Town,1415.0,2.0,66.0,3
4608,Kengeri Satellite Town,930.0,1.0,30.0,1
4609,Kengeri Satellite Town,1635.0,2.0,78.0,3
4610,Kengeri Satellite Town,1072.0,2.0,25.0,2
4611,Kengeri Satellite Town,1050.0,2.0,43.0,2
4612,Kengeri Satellite Town,1007.0,2.0,42.0,2
4613,Kengeri Satellite Town,1043.0,2.0,65.0,2
4615,Kengeri Satellite Town,635.0,1.0,22.0,2
4616,Kengeri Satellite Town,818.0,2.0,26.0,2
4617,Kengeri Satellite Town,1030.0,2.0,50.0,2
4618,Kengeri Satellite Town,1200.0,2.0,65.0,2
4619,Kengeri Satellite Town,795.0,2.0,32.0,2
4620,Kengeri Satellite Town,1200.0,3.0,110.0,4
4621,Kengeri Satellite Town,1302.5,2.0,44.285,2
4622,Kengeri Satellite Town,800.0,2.0,40.0,2
4623,Kengeri Satellite Town,654.0,1.0,22.0,1
4624,Kengeri Satellite Town,1060.0,2.0,42.0,2
4625,Kengeri Satellite Town,750.0,2.0,33.0,2
4626,Kengeri Satellite Town,920.0,2.0,39.0,2
4627,Kengeri Satellite Town,985.0,2.0,42.0,2
4628,Kengeri Satellite Town,1120.0,2.0,49.0,2
4630,Kengeri Satellite Town,1110.0,2.0,43.0,2
4631,Kengeri Satellite Town,1170.0,2.0,50.0,2
4632,Kengeri Satellite Town,777.4,2.0,25.0,2
4633,Kengeri Satellite Town,1025.0,2.0,28.57,2
4635,Kengeri Satellite Town,800.0,2.0,32.0,2
4636,Kereguddadahalli,950.0,2.0,32.0,2
4638,Kereguddadahalli,904.0,2.0,30.0,2
4640,Kereguddadahalli,1000.0,2.0,30.0,2
4642,Kereguddadahalli,1080.0,2.0,32.0,2
4643,Kereguddadahalli,1000.0,2.0,34.0,2
4644,Kereguddadahalli,1105.0,2.0,27.6,2
4646,Kereguddadahalli,1015.0,2.0,35.0,2
4647,Kodichikkanahalli,1190.0,2.0,57.0,3
4648,Kodichikkanahalli,995.0,2.0,41.0,2
4649,Kodichikkanahalli,2700.0,7.0,125.0,5
4650,Kodichikkanahalli,1495.0,2.0,75.0,3
4651,Kodichikkanahalli,1125.0,2.0,52.0,2
4652,Kodichikkanahalli,1150.0,2.0,48.0,2
4653,Kodichikkanahalli,1070.0,2.0,43.0,2
4654,Kodichikkanahalli,1620.0,2.0,85.0,3
4656,Kodichikkanahalli,1025.0,2.0,66.0,2
4657,Kodichikkanahalli,1026.0,2.0,45.0,2
4658,Kodichikkanahalli,2500.0,7.0,125.0,5
4659,Kodichikkanahalli,907.0,2.0,38.5,2
4660,Kodichikkanahalli,1181.0,2.0,57.0,2
4661,Kodichikkanahalli,900.0,2.0,42.0,2
4662,Kodichikkanahalli,1060.0,2.0,34.0,2
4664,Kodichikkanahalli,1400.0,3.0,66.0,3
4665,Kodichikkanahalli,976.0,2.0,50.0,2
4666,Kodichikkanahalli,2700.0,4.0,125.0,5
4667,Kodichikkanahalli,1299.0,2.0,58.0,2
4668,Kodichikkanahalli,900.0,2.0,35.0,2
4669,Kodigehaali,1166.0,2.0,55.0,2
4670,Kodigehaali,1320.0,3.0,65.0,3
4671,Kodigehaali,1117.0,2.0,56.0,2
4672,Kodigehaali,1200.0,2.0,55.0,2
4673,Kodigehaali,1200.0,2.0,60.0,2
4674,Kodigehaali,1013.0,2.0,51.0,2
4675,Kodigehaali,1324.0,3.0,65.0,3
4676,Kodigehaali,965.0,2.0,38.0,2
4677,Kodigehaali,866.0,2.0,32.0,2
4678,Kodigehaali,1442.0,3.0,80.0,3
4679,Kodigehalli,1270.0,2.0,98.0,2
4680,Kodigehalli,655.0,1.0,53.0,1
4681,Kodigehalli,1820.0,3.0,150.0,3
4682,Kodigehalli,635.0,1.0,28.0,2
4683,Kodigehalli,1200.0,4.0,156.0,3
4684,Kodihalli,3252.0,5.0,335.0,4
4685,Kodihalli,2700.0,4.0,270.0,3
4686,Kodihalli,2392.0,4.0,260.0,3
4687,Kodihalli,2408.0,4.0,260.0,3
4688,Kodihalli,2500.0,4.0,260.0,3
4689,Kodihalli,1620.0,3.0,130.0,3
4690,Kodihalli,3260.0,5.0,388.0,4
4691,Kodihalli,3197.0,5.0,335.0,4
4692,Kodihalli,1490.0,2.0,150.0,2
4693,Kogilu,1909.0,3.0,88.0,3
4694,Kogilu,1664.0,2.0,73.95,3
4695,Kogilu,1170.0,2.0,51.99,2
4696,Kogilu,650.0,2.0,28.0,2
4697,Kogilu,1140.0,2.0,50.66,2
4698,Kogilu,1200.0,2.0,53.33,2
4699,Kogilu,1934.0,3.0,150.0,3
4700,Kogilu,540.0,1.0,36.0,1
4701,Kogilu,1559.0,3.0,127.0,3
4702,Kogilu,1190.0,2.0,50.66,2
4703,Kogilu,1140.0,2.0,50.66,2
4704,Kogilu,1559.0,3.0,120.0,3
4705,Kogilu,700.0,1.0,30.84,1
4706,Kogilu,1250.0,2.0,55.55,2
4707,Kogilu,1200.0,2.0,53.33,2
4708,Kogilu,952.0,2.0,49.0,2
4709,Kogilu,700.0,1.0,30.84,1
4710,Kogilu,1250.0,2.0,55.55,2
4711,Kogilu,2456.0,7.0,85.0,7
4712,Kogilu,1140.0,2.0,50.66,2
4713,Kogilu,1140.0,2.0,50.66,2
4714,Konanakunte,2791.0,3.0,223.0,3
4715,Konanakunte,884.0,1.0,58.0,2
4716,Konanakunte,1637.0,3.0,73.0,3
4717,Konanakunte,1400.0,2.0,73.0,3
4718,Konanakunte,3000.0,4.0,160.0,4
4719,Konanakunte,2779.0,3.0,317.0,3
4720,Konanakunte,1200.0,4.0,125.0,4
4721,Konanakunte,1200.0,2.0,130.0,4
4722,Konanakunte,2400.0,2.0,180.0,3
4723,Konanakunte,1423.0,2.0,85.0,3
4725,Koramangala,1320.0,2.0,165.0,2
4726,Koramangala,1253.0,2.0,102.0,2
4727,Koramangala,1580.0,3.0,160.0,3
4728,Koramangala,1750.0,3.0,130.0,3
4729,Koramangala,1120.0,2.0,65.0,2
4730,Koramangala,1005.0,1.0,110.0,2
4731,Koramangala,2292.0,4.0,275.0,3
4732,Koramangala,1835.0,2.0,155.0,3
4733,Koramangala,1290.0,2.0,100.0,2
4734,Koramangala,1300.0,2.0,110.0,2
4736,Koramangala,2200.0,3.0,180.0,3
4737,Koramangala,1325.0,2.0,119.0,2
4738,Koramangala,1140.0,2.0,75.2,2
4739,Koramangala,1260.0,2.0,100.0,2
4740,Koramangala,1975.0,3.0,210.0,3
4741,Koramangala,1900.0,2.0,200.0,2
4742,Koramangala,1750.0,3.0,130.0,3
4743,Koramangala,2292.0,3.0,286.0,3
4744,Koramangala,2300.0,3.0,290.0,3
4745,Koramangala,1594.0,3.0,125.0,3
4746,Koramangala,1760.0,2.0,115.0,3
4747,Koramangala,2503.0,6.0,325.0,4
4748,Koramangala,1900.0,3.0,150.0,3
4749,Koramangala,1320.0,2.0,150.0,2
4750,Koramangala,1320.0,2.0,110.0,2
4751,Koramangala,2461.0,6.0,353.0,4
4752,Koramangala,1615.0,3.0,115.0,3
4753,Koramangala,2246.0,3.0,300.0,3
4754,Koramangala,1300.0,2.0,82.0,2
4755,Koramangala,1716.0,2.0,115.0,3
4756,Koramangala,1500.0,3.0,135.0,3
4757,Koramangala,1083.0,2.0,100.0,2
4758,Koramangala,1744.0,3.0,200.0,3
4760,Koramangala,1180.0,2.0,128.0,2
4761,Koramangala,1320.0,2.0,160.0,2
4762,Koramangala,1370.0,2.0,125.0,2
4763,Koramangala,1100.0,2.0,85.0,2
4764,Koramangala,1161.0,2.0,63.85,2
4765,Koramangala,1249.0,2.0,165.0,2
4766,Koramangala,1084.0,2.0,179.0,2
4767,Koramangala,1200.0,2.0,100.0,2
4768,Koramangala,1720.0,2.0,130.0,3
4769,Koramangala,1900.0,2.0,120.0,3
4770,Koramangala,1130.0,2.0,63.0,2
4771,Koramangala,2223.0,3.0,300.0,3
4772,Koramangala,1744.0,4.0,210.0,3
4773,Koramangala,1410.0,2.0,280.0,4
4774,Koramangala,1866.0,4.0,245.0,3
4776,Koramangala,1320.0,2.0,160.0,2
4777,Koramangala,1350.0,2.0,103.0,2
4778,Koramangala,1642.0,2.0,115.0,3
4779,Koramangala,1320.0,2.0,160.0,2
4780,Koramangala,1710.0,3.0,210.0,3
4781,Koramangala,1700.0,3.0,250.0,3
4782,Koramangala,1355.0,2.0,95.0,2
4783,Koramangala,1600.0,3.0,170.0,3
4784,Koramangala,1260.0,2.0,100.0,2
4785,Koramangala,1910.0,4.0,150.0,3
4786,Koramangala,1605.0,3.0,260.0,3
4787,Koramangala,1600.0,2.0,140.0,3
4788,Kothannur,1206.0,2.0,48.23,2
4789,Kothannur,1853.0,3.0,82.0,3
4791,Kothannur,1100.0,2.0,40.0,2
4792,Kothannur,1300.0,2.0,60.0,3
4793,Kothannur,1197.0,2.0,47.88,2
4794,Kothannur,1197.0,2.0,47.8,2
4795,Kothannur,1070.0,2.0,42.79,2
4800,Kothannur,1070.0,2.0,38.6,2
4802,Kothannur,1215.0,2.0,48.6,3
4803,Kothannur,1085.0,2.0,34.2,2
4805,Kothanur,1200.0,2.0,51.0,2
4806,Kothanur,2400.0,2.0,150.0,3
4807,Kothanur,1828.0,3.0,110.0,3
4808,Kothanur,1186.0,2.0,58.0,2
4810,Kothanur,1847.0,3.0,105.0,3
4813,Kothanur,1435.0,3.0,70.0,3
4814,Kothanur,1187.0,2.0,58.0,2
4815,Kothanur,1847.0,3.0,110.0,3
4816,Kothanur,1460.0,3.0,71.0,3
4817,Kothanur,1760.0,3.0,150.0,3
4818,Kothanur,4000.0,6.0,150.0,6
4819,Kothanur,1185.0,2.0,59.0,2
4820,Kothanur,1436.0,3.0,70.0,3
4821,Kothanur,1462.0,3.0,71.0,3
4822,Kothanur,1790.0,3.0,105.0,3
4824,Kothanur,1070.0,2.0,45.5,2
4826,Kothanur,1145.0,2.0,56.0,2
4827,Kothanur,1455.0,2.0,69.0,2
4828,Kothanur,627.0,1.0,30.0,1
4829,Kothanur,1302.0,2.0,68.5,2
4830,Kothanur,1760.0,3.0,111.0,3
4831,Kothanur,1185.0,2.0,58.0,2
4832,Kothanur,1500.0,1.0,75.0,1
4833,Kothanur,1075.0,2.0,53.0,2
4834,Kothanur,1790.0,3.0,97.0,3
4835,Kothanur,2700.0,4.0,175.0,4
4836,Kothanur,1786.0,2.0,106.0,3
4837,Kothanur,1787.0,3.0,107.0,3
4838,Kothanur,1141.0,2.0,54.0,2
4839,Kothanur,1760.0,3.0,110.0,3
4841,Kothanur,1160.0,2.0,57.0,2
4842,Kothanur,1095.0,2.0,55.0,2
4843,Kothanur,1142.0,2.0,56.0,2
4844,Kothanur,1074.0,2.0,54.0,2
4845,Kothanur,1285.0,2.0,60.0,2
4846,Kothanur,1075.0,2.0,53.0,2
4847,Kothanur,1140.0,2.0,56.0,2
4848,Kothanur,1400.0,2.0,70.0,2
4851,Kothanur,1140.0,2.0,56.0,2
4852,Kothanur,1787.0,3.0,120.0,3
4853,Kothanur,1185.0,2.0,59.0,2
4855,Kothanur,1790.0,3.0,105.0,3
4856,Kothanur,1130.0,2.0,55.0,2
4857,Kothanur,1600.0,5.0,130.0,4
4858,Kothanur,1094.0,2.0,54.0,2
4859,Kothanur,1170.0,3.0,80.0,3
4860,Kothanur,1400.0,2.0,65.0,2
4861,Kothanur,1195.0,2.0,59.0,2
4862,Kothanur,1790.0,3.0,120.0,3
4863,Kothanur,1454.0,3.0,71.5,3
4864,Kudlu,1152.0,2.0,53.5,2
4865,Kudlu,1027.0,2.0,43.0,2
4866,Kudlu,1092.0,2.0,44.0,2
4867,Kudlu,1027.0,2.0,43.0,2
4868,Kudlu,1092.0,2.0,44.0,2
4869,Kudlu,1143.0,2.0,55.0,2
4870,Kudlu,1024.0,2.0,44.0,2
4871,Kudlu,1600.0,3.0,79.0,3
4872,Kudlu,1027.0,2.0,42.0,2
4873,Kudlu,1076.0,2.0,50.0,2
4874,Kudlu,1293.0,2.0,80.0,3
4875,Kudlu,1027.0,2.0,44.0,2
4876,Kudlu,1084.0,2.0,53.0,2
4877,Kudlu,1300.0,2.0,56.0,2
4878,Kudlu,1027.0,2.0,44.0,2
4879,Kudlu,1245.0,2.0,60.0,3
4880,Kudlu,1027.0,2.0,44.0,2
4881,Kudlu,1110.0,2.0,46.0,2
4882,Kudlu,1027.0,2.0,44.0,2
4883,Kudlu,1027.0,2.0,44.0,2
4884,Kudlu,1162.0,2.0,52.0,2
4885,Kudlu,1041.0,2.0,53.0,2
4886,Kudlu Gate,1535.0,3.0,83.0,3
4887,Kudlu Gate,1535.0,3.0,85.0,3
4888,Kudlu Gate,1535.0,3.0,78.0,3
4889,Kudlu Gate,1535.0,3.0,86.0,3
4890,Kudlu Gate,1564.0,2.0,92.0,3
4892,Kudlu Gate,1238.0,2.0,55.0,2
4893,Kudlu Gate,1707.0,2.0,99.745,3
4894,Kudlu Gate,1335.0,3.0,89.0,3
4895,Kudlu Gate,703.0,1.0,52.0,1
4896,Kudlu Gate,1535.0,3.0,86.0,3
4897,Kudlu Gate,1532.0,3.0,83.0,3
4898,Kudlu Gate,1113.0,2.0,50.0,2
4900,Kudlu Gate,1185.0,2.0,50.0,2
4902,Kudlu Gate,1656.0,3.0,80.0,3
4903,Kudlu Gate,1656.0,3.0,75.0,3
4904,Kudlu Gate,1215.0,2.0,45.0,2
4905,Kudlu Gate,812.0,2.0,38.25,2
4906,Kudlu Gate,1547.0,2.0,103.0,2
4907,Kudlu Gate,1336.0,2.0,86.0,2
4908,Kudlu Gate,1919.0,3.0,121.0,3
4909,Kudlu Gate,1464.0,3.0,56.0,2
4910,Kudlu Gate,1535.0,3.0,85.0,3
4911,Kudlu Gate,1850.0,3.0,120.0,3
4912,Kudlu Gate,940.0,2.0,69.57,2
4913,Kudlu Gate,1215.0,2.0,44.96,2
4914,Kudlu Gate,1164.0,2.0,75.0,2
4915,Kudlu Gate,1183.0,2.0,79.54,2
4916,Kudlu Gate,1850.0,3.0,110.0,3
4918,Kudlu Gate,1183.0,2.0,79.54,2
4919,Kudlu Gate,1200.0,2.0,44.4,2
4920,Kudlu Gate,1432.0,2.0,61.11,3
4921,Kudlu Gate,1310.0,2.0,53.0,2
4922,Kumaraswami Layout,2000.0,4.0,139.0,4
4923,Kumaraswami Layout,1000.0,2.0,48.5,2
4924,Kumaraswami Layout,1000.0,2.0,58.0,2
4925,Kumaraswami Layout,1000.0,2.0,36.0,2
4926,Kumaraswami Layout,2400.0,7.0,125.0,7
4927,Kumaraswami Layout,800.0,1.0,90.0,2
4928,Kumaraswami Layout,2400.0,2.0,125.0,3
4929,Kumaraswami Layout,1310.0,2.0,70.0,3
4930,Kumaraswami Layout,850.0,1.0,78.0,1
4931,Kumaraswami Layout,3200.0,7.0,150.0,7
4932,Kumaraswami Layout,1310.0,2.0,85.0,3
4933,Kumaraswami Layout,2450.0,3.0,110.0,4
4934,Kumaraswami Layout,600.0,2.0,72.0,2
4935,Kumaraswami Layout,3100.0,7.0,145.0,7
4936,Kumaraswami Layout,1200.0,3.0,75.0,3
4937,Kumaraswami Layout,1081.0,2.0,60.0,2
4938,Kundalahalli,1724.0,3.0,125.0,3
4939,Kundalahalli,1030.0,2.0,49.0,2
4940,Kundalahalli,735.0,2.0,57.99,2
4941,Kundalahalli,1047.0,2.0,82.0,2
4942,Kundalahalli,1397.0,3.0,105.0,3
4943,Kundalahalli,1291.0,2.0,49.0,2
4944,Kundalahalli,1724.0,3.0,127.0,3
4945,Kundalahalli,1010.0,2.0,49.27,2
4946,Kundalahalli,1397.0,3.0,110.0,3
4947,Kundalahalli,1397.0,3.0,104.0,3
4948,Kundalahalli,1397.0,3.0,108.0,3
4949,Kundalahalli,1920.0,3.0,150.0,3
4950,Kundalahalli,1397.0,3.0,105.0,3
4952,Kundalahalli,1724.0,3.0,124.0,3
4953,Kundalahalli,1047.0,2.0,84.0,2
4954,Kundalahalli,1047.0,2.0,83.0,2
4955,Kundalahalli,2075.0,3.0,115.0,3
4956,Kundalahalli,1120.0,2.0,53.76,2
4957,Kundalahalli,1047.0,2.0,82.62,2
4958,Kundalahalli,1047.0,2.0,91.0,2
4959,Kundalahalli,1724.0,3.0,146.0,3
4960,Kundalahalli,1600.0,3.0,170.0,3
4961,Kundalahalli,1496.0,2.0,78.0,3
4962,Kundalahalli,1724.0,3.0,125.0,3
4963,Kundalahalli,1010.0,2.0,48.27,2
4964,Kundalahalli,1047.0,2.0,89.0,2
4965,Kundalahalli,2500.0,5.0,245.0,4
4966,Kundalahalli,1397.0,3.0,105.0,3
4967,Kundalahalli,1800.0,3.0,110.0,3
4968,Kundalahalli,1047.0,2.0,72.0,2
4969,Kundalahalli,1260.0,2.0,58.0,2
4970,Kundalahalli,3092.0,4.0,230.0,4
4971,Kundalahalli,1065.0,2.0,70.0,2
4972,Kundalahalli,1724.0,3.0,146.0,3
4974,Kundalahalli,1047.0,2.0,91.0,2
4975,Kundalahalli,1724.0,3.0,128.0,3
4976,Kundalahalli,1500.0,4.0,235.0,4
4977,Kundalahalli,1315.0,2.0,74.0,2
4978,Kundalahalli,2100.0,3.0,150.0,3
4979,Kundalahalli,1724.0,3.0,125.0,3
4980,Kundalahalli,1724.0,3.0,140.0,3
4981,Kundalahalli,1175.0,2.0,65.0,2
4983,LB Shastri Nagar,1043.0,2.0,55.0,2
4984,LB Shastri Nagar,1184.0,2.0,69.0,2
4985,LB Shastri Nagar,665.0,1.0,32.0,1
4986,LB Shastri Nagar,1250.0,2.0,48.5,2
4987,LB Shastri Nagar,1400.0,2.0,80.0,3
4988,LB Shastri Nagar,1184.0,2.0,62.0,2
4989,LB Shastri Nagar,1200.0,2.0,47.0,2
4990,LB Shastri Nagar,1200.0,2.0,75.0,2
4991,LB Shastri Nagar,1000.0,2.0,49.5,2
4992,Laggere,2800.0,5.0,125.0,5
4993,Laggere,1200.0,3.0,130.0,3
4994,Laggere,1200.0,1.0,125.0,1
4995,Laggere,1200.0,2.0,75.0,2
4996,Laggere,620.0,2.0,48.0,1
4997,Lakshminarayana Pura,1185.0,2.0,75.0,2
4998,Lakshminarayana Pura,1600.0,2.0,108.0,3
4999,Lakshminarayana Pura,1180.0,2.0,75.0,2
5000,Lakshminarayana Pura,1172.0,2.0,82.0,2
5001,Lakshminarayana Pura,1179.0,2.0,75.0,2
5002,Lakshminarayana Pura,1149.0,2.0,75.0,2
5003,Lakshminarayana Pura,1336.0,2.0,100.0,2
5004,Lakshminarayana Pura,1175.0,2.0,75.0,2
5005,Lakshminarayana Pura,1190.0,2.0,75.0,2
5006,Lakshminarayana Pura,1200.0,2.0,75.0,2
5007,Lakshminarayana Pura,1200.0,2.0,75.0,2
5008,Lakshminarayana Pura,1165.0,2.0,75.0,2
5009,Lakshminarayana Pura,1145.0,2.0,75.0,2
5010,Lakshminarayana Pura,1500.0,3.0,104.0,3
5011,Lakshminarayana Pura,1210.0,2.0,75.0,2
5012,Lakshminarayana Pura,1169.0,2.0,75.0,2
5013,Lakshminarayana Pura,1200.0,2.0,75.0,2
5014,Lakshminarayana Pura,1172.0,2.0,75.0,2
5015,Lakshminarayana Pura,1172.0,2.0,75.0,2
5016,Lakshminarayana Pura,1180.0,2.0,75.0,2
5017,Lakshminarayana Pura,1200.0,2.0,83.0,2
5018,Lakshminarayana Pura,1200.0,2.0,80.0,2
5019,Lakshminarayana Pura,1195.0,2.0,75.0,2
5020,Lakshminarayana Pura,1200.0,2.0,80.0,2
5021,Lingadheeranahalli,1521.0,3.0,95.0,3
5022,Lingadheeranahalli,1511.0,3.0,95.0,3
5023,Lingadheeranahalli,1683.0,3.0,109.0,3
5024,Lingadheeranahalli,1519.0,3.0,93.0,3
5025,Lingadheeranahalli,1521.0,3.0,94.99,3
5026,Lingadheeranahalli,1687.0,3.0,127.0,3
5027,Lingadheeranahalli,1682.0,3.0,120.0,3
5028,Lingadheeranahalli,1521.0,3.0,94.71,3
5029,Lingadheeranahalli,1893.0,3.0,130.0,3
5030,Lingadheeranahalli,1705.0,3.0,110.0,3
5031,Lingadheeranahalli,1682.0,3.0,113.0,3
5032,Lingadheeranahalli,1682.0,3.0,114.0,3
5033,Lingadheeranahalli,1506.0,3.0,95.0,3
5034,Lingadheeranahalli,1683.0,3.0,110.0,3
5035,Lingadheeranahalli,1684.0,3.0,120.0,3
5036,Lingadheeranahalli,1894.0,4.0,114.0,3
5037,Magadi Road,3600.0,6.0,141.0,6
5038,Magadi Road,1116.0,2.0,50.0,2
5040,Magadi Road,884.0,2.0,41.1,2
5041,Magadi Road,1005.0,2.0,55.78,2
5042,Magadi Road,1000.0,2.0,46.5,2
5043,Magadi Road,1500.0,2.0,93.0,4
5044,Magadi Road,1350.0,1.0,100.0,2
5046,Magadi Road,1345.0,2.0,55.0,2
5047,Magadi Road,1200.0,4.0,130.0,4
5048,Magadi Road,600.0,1.0,22.0,2
5050,Magadi Road,1116.0,2.0,51.89,2
5051,Magadi Road,1052.0,2.0,60.0,3
5052,Magadi Road,1200.0,3.0,98.0,3
5053,Magadi Road,750.0,2.0,27.0,2
5054,Magadi Road,940.0,2.0,50.0,2
5055,Magadi Road,1318.0,2.0,68.0,3
5057,Magadi Road,884.0,2.0,48.0,2
5058,Mahadevpura,1451.0,2.0,90.0,2
5059,Mahadevpura,1225.0,2.0,48.0,2
5060,Mahadevpura,1720.0,3.0,78.0,3
5061,Mahadevpura,1150.0,2.0,52.0,2
5062,Mahadevpura,1250.0,2.0,52.0,2
5063,Mahadevpura,1192.0,2.0,75.0,2
5064,Mahadevpura,1260.0,2.0,57.6,2
5065,Mahadevpura,730.0,1.0,35.0,1
5066,Mahadevpura,1058.0,2.0,85.0,2
5067,Mahadevpura,1475.0,2.0,55.0,2
5068,Mahadevpura,1434.0,2.0,67.39,3
5069,Mahadevpura,1146.0,2.0,53.8,2
5070,Mahadevpura,1532.0,2.0,62.0,2
5071,Mahadevpura,1620.0,2.0,76.0,3
5072,Mahadevpura,1136.0,2.0,64.5,2
5073,Mahadevpura,1400.0,2.0,65.8,3
5074,Mahadevpura,1438.0,2.0,89.0,2
5075,Mahadevpura,1137.0,2.0,53.4,2
5076,Mahadevpura,1601.0,3.0,95.0,3
5077,Mahadevpura,1450.0,3.0,75.0,3
5078,Mahadevpura,1152.0,2.0,54.0,2
5079,Mahadevpura,1212.0,2.0,56.9,2
5080,Mahadevpura,1505.0,3.0,64.0,3
5081,Mahadevpura,1505.0,3.0,78.0,3
5082,Mahadevpura,1500.0,2.0,70.0,3
5083,Mahadevpura,1236.0,2.0,58.0,2
5084,Mahadevpura,1236.0,2.0,58.0,2
5085,Mahadevpura,1120.0,2.0,53.0,2
5086,Mahadevpura,1050.0,2.0,42.0,2
5087,Mahalakshmi Layout,1575.0,5.0,158.0,4
5088,Mahalakshmi Layout,1105.0,2.0,80.0,2
5089,Mahalakshmi Layout,1200.0,3.0,160.0,4
5090,Mahalakshmi Layout,1080.0,2.0,67.0,2
5091,Mahalakshmi Layout,1200.0,2.0,110.0,3
5092,Mahalakshmi Layout,1876.0,3.0,150.0,3
5093,Mallasandra,1665.0,3.0,95.0,3
5094,Mallasandra,1665.0,3.0,86.58,3
5095,Mallasandra,1340.0,2.0,61.0,2
5096,Mallasandra,1325.0,2.0,70.0,2
5097,Mallasandra,1665.0,3.0,86.91,3
5098,Mallasandra,1325.0,2.0,70.0,2
5099,Mallasandra,905.0,2.0,40.0,2
5100,Mallasandra,1325.0,2.0,65.0,2
5101,Mallasandra,1325.0,2.0,73.0,2
5102,Mallasandra,1565.0,2.0,69.0,2
5103,Mallasandra,905.0,2.0,35.0,2
5104,Mallasandra,1524.0,2.0,72.0,3
5105,Mallasandra,1100.0,2.0,76.3,3
5106,Malleshpalya,1140.0,2.0,46.5,2
5107,Malleshpalya,1225.0,2.0,46.86,2
5108,Malleshpalya,1785.0,3.0,75.0,3
5109,Malleshpalya,1052.0,2.0,50.0,2
5110,Malleshpalya,1405.0,2.0,77.0,3
5111,Malleshpalya,1065.0,2.0,50.0,2
5112,Malleshpalya,1210.0,2.0,55.0,2
5114,Malleshpalya,1060.0,2.0,40.0,2
5115,Malleshpalya,1430.0,2.0,69.5,3
5116,Malleshpalya,1421.0,2.0,90.0,2
5117,Malleshpalya,1245.0,2.0,55.0,2
5118,Malleshpalya,1200.0,2.0,46.0,2
5119,Malleshpalya,1225.0,2.0,52.0,2
5120,Malleshwaram,1100.0,2.0,75.0,2
5121,Malleshwaram,705.0,1.0,67.0,1
5122,Malleshwaram,2500.0,5.0,325.0,4
5123,Malleshwaram,2006.0,3.0,297.0,3
5124,Malleshwaram,686.0,1.0,62.5,1
5125,Malleshwaram,2475.0,4.0,332.0,3
5126,Malleshwaram,2610.0,3.0,399.0,3
5127,Malleshwaram,2475.0,4.0,320.0,3
5128,Malleshwaram,900.0,2.0,95.0,2
5129,Malleshwaram,1420.0,2.0,158.0,2
5130,Malleshwaram,2000.0,3.0,250.0,3
5131,Malleshwaram,1124.0,3.0,80.0,2
5132,Malleshwaram,2215.0,3.0,275.0,3
5133,Malleshwaram,1600.0,3.0,160.0,3
5134,Malleshwaram,2475.0,4.0,300.0,3
5135,Malleshwaram,2345.0,2.0,293.0,3
5136,Malleshwaram,2600.0,3.0,237.0,3
5137,Malleshwaram,2215.0,4.0,310.0,3
5138,Malleshwaram,2425.0,7.0,140.0,7
5139,Malleshwaram,480.0,1.0,60.0,1
5140,Malleshwaram,1290.0,2.0,120.0,2
5141,Malleshwaram,2475.0,4.0,326.0,3
5142,Malleshwaram,3000.0,5.0,815.0,4
5143,Malleshwaram,2520.0,3.0,150.0,3
5144,Malleshwaram,2476.0,3.0,337.0,3
5145,Malleshwaram,900.0,2.0,90.0,2
5146,Malleshwaram,2250.0,3.0,200.0,3
5147,Malleshwaram,2050.0,4.0,270.0,3
5148,Malleshwaram,900.0,2.0,72.0,2
5149,Malleshwaram,620.0,1.0,86.8,1
5150,Malleshwaram,600.0,1.0,68.0,2
5151,Malleshwaram,2475.0,4.0,337.0,3
5152,Malleshwaram,2215.0,3.0,275.0,3
5153,Malleshwaram,2215.0,3.0,330.0,3
5154,Malleshwaram,2800.0,4.0,252.0,4
5155,Malleshwaram,1020.0,2.0,80.0,2
5156,Malleshwaram,600.0,1.0,90.0,2
5157,Malleshwaram,2200.0,3.0,275.0,3
5158,Malleshwaram,2475.0,4.0,326.0,3
5159,Malleshwaram,1500.0,2.0,140.0,2
5160,Malleshwaram,2475.0,4.0,340.0,3
5161,Malleshwaram,1400.0,2.0,190.0,2
5162,Malleshwaram,2475.0,4.0,300.0,3
5163,Malleshwaram,2400.0,3.0,380.0,3
5164,Malleshwaram,580.0,1.0,45.0,1
5165,Malleshwaram,1410.0,2.0,125.0,2
5166,Malleshwaram,2610.0,4.0,306.0,4
5167,Marathahalli,1310.0,3.0,63.25,3
5168,Marathahalli,1220.0,2.0,57.0,2
5169,Marathahalli,1200.0,2.0,52.0,2
5170,Marathahalli,1200.0,2.0,60.0,2
5171,Marathahalli,1200.0,2.0,128.0,2
5172,Marathahalli,1933.0,3.0,140.0,3
5173,Marathahalli,950.0,2.0,46.96,2
5174,Marathahalli,1230.0,2.0,80.0,2
5175,Marathahalli,1019.0,2.0,49.85,2
5176,Marathahalli,1215.0,2.0,67.0,2
5177,Marathahalli,2181.0,3.0,152.0,4
5179,Marathahalli,1170.0,2.0,53.0,2
5180,Marathahalli,1019.0,2.0,49.86,2
5181,Marathahalli,1325.0,2.0,71.55,2
5182,Marathahalli,1220.0,2.0,56.5,2
5183,Marathahalli,1575.0,3.0,78.0,3
5184,Marathahalli,1937.0,3.0,160.0,3
5185,Marathahalli,1152.0,2.0,56.0,2
5186,Marathahalli,1610.0,3.0,90.0,3
5187,Marathahalli,1146.0,2.0,70.0,2
5188,Marathahalli,1469.0,3.0,89.0,3
5190,Marathahalli,1530.0,3.0,74.5,3
5191,Marathahalli,1840.0,3.0,98.0,3
5193,Marathahalli,2519.0,5.0,185.0,4
5194,Marathahalli,1385.0,2.0,66.65,3
5195,Marathahalli,957.0,2.0,46.9,2
5196,Marathahalli,1583.0,3.0,105.0,3
5197,Marathahalli,2524.0,5.0,190.0,4
5198,Marathahalli,1350.0,3.0,72.0,3
5199,Marathahalli,1535.0,3.0,72.5,3
5200,Marathahalli,1071.0,2.0,52.25,2
5201,Marathahalli,1215.0,2.0,58.86,2
5202,Marathahalli,1102.0,2.0,53.67,2
5203,Marathahalli,1900.0,3.0,123.0,3
5204,Marathahalli,1045.0,2.0,60.0,2
5205,Marathahalli,1305.0,2.0,69.0,3
5206,Marathahalli,1215.0,2.0,58.86,2
5207,Marathahalli,1365.0,2.0,73.0,2
5208,Marathahalli,1785.0,3.0,94.0,3
5209,Marathahalli,1208.0,2.0,70.0,2
5210,Marathahalli,1730.0,3.0,139.0,3
5211,Marathahalli,1325.0,1.0,92.0,2
5212,Marathahalli,1525.0,3.0,90.0,3
5213,Marathahalli,1937.0,3.0,140.0,3
5214,Marathahalli,1550.0,3.0,83.0,3
5215,Marathahalli,1350.0,2.0,86.0,2
5216,Marathahalli,957.0,2.0,47.0,2
5217,Marathahalli,1230.0,2.0,57.0,2
5218,Marathahalli,1200.0,2.0,58.0,2
5219,Marathahalli,1650.0,3.0,86.45,3
5220,Marathahalli,607.0,1.0,35.0,1
5221,Marathahalli,1583.0,3.0,109.0,3
5222,Marathahalli,1075.0,2.0,52.43,2
5223,Marathahalli,1360.0,2.0,103.0,2
5224,Marathahalli,1220.0,2.0,58.5,2
5225,Marathahalli,950.0,2.0,45.68,2
5226,Marathahalli,615.0,1.0,44.0,1
5227,Marathahalli,1595.0,3.0,90.0,3
5228,Marathahalli,1350.0,2.0,89.0,2
5229,Marathahalli,1020.0,2.0,57.0,2
5231,Marathahalli,1600.0,3.0,88.0,2
5232,Marathahalli,780.0,1.0,55.0,1
5233,Marathahalli,1710.0,3.0,100.0,3
5234,Marathahalli,1530.0,3.0,73.5,3
5235,Marathahalli,1358.0,2.0,81.0,2
5236,Marathahalli,1290.0,2.0,52.0,2
5237,Marathahalli,1205.0,2.0,75.0,2
5238,Marathahalli,1730.0,3.0,110.0,3
5239,Marathahalli,1583.0,3.0,115.0,3
5241,Marathahalli,1200.0,2.0,67.0,2
5242,Marathahalli,1095.0,2.0,60.0,2
5243,Marathahalli,1060.0,2.0,48.0,2
5244,Marathahalli,1050.0,2.0,65.0,2
5245,Marathahalli,1102.0,2.0,53.67,2
5246,Marathahalli,1026.0,2.0,49.95,2
5247,Marathahalli,1435.0,3.0,73.0,3
5248,Marathahalli,1220.0,2.0,59.0,2
5249,Marathahalli,881.0,2.0,48.06,2
5250,Marathahalli,1130.0,2.0,58.0,3
5251,Marathahalli,1710.0,3.0,100.0,3
5252,Marathahalli,1152.0,2.0,90.0,2
5253,Marathahalli,1680.0,3.0,105.0,3
5254,Marathahalli,1910.0,3.0,119.0,3
5256,Marathahalli,1602.0,2.0,104.0,2
5257,Marathahalli,700.0,1.0,38.0,1
5258,Marathahalli,1469.0,3.0,89.0,3
5259,Marathahalli,1385.0,2.0,68.5,3
5260,Marathahalli,1690.0,3.0,116.0,3
5261,Marathahalli,1065.0,2.0,55.0,2
5262,Marathahalli,1693.0,3.0,125.0,3
5263,Marathahalli,1693.0,3.0,125.0,3
5264,Marathahalli,1196.0,2.0,57.9,2
5265,Marathahalli,1595.0,3.0,88.0,3
5266,Marathahalli,2122.0,3.0,125.0,3
5267,Marathahalli,1730.0,3.0,115.0,3
5268,Marathahalli,1200.0,1.0,103.0,2
5269,Marathahalli,4000.0,4.0,200.0,4
5270,Marathahalli,1314.0,2.0,55.0,2
5271,Marathahalli,1200.0,2.0,58.17,3
5272,Marathahalli,1125.0,2.0,55.0,2
5273,Marathahalli,1950.0,3.0,115.0,3
5274,Marathahalli,1250.0,2.0,68.0,2
5275,Marathahalli,1125.0,2.0,56.8,2
5276,Marathahalli,1350.0,2.0,90.0,2
5277,Marathahalli,1200.0,2.0,53.0,2
5278,Marathahalli,1248.0,2.0,130.0,2
5279,Marathahalli,2500.0,5.0,175.0,4
5280,Marathahalli,957.0,2.0,47.0,2
5281,Marathahalli,1605.0,3.0,76.0,3
5282,Marathahalli,1350.0,2.0,60.0,2
5283,Marathahalli,1350.0,2.0,99.0,2
5284,Marathahalli,1310.0,3.0,63.22,3
5285,Marathahalli,1285.0,2.0,55.0,2
5286,Marathahalli,2500.0,5.0,181.0,4
5287,Marathahalli,1125.0,2.0,54.8,2
5288,Marathahalli,1700.0,3.0,126.0,3
5290,Marathahalli,1270.0,2.0,73.0,2
5292,Marathahalli,950.0,2.0,46.7,2
5293,Marathahalli,1550.0,3.0,85.0,3
5294,Marathahalli,1019.0,2.0,49.86,2
5295,Marathahalli,1144.0,2.0,65.0,2
5296,Marathahalli,1240.0,2.0,55.0,2
5297,Marathahalli,1100.0,2.0,75.0,1
5298,Marathahalli,1710.0,3.0,135.0,3
5299,Marathahalli,1156.0,2.0,52.0,2
5300,Marathahalli,2524.0,5.0,180.0,4
5301,Marathahalli,1135.0,2.0,60.0,2
5302,Marathahalli,1839.0,3.0,130.0,3
5303,Marathahalli,1170.0,2.0,85.0,2
5304,Marathahalli,1102.0,2.0,53.67,2
5305,Marathahalli,1108.0,2.0,60.0,3
5306,Marathahalli,1449.0,3.0,110.0,3
5307,Marathahalli,1360.0,2.0,101.0,2
5308,Marathahalli,1026.0,2.0,50.18,2
5309,Marathahalli,1800.0,3.0,95.0,3
5310,Marathahalli,1650.0,3.0,85.0,3
5311,Marathahalli,1270.0,2.0,80.0,2
5312,Marathahalli,1100.0,2.0,50.0,2
5313,Marathahalli,1196.0,2.0,57.95,2
5314,Marathahalli,1310.0,3.0,63.25,3
5315,Marathahalli,1485.0,2.0,90.0,3
5316,Marathahalli,1146.0,2.0,69.0,2
5317,Margondanahalli,1090.0,2.0,58.0,2
5318,Margondanahalli,1200.0,2.0,58.5,2
5319,Margondanahalli,1200.0,2.0,67.0,2
5320,Margondanahalli,1200.0,2.0,65.0,3
5321,Margondanahalli,1200.0,1.0,53.0,2
5322,Margondanahalli,1000.0,2.0,57.0,2
5324,Margondanahalli,1200.0,2.0,69.0,2
5325,Margondanahalli,900.0,2.0,49.0,2
5326,Margondanahalli,1140.0,2.0,60.0,2
5327,Margondanahalli,900.0,2.0,55.0,2
5328,Margondanahalli,1100.0,2.0,55.0,2
5329,Margondanahalli,900.0,2.0,55.0,2
5330,Margondanahalli,1152.0,1.0,66.0,2
5332,Margondanahalli,1200.0,2.0,65.0,2
5333,Margondanahalli,1050.0,2.0,58.0,2
5334,Margondanahalli,1160.0,2.0,65.0,2
5335,Margondanahalli,1334.0,2.0,67.76,2
5336,Marsur,1800.0,4.0,145.0,4
5337,Marsur,1200.0,3.0,90.0,3
5338,Marsur,1200.0,3.0,120.0,3
5339,Mico Layout,5000.0,9.0,210.0,9
5340,Mico Layout,1550.0,2.0,65.0,3
5341,Mico Layout,1125.0,2.0,40.0,2
5342,Mico Layout,800.0,2.0,80.0,2
5343,Mico Layout,1190.0,2.0,39.25,2
5344,Mico Layout,800.0,1.0,29.5,1
5345,Mico Layout,1250.0,2.0,44.0,3
5346,Mico Layout,1171.0,2.0,39.0,2
5347,Mico Layout,1200.0,2.0,53.5,2
5348,Mico Layout,1670.0,3.0,59.0,3
5349,Mico Layout,1140.0,2.0,43.0,2
5350,Munnekollal,1170.0,2.0,52.0,2
5351,Munnekollal,1102.0,2.0,53.67,2
5352,Munnekollal,1390.0,3.0,68.0,3
5353,Munnekollal,1200.0,2.0,49.5,2
5354,Munnekollal,950.0,2.0,46.5,2
5355,Munnekollal,1560.0,3.0,75.0,3
5356,Munnekollal,1210.0,2.0,75.0,2
5357,Munnekollal,1750.0,3.0,86.5,3
5358,Munnekollal,1385.0,2.0,66.5,3
5359,Munnekollal,1080.0,2.0,45.0,2
5360,Munnekollal,1170.0,2.0,59.0,2
5362,Munnekollal,1200.0,2.0,57.9,3
5363,Munnekollal,1030.0,2.0,50.36,2
5364,Murugeshpalya,1296.0,2.0,81.0,2
5365,Murugeshpalya,1550.0,3.0,74.0,3
5366,Murugeshpalya,1845.0,3.0,91.0,3
5367,Murugeshpalya,2135.0,3.0,160.0,3
5368,Murugeshpalya,1185.0,2.0,85.0,2
5369,Murugeshpalya,1225.0,2.0,48.0,2
5370,Murugeshpalya,1930.0,3.0,75.0,3
5371,Murugeshpalya,1600.0,2.0,65.0,3
5372,Murugeshpalya,1344.0,2.0,56.0,3
5373,Murugeshpalya,1500.0,2.0,70.0,3
5374,Murugeshpalya,1855.0,3.0,96.0,3
5375,Murugeshpalya,1175.0,2.0,75.0,2
5376,Mysore Road,1175.0,2.0,73.5,2
5377,Mysore Road,1710.0,4.0,91.31,3
5378,Mysore Road,1020.0,2.0,48.95,2
5379,Mysore Road,1200.0,2.0,85.0,2
5380,Mysore Road,1175.0,2.0,73.5,2
5381,Mysore Road,1070.0,2.0,45.0,2
5382,Mysore Road,1239.0,2.0,53.0,2
5383,Mysore Road,1060.0,2.0,62.0,2
5384,Mysore Road,980.0,2.0,45.47,2
5385,Mysore Road,883.0,2.0,40.0,2
5386,Mysore Road,1525.0,3.0,96.0,3
5387,Mysore Road,1200.0,2.0,65.0,2
5388,Mysore Road,1005.0,2.0,35.175,2
5390,Mysore Road,1082.0,3.0,50.5,3
5392,Mysore Road,883.0,2.0,40.95,2
5393,Mysore Road,1070.0,2.0,49.65,2
5394,Mysore Road,1082.0,3.0,50.0,3
5395,Mysore Road,883.0,2.0,50.0,2
5396,Mysore Road,1155.0,2.0,51.0,2
5397,Mysore Road,1003.0,2.0,43.0,2
5398,Mysore Road,1237.0,2.0,73.0,2
5399,Mysore Road,883.0,2.0,45.0,2
5400,Mysore Road,1170.0,2.0,65.0,2
5401,Mysore Road,1029.5,2.0,50.855,2
5402,Mysore Road,940.0,2.0,43.61,2
5404,Mysore Road,1020.0,2.0,48.95,2
5405,Mysore Road,1568.0,2.0,100.0,3
5407,Mysore Road,1560.0,2.0,83.3,3
5408,Mysore Road,1175.0,2.0,70.5,2
5409,Mysore Road,1080.0,2.0,60.0,3
5411,Mysore Road,883.0,2.0,37.0,2
5412,Mysore Road,1175.0,2.0,86.68,2
5414,NGR Layout,1020.0,2.0,45.9,2
5415,NGR Layout,1020.0,2.0,48.45,2
5416,NGR Layout,1105.0,2.0,52.48,2
5417,NGR Layout,1022.0,2.0,45.9,2
5418,NGR Layout,1020.0,2.0,48.45,2
5419,NGR Layout,1020.0,2.0,45.0,2
5420,NGR Layout,1019.0,2.0,45.9,2
5421,NGR Layout,1020.0,2.0,46.0,2
5422,NGR Layout,1020.0,2.0,48.45,2
5423,NGR Layout,1020.0,2.0,48.45,2
5424,NGR Layout,1021.0,2.0,46.0,2
5425,NGR Layout,1021.0,2.0,45.9,2
5426,NRI Layout,1565.0,2.0,75.0,3
5427,NRI Layout,2500.0,5.0,130.0,5
5428,NRI Layout,1060.0,2.0,35.0,2
5429,NRI Layout,1125.0,2.0,45.56,2
5430,NRI Layout,2150.0,4.0,115.0,4
5431,NRI Layout,1200.0,4.0,95.0,4
5432,NRI Layout,1250.0,2.0,75.0,2
5433,NRI Layout,1789.0,3.0,75.0,3
5434,NRI Layout,2400.0,2.0,125.0,2
5435,NRI Layout,2700.0,5.0,95.75,4
5436,Nagarbhavi,1630.0,2.0,98.0,3
5437,Nagarbhavi,1350.0,3.0,150.0,3
5438,Nagarbhavi,1200.0,2.0,150.0,2
5439,Nagarbhavi,2400.0,3.0,160.0,3
5440,Nagarbhavi,884.0,2.0,36.0,1
5441,Nagarbhavi,1055.0,2.0,55.0,2
5442,Nagarbhavi,1350.0,2.0,54.6,3
5443,Nagarbhavi,1223.0,2.0,60.0,2
5444,Nagarbhavi,956.0,2.0,49.0,2
5445,Nagarbhavi,1560.0,3.0,66.0,3
5446,Nagarbhavi,1200.0,2.0,150.0,2
5447,Nagarbhavi,1400.0,2.0,85.0,3
5448,Nagarbhavi,1515.0,2.0,79.0,3
5449,Nagarbhavi,1145.0,2.0,40.0,2
5450,Nagarbhavi,1250.0,3.0,175.0,4
5451,Nagarbhavi,710.0,2.0,40.0,1
5452,Nagarbhavi,1850.0,3.0,88.0,3
5453,Nagarbhavi,1212.0,2.0,50.0,2
5454,Nagarbhavi,1020.0,2.0,55.0,2
5455,Nagarbhavi,1850.0,3.0,90.0,3
5456,Nagarbhavi,1120.0,2.0,53.0,2
5457,Nagarbhavi,1850.0,2.0,88.0,3
5458,Nagarbhavi,1146.0,2.0,50.0,2
5459,Nagarbhavi,1850.0,2.0,89.0,3
5460,Nagarbhavi,1190.0,2.0,63.0,2
5461,Nagarbhavi,1050.0,2.0,80.0,2
5462,Nagarbhavi,2500.0,3.0,180.0,5
5463,Nagarbhavi,1050.0,3.0,175.0,3
5464,Nagarbhavi,1350.0,3.0,60.0,3
5465,Nagarbhavi,1250.0,3.0,170.0,2
5466,Nagarbhavi,1635.0,3.0,85.0,3
5467,Nagarbhavi,1400.0,2.0,135.0,3
5468,Nagarbhavi,2200.0,2.0,99.0,3
5469,Nagarbhavi,1100.0,2.0,46.2,2
5470,Nagarbhavi,1080.0,2.0,49.0,2
5471,Nagarbhavi,1800.0,3.0,180.0,4
5472,Nagarbhavi,1225.0,2.0,58.0,2
5473,Nagasandra,980.0,2.0,48.0,2
5474,Nagasandra,4050.0,5.0,140.0,5
5475,Nagasandra,1470.0,2.0,110.0,3
5476,Nagasandra,1310.0,3.0,95.0,4
5477,Nagasandra,2400.0,4.0,145.0,4
5478,Nagasandra,1650.0,3.0,95.0,3
5479,Nagasandra,1500.0,2.0,91.0,2
5480,Nagasandra,4000.0,8.0,160.0,8
5481,Nagavara,2172.65,3.0,120.0,4
5483,Nagavara,2319.0,3.0,180.0,3
5484,Nagavara,2430.0,4.0,180.0,3
5485,Nagavara,936.0,2.0,40.2,2
5486,Nagavara,1125.0,2.0,44.5,2
5487,Nagavara,1315.0,2.0,70.0,2
5488,Nagavara,1077.0,2.0,50.0,2
5489,Nagavara,2496.0,4.0,125.0,4
5490,Nagavara,1110.0,2.0,44.95,2
5491,Nagavara,1247.0,2.0,58.56,2
5492,Nagavarapalya,1392.0,2.0,99.0,2
5493,Nagavarapalya,1392.0,2.0,130.0,2
5494,Nagavarapalya,705.0,1.0,52.5,1
5495,Nagavarapalya,1300.0,3.0,80.0,3
5496,Nagavarapalya,705.0,1.0,57.0,1
5497,Nagavarapalya,705.0,1.0,55.0,1
5498,Nagavarapalya,705.0,1.0,57.0,1
5499,Nagavarapalya,646.0,1.0,25.84,1
5500,Nagavarapalya,1392.0,2.0,130.0,2
5501,Nagavarapalya,1335.0,2.0,110.0,2
5502,Nagavarapalya,1260.0,2.0,85.5,2
5503,Narayanapura,1308.0,2.0,89.04,2
5504,Narayanapura,1566.0,3.0,83.3,3
5505,Narayanapura,1308.0,2.0,92.66,2
5506,Narayanapura,1485.0,3.0,85.0,3
5507,Narayanapura,1302.0,2.0,69.1,2
5508,Narayanapura,1308.0,2.0,89.04,2
5509,Narayanapura,1469.0,2.0,99.14,2
5510,Neeladri Nagar,1053.0,2.0,45.0,2
5511,Neeladri Nagar,1363.0,2.0,68.0,2
5512,Neeladri Nagar,2556.0,3.0,133.0,3
5513,Neeladri Nagar,674.0,1.0,21.0,1
5514,Neeladri Nagar,527.0,1.0,26.0,1
5515,Neeladri Nagar,1167.0,2.0,38.0,3
5516,Neeladri Nagar,1060.0,2.0,35.0,2
5517,Neeladri Nagar,640.0,1.0,20.5,1
5518,Neeladri Nagar,4000.0,12.0,160.0,10
5519,Neeladri Nagar,1105.0,2.0,30.0,2
5520,Neeladri Nagar,1100.0,2.0,30.0,2
5521,Neeladri Nagar,2111.0,3.0,103.0,3
5522,Nehru Nagar,961.0,2.0,38.0,2
5523,Nehru Nagar,1775.0,3.0,110.0,3
5524,Nehru Nagar,2363.0,5.0,120.0,4
5525,Nehru Nagar,2342.0,3.0,115.0,4
5526,Nehru Nagar,967.0,2.0,41.1,2
5527,Nehru Nagar,1374.0,3.0,72.0,3
5528,Nehru Nagar,1674.0,3.0,90.0,3
5529,Nehru Nagar,1269.0,2.0,63.0,3
5530,Nehru Nagar,1100.0,2.0,50.0,2
5531,Nehru Nagar,1674.0,3.0,81.0,3
5532,OMBR Layout,2420.0,3.0,185.0,3
5533,OMBR Layout,1078.0,2.0,65.0,2
5534,OMBR Layout,1101.0,2.0,65.5,2
5535,OMBR Layout,1041.0,2.0,65.5,2
5536,OMBR Layout,1300.0,2.0,80.0,2
5537,OMBR Layout,1085.0,2.0,64.0,2
5538,OMBR Layout,1855.0,3.0,145.0,3
5539,OMBR Layout,1050.0,2.0,48.0,2
5540,OMBR Layout,1730.0,3.0,93.0,3
5541,OMBR Layout,1165.0,2.0,88.5,2
5542,OMBR Layout,1200.0,4.0,200.0,4
5543,OMBR Layout,1101.0,2.0,66.0,2
5545,Old Airport Road,2732.0,4.0,204.0,4
5546,Old Airport Road,1875.0,2.0,110.0,3
5547,Old Airport Road,3356.0,4.0,251.0,4
5548,Old Airport Road,1206.0,2.0,75.0,2
5549,Old Airport Road,2774.0,4.0,207.0,4
5550,Old Airport Road,2690.0,4.0,191.0,4
5551,Old Airport Road,2690.0,4.0,199.0,4
5552,Old Airport Road,1655.0,2.0,97.65,2
5553,Old Airport Road,1075.0,2.0,60.0,2
5554,Old Airport Road,1858.0,2.0,167.0,3
5555,Old Airport Road,1150.0,2.0,90.0,2
5556,Old Airport Road,2690.0,4.0,191.0,4
5557,Old Airport Road,2658.0,5.0,187.0,4
5558,Old Airport Road,946.0,2.0,58.0,2
5559,Old Airport Road,2774.0,4.0,208.0,4
5560,Old Airport Road,2774.0,4.0,208.0,4
5561,Old Airport Road,3200.0,4.0,280.0,4
5562,Old Airport Road,2690.0,4.0,201.0,4
5563,Old Airport Road,1050.0,2.0,50.0,2
5564,Old Airport Road,1145.0,2.0,75.0,2
5565,Old Airport Road,2732.0,4.0,194.0,4
5566,Old Airport Road,2658.0,5.0,189.0,4
5567,Old Airport Road,2774.0,4.0,197.0,4
5568,Old Airport Road,2392.0,3.0,249.0,3
5569,Old Airport Road,3496.0,4.0,262.0,4
5570,Old Airport Road,2774.0,4.0,197.0,4
5571,Old Airport Road,2732.0,4.0,204.0,4
5572,Old Airport Road,1798.0,3.0,150.0,3
5573,Old Airport Road,2774.0,4.0,208.0,4
5574,Old Airport Road,1184.0,2.0,78.0,2
5575,Old Airport Road,3504.0,4.0,262.0,4
5576,Old Airport Road,1055.0,2.0,75.0,2
5577,Old Madras Road,1425.0,2.0,94.0,3
5579,Old Madras Road,935.0,2.0,32.72,2
5580,Old Madras Road,3630.0,6.0,195.0,4
5582,Old Madras Road,1450.0,3.0,132.0,4
5583,Old Madras Road,935.0,2.0,45.0,2
5584,Old Madras Road,3715.0,6.0,200.5,4
5585,Old Madras Road,1720.0,3.0,100.0,3
5586,Old Madras Road,1200.0,2.0,72.0,2
5587,Old Madras Road,1225.0,2.0,53.55,2
5588,Old Madras Road,1100.0,2.0,70.0,2
5589,Old Madras Road,2760.0,5.0,157.0,3
5590,Old Madras Road,1171.0,2.0,75.0,2
5591,Old Madras Road,935.0,2.0,45.0,2
5592,Old Madras Road,2266.0,3.0,169.0,3
5593,Old Madras Road,2640.0,5.0,142.0,3
5594,Old Madras Road,1065.0,2.0,47.86,2
5595,Old Madras Road,1160.0,2.0,42.0,2
5596,Old Madras Road,2010.0,3.0,125.0,4
5597,Old Madras Road,2010.0,3.0,115.0,4
5598,Old Madras Road,1480.0,2.0,84.0,3
5599,Old Madras Road,1210.0,2.0,74.0,2
5600,Old Madras Road,1171.0,2.0,72.0,2
5601,Old Madras Road,3630.0,6.0,196.0,4
5602,Old Madras Road,1480.0,3.0,95.0,3
5603,Old Madras Road,1425.0,2.0,74.31,3
5604,Old Madras Road,1210.0,2.0,80.0,2
5605,Old Madras Road,1859.0,3.0,121.0,3
5606,Old Madras Road,2990.0,5.0,173.0,3
5607,Old Madras Road,1300.0,2.0,100.0,2
5608,Old Madras Road,1299.0,2.0,95.0,2
5609,Old Madras Road,3900.0,4.0,175.0,4
5610,Old Madras Road,2300.0,3.0,142.0,3
5611,Old Madras Road,1157.0,2.0,47.32,2
5612,Old Madras Road,3630.0,6.0,207.0,4
5613,Old Madras Road,1210.0,2.0,80.0,2
5614,Old Madras Road,1210.0,2.0,77.0,2
5615,Old Madras Road,2430.0,5.0,180.0,3
5616,Old Madras Road,1300.0,2.0,100.0,2
5617,Old Madras Road,935.0,2.0,32.0,2
5618,Old Madras Road,1330.0,2.0,74.0,2
5619,Old Madras Road,1720.0,3.0,106.0,3
5620,Old Madras Road,1157.0,2.0,47.32,2
5621,Old Madras Road,2640.0,5.0,150.0,3
5622,Old Madras Road,2990.0,3.0,170.0,3
5623,Old Madras Road,1530.0,3.0,76.34,3
5624,Old Madras Road,935.0,2.0,37.77,2
5625,Old Madras Road,1171.0,2.0,73.0,2
5626,Old Madras Road,1630.0,3.0,110.0,3
5627,Old Madras Road,1165.0,2.0,52.0,2
5628,Old Madras Road,2640.0,2.0,170.0,2
5629,Old Madras Road,1165.0,2.0,51.42,2
5630,Old Madras Road,935.0,2.0,32.72,2
5631,Old Madras Road,1211.0,2.0,45.0,2
5632,Padmanabhanagar,1736.0,6.0,190.0,4
5633,Padmanabhanagar,1020.0,2.0,63.0,2
5634,Padmanabhanagar,1176.0,2.0,62.0,2
5635,Padmanabhanagar,1258.0,2.0,115.0,2
5636,Padmanabhanagar,1708.0,2.0,90.5,3
5637,Padmanabhanagar,1100.0,2.0,65.0,2
5638,Padmanabhanagar,3400.0,3.0,210.0,4
5639,Padmanabhanagar,1500.0,2.0,200.0,3
5640,Padmanabhanagar,1531.0,2.0,75.0,3
5641,Padmanabhanagar,1400.0,3.0,65.0,3
5642,Padmanabhanagar,1360.0,2.0,75.0,3
5643,Padmanabhanagar,1200.0,2.0,60.0,2
5644,Padmanabhanagar,1710.0,2.0,90.63,3
5645,Padmanabhanagar,1000.0,1.0,90.0,2
5646,Padmanabhanagar,1067.0,2.0,52.0,2
5647,Padmanabhanagar,1250.0,2.0,70.0,3
5648,Padmanabhanagar,1150.0,2.0,45.0,2
5649,Padmanabhanagar,1350.0,3.0,71.55,3
5650,Padmanabhanagar,1360.0,3.0,75.0,3
5651,Padmanabhanagar,1100.0,2.0,60.0,2
5652,Padmanabhanagar,2051.0,3.0,180.0,3
5653,Padmanabhanagar,2051.0,3.0,170.0,3
5654,Padmanabhanagar,1150.0,2.0,50.0,2
5655,Pai Layout,1006.0,2.0,35.0,2
5656,Pai Layout,1550.0,2.0,90.0,3
5657,Pai Layout,1050.0,2.0,40.0,2
5658,Pai Layout,1400.0,2.0,67.0,3
5659,Pai Layout,1100.0,2.0,50.0,2
5660,Pai Layout,1255.0,2.0,80.0,2
5661,Pai Layout,1075.0,2.0,35.0,2
5662,Pai Layout,1400.0,2.0,57.5,2
5663,Pai Layout,1175.0,2.0,60.0,2
5664,Pai Layout,810.0,2.0,34.5,2
5665,Pai Layout,1000.0,2.0,34.0,2
5666,Pai Layout,1000.0,2.0,42.0,2
5667,Pai Layout,1068.0,2.0,48.0,2
5668,Pai Layout,1510.0,2.0,65.0,3
5671,Panathur,1359.0,2.0,87.0,2
5672,Panathur,1438.0,2.0,100.0,2
5674,Panathur,1198.0,2.0,77.0,2
5675,Panathur,1180.0,2.0,70.0,2
5676,Panathur,1193.0,2.0,86.0,2
5677,Panathur,1546.0,3.0,99.0,3
5678,Panathur,1195.0,2.0,84.0,2
5680,Panathur,1000.0,2.0,65.3,2
5681,Panathur,1109.0,2.0,63.0,2
5682,Panathur,1000.0,2.0,68.0,2
5683,Panathur,1199.0,2.0,85.0,2
5684,Panathur,1255.0,2.0,79.0,2
5685,Panathur,1205.0,2.0,62.9,2
5686,Panathur,1210.0,2.0,85.0,2
5687,Panathur,1198.0,2.0,82.0,2
5688,Panathur,1199.0,2.0,86.0,2
5689,Panathur,1235.0,2.0,65.0,2
5690,Panathur,1198.0,2.0,86.26,2
5691,Panathur,1210.0,2.0,80.0,2
5692,Panathur,1199.0,2.0,85.0,2
5693,Panathur,1210.0,2.0,77.0,2
5694,Panathur,1199.0,2.0,85.0,2
5695,Panathur,1210.0,2.0,78.0,2
5697,Panathur,1050.0,2.0,60.0,2
5698,Panathur,1398.0,2.0,97.0,2
5699,Panathur,1065.0,2.0,58.0,2
5700,Panathur,1007.0,2.0,64.0,2
5701,Panathur,1210.0,2.0,77.93,2
5702,Panathur,1230.0,2.0,80.0,2
5703,Panathur,980.0,2.0,57.0,2
5704,Panathur,1075.0,2.0,60.0,2
5705,Panathur,1210.0,2.0,69.0,2
5706,Panathur,1343.0,2.0,76.0,2
5707,Parappana Agrahara,1194.0,2.0,47.0,2
5708,Parappana Agrahara,1194.0,2.0,47.0,2
5709,Parappana Agrahara,1194.0,2.0,46.0,2
5710,Parappana Agrahara,1194.0,2.0,47.0,2
5711,Parappana Agrahara,1194.0,2.0,46.0,2
5712,Parappana Agrahara,1194.0,2.0,47.0,2
5713,Parappana Agrahara,1194.0,2.0,47.0,2
5714,Parappana Agrahara,1092.0,2.0,43.0,2
5715,Parappana Agrahara,1194.0,2.0,45.0,2
5716,Parappana Agrahara,1200.0,1.0,45.0,1
5717,Parappana Agrahara,1194.0,2.0,46.0,2
5718,Parappana Agrahara,1194.0,2.0,47.0,2
5719,Parappana Agrahara,1194.0,2.0,47.0,2
5720,Parappana Agrahara,1194.0,2.0,46.0,2
5721,Parappana Agrahara,1194.0,2.0,46.0,2
5722,Pattandur Agrahara,1550.0,2.0,80.0,3
5723,Pattandur Agrahara,1025.0,2.0,44.5,2
5724,Pattandur Agrahara,875.0,2.0,33.0,2
5725,Pattandur Agrahara,1302.0,2.0,66.0,2
5726,Pattandur Agrahara,1550.0,2.0,80.0,3
5727,Pattandur Agrahara,1247.0,2.0,62.35,2
5728,Pattandur Agrahara,1350.0,2.0,68.0,2
5729,Poorna Pragna Layout,920.0,2.0,39.55,2
5732,Poorna Pragna Layout,1160.0,2.0,46.39,2
5735,Poorna Pragna Layout,965.0,2.0,48.0,2
5740,Poorna Pragna Layout,1160.0,2.0,46.39,2
5742,Poorna Pragna Layout,1160.0,2.0,46.39,2
5745,Poorna Pragna Layout,960.0,2.0,50.0,2
5747,Prithvi Layout,2028.0,4.0,162.0,4
5748,Prithvi Layout,1352.0,2.0,87.5,2
5749,Prithvi Layout,1190.0,2.0,68.0,2
5750,Prithvi Layout,1352.0,2.0,85.0,2
5751,Prithvi Layout,1352.0,2.0,75.0,2
5752,Prithvi Layout,946.0,3.0,140.0,3
5753,Prithvi Layout,2273.0,4.0,220.0,3
5755,Prithvi Layout,1352.0,3.0,93.0,2
5756,Prithvi Layout,2273.0,4.0,192.0,3
5757,Prithvi Layout,1352.0,2.0,72.0,2
5758,Prithvi Layout,2100.0,3.0,125.0,3
5760,R.T. Nagar,1200.0,2.0,120.0,2
5761,R.T. Nagar,1560.0,3.0,85.0,3
5762,R.T. Nagar,1040.0,2.0,46.0,2
5763,R.T. Nagar,1200.0,2.0,45.0,2
5764,R.T. Nagar,1235.0,2.0,65.0,2
5765,R.T. Nagar,800.0,1.0,170.0,2
5766,R.T. Nagar,1140.0,3.0,130.0,3
5767,R.T. Nagar,970.0,2.0,55.0,2
5768,R.T. Nagar,1560.0,3.0,125.0,3
5769,R.T. Nagar,1200.0,2.0,60.0,2
5771,R.T. Nagar,1680.0,3.0,72.0,3
5772,R.T. Nagar,1400.0,2.0,78.0,3
5773,R.T. Nagar,1200.0,3.0,140.0,3
5774,R.T. Nagar,1100.0,3.0,125.0,2
5775,R.T. Nagar,1150.0,2.0,72.0,2
5776,R.T. Nagar,1500.0,2.0,230.0,2
5777,R.T. Nagar,1500.0,4.0,185.0,4
5778,R.T. Nagar,3600.0,8.0,165.0,9
5779,R.T. Nagar,1080.0,2.0,48.0,2
5780,R.T. Nagar,1325.0,2.0,52.0,2
5781,R.T. Nagar,1800.0,3.0,120.0,4
5782,R.T. Nagar,1300.0,3.0,145.0,3
5783,R.T. Nagar,1500.0,2.0,70.0,3
5784,R.T. Nagar,1100.0,2.0,85.0,2
5785,R.T. Nagar,1667.0,3.0,130.0,3
5786,Rachenahalli,1050.0,2.0,52.07,2
5787,Rachenahalli,1530.0,2.0,74.5,3
5788,Rachenahalli,1050.0,2.0,55.5,2
5789,Rachenahalli,996.0,2.0,67.0,2
5790,Rachenahalli,680.0,1.0,44.0,1
5791,Rachenahalli,1530.0,2.0,74.4,3
5792,Rachenahalli,1050.0,2.0,53.5,2
5793,Rachenahalli,1530.0,2.0,74.39,3
5794,Rachenahalli,1220.0,2.0,59.5,2
5795,Rachenahalli,1050.0,2.0,52.5,2
5797,Rachenahalli,2721.0,3.0,113.0,3
5798,Rachenahalli,1050.0,2.0,52.1,2
5799,Rachenahalli,1050.0,2.0,53.5,2
5800,Rachenahalli,1113.0,2.0,55.0,2
5801,Rachenahalli,1550.0,3.0,74.5,3
5802,Rachenahalli,1530.0,2.0,74.4,3
5803,Rachenahalli,1530.0,2.0,74.5,3
5804,Rachenahalli,680.0,1.0,32.64,1
5805,Rachenahalli,1050.0,2.0,52.5,2
5806,Rachenahalli,680.0,1.0,46.0,1
5808,Rachenahalli,1530.0,2.0,74.4,3
5809,Rachenahalli,690.0,1.0,39.8,1
5810,Rachenahalli,1200.0,2.0,50.0,2
5811,Rachenahalli,1050.0,2.0,47.25,2
5812,Rachenahalli,1050.0,2.0,55.5,2
5813,Rachenahalli,1100.0,2.0,68.0,2
5814,Rachenahalli,985.0,2.0,49.97,2
5815,Rachenahalli,1050.0,2.0,52.5,2
5816,Rachenahalli,1050.0,2.0,52.08,2
5818,Rachenahalli,1050.0,2.0,52.07,2
5819,Rachenahalli,1530.0,2.0,74.4,3
5820,Rachenahalli,1200.0,2.0,46.5,2
5821,Rachenahalli,1050.0,2.0,52.08,2
5822,Rachenahalli,985.0,2.0,49.97,2
5823,Rachenahalli,1856.0,3.0,106.0,3
5824,Rachenahalli,1050.0,2.0,52.5,2
5825,Rachenahalli,1167.0,2.0,37.5,2
5826,Rachenahalli,985.0,2.0,50.17,2
5827,Rachenahalli,925.0,2.0,37.0,2
5828,Rachenahalli,2600.0,3.0,160.0,3
5829,Rachenahalli,1756.0,3.0,110.0,3
5832,Rachenahalli,985.0,2.0,50.17,2
5833,Rachenahalli,1050.0,2.0,52.71,2
5834,Raja Rajeshwari Nagar,1540.0,3.0,60.0,3
5836,Raja Rajeshwari Nagar,1295.0,2.0,43.9,2
5837,Raja Rajeshwari Nagar,1145.0,2.0,45.79,2
5838,Raja Rajeshwari Nagar,1419.0,2.0,48.1,2
5839,Raja Rajeshwari Nagar,1295.0,2.0,55.47,2
5840,Raja Rajeshwari Nagar,1133.0,2.0,49.07,2
5841,Raja Rajeshwari Nagar,1090.0,2.0,42.0,2
5842,Raja Rajeshwari Nagar,1260.0,2.0,67.39,2
5843,Raja Rajeshwari Nagar,1141.0,2.0,38.55,2
5844,Raja Rajeshwari Nagar,1140.0,2.0,49.39,2
5845,Raja Rajeshwari Nagar,1303.0,2.0,55.79,2
5846,Raja Rajeshwari Nagar,1278.0,2.0,53.76,3
5847,Raja Rajeshwari Nagar,1143.0,2.0,38.65,2
5848,Raja Rajeshwari Nagar,1610.0,3.0,74.0,3
5849,Raja Rajeshwari Nagar,1105.0,2.0,65.0,2
5851,Raja Rajeshwari Nagar,1258.0,2.0,63.53,2
5852,Raja Rajeshwari Nagar,1128.0,2.0,38.24,2
5853,Raja Rajeshwari Nagar,1157.0,2.0,53.8,2
5854,Raja Rajeshwari Nagar,1185.0,2.0,47.39,2
5856,Raja Rajeshwari Nagar,1530.0,3.0,61.2,3
5857,Raja Rajeshwari Nagar,1030.0,2.0,50.0,2
5858,Raja Rajeshwari Nagar,1144.0,2.0,38.55,2
5859,Raja Rajeshwari Nagar,1196.0,2.0,51.51,2
5860,Raja Rajeshwari Nagar,1570.0,3.0,88.0,3
5861,Raja Rajeshwari Nagar,1168.0,2.0,61.0,2
5862,Raja Rajeshwari Nagar,1306.0,2.0,55.91,2
5863,Raja Rajeshwari Nagar,1608.0,3.0,67.98,3
5865,Raja Rajeshwari Nagar,1575.0,2.0,78.0,3
5866,Raja Rajeshwari Nagar,1200.0,2.0,35.0,2
5867,Raja Rajeshwari Nagar,1151.0,2.0,39.02,2
5868,Raja Rajeshwari Nagar,1570.0,2.0,65.0,3
5870,Raja Rajeshwari Nagar,1196.0,2.0,51.15,2
5871,Raja Rajeshwari Nagar,1419.0,2.0,48.0,2
5872,Raja Rajeshwari Nagar,1560.0,2.0,62.4,3
5873,Raja Rajeshwari Nagar,1295.0,2.0,70.0,2
5874,Raja Rajeshwari Nagar,1100.0,2.0,55.0,2
5875,Raja Rajeshwari Nagar,1140.0,2.0,38.55,2
5876,Raja Rajeshwari Nagar,1090.0,2.0,43.59,2
5878,Raja Rajeshwari Nagar,1023.0,2.0,42.0,2
5879,Raja Rajeshwari Nagar,1070.0,2.0,50.0,2
5880,Raja Rajeshwari Nagar,1510.0,2.0,59.0,3
5881,Raja Rajeshwari Nagar,1128.0,2.0,48.79,2
5882,Raja Rajeshwari Nagar,1267.0,2.0,42.85,2
5883,Raja Rajeshwari Nagar,1120.0,2.0,37.95,2
5884,Raja Rajeshwari Nagar,1608.0,2.0,85.0,2
5885,Raja Rajeshwari Nagar,1210.0,2.0,45.0,2
5886,Raja Rajeshwari Nagar,1240.0,2.0,53.27,2
5887,Raja Rajeshwari Nagar,1395.0,2.0,72.0,3
5888,Raja Rajeshwari Nagar,1165.0,2.0,45.0,2
5889,Raja Rajeshwari Nagar,1288.0,2.0,70.0,3
5890,Raja Rajeshwari Nagar,1120.0,2.0,37.97,2
5891,Raja Rajeshwari Nagar,1140.0,2.0,38.65,2
5892,Raja Rajeshwari Nagar,1095.0,2.0,38.33,2
5893,Raja Rajeshwari Nagar,1420.0,2.0,60.0,3
5894,Raja Rajeshwari Nagar,1303.0,2.0,44.17,2
5896,Raja Rajeshwari Nagar,1185.0,2.0,40.17,2
5897,Raja Rajeshwari Nagar,1140.0,2.0,49.27,2
5899,Raja Rajeshwari Nagar,1095.0,2.0,38.33,2
5900,Raja Rajeshwari Nagar,1235.0,2.0,75.0,2
5901,Raja Rajeshwari Nagar,1280.0,3.0,57.6,3
5902,Raja Rajeshwari Nagar,1303.0,2.0,55.79,2
5903,Raja Rajeshwari Nagar,1162.0,2.0,65.0,2
5904,Raja Rajeshwari Nagar,1133.0,2.0,38.41,2
5905,Raja Rajeshwari Nagar,1151.0,2.0,49.0,2
5906,Raja Rajeshwari Nagar,1267.0,2.0,54.35,2
5908,Raja Rajeshwari Nagar,1100.0,2.0,50.0,2
5909,Raja Rajeshwari Nagar,1185.0,2.0,40.17,2
5910,Raja Rajeshwari Nagar,1751.0,3.0,72.0,3
5911,Raja Rajeshwari Nagar,1306.0,2.0,44.17,2
5912,Raja Rajeshwari Nagar,1196.0,2.0,40.44,2
5913,Raja Rajeshwari Nagar,1178.0,2.0,75.0,2
5914,Raja Rajeshwari Nagar,1128.0,2.0,40.0,2
5915,Raja Rajeshwari Nagar,1151.0,2.0,39.0,2
5916,Raja Rajeshwari Nagar,1375.0,2.0,54.99,3
5917,Raja Rajeshwari Nagar,1525.0,2.0,99.13,3
5918,Raja Rajeshwari Nagar,1060.0,2.0,48.0,2
5919,Raja Rajeshwari Nagar,1128.0,2.0,48.79,2
5921,Raja Rajeshwari Nagar,1170.0,2.0,50.0,2
5923,Raja Rajeshwari Nagar,1185.0,2.0,51.15,2
5924,Raja Rajeshwari Nagar,1255.0,2.0,53.87,2
5925,Raja Rajeshwari Nagar,1419.0,2.0,60.42,2
5926,Raja Rajeshwari Nagar,1693.0,3.0,71.38,3
5927,Raja Rajeshwari Nagar,1196.0,2.0,40.54,2
5928,Raja Rajeshwari Nagar,1196.0,2.0,40.54,2
5931,Raja Rajeshwari Nagar,1160.0,2.0,70.0,2
5932,Raja Rajeshwari Nagar,1133.0,2.0,38.37,2
5933,Raja Rajeshwari Nagar,1140.0,2.0,48.7,2
5934,Raja Rajeshwari Nagar,1140.0,2.0,38.65,2
5935,Raja Rajeshwari Nagar,1140.0,2.0,38.55,2
5936,Raja Rajeshwari Nagar,1295.0,2.0,55.47,2
5937,Raja Rajeshwari Nagar,1133.0,2.0,40.0,2
5939,Raja Rajeshwari Nagar,1550.0,3.0,86.8,3
5940,Raja Rajeshwari Nagar,1400.0,2.0,45.0,2
5941,Raja Rajeshwari Nagar,1110.0,2.0,52.0,2
5942,Raja Rajeshwari Nagar,1580.0,3.0,83.74,3
5944,Raja Rajeshwari Nagar,1640.0,3.0,86.8,3
5946,Raja Rajeshwari Nagar,1185.0,2.0,51.15,2
5947,Raja Rajeshwari Nagar,1295.0,2.0,43.9,2
5948,Raja Rajeshwari Nagar,1279.0,2.0,53.76,3
5949,Raja Rajeshwari Nagar,1196.0,2.0,40.54,2
5950,Raja Rajeshwari Nagar,1240.0,2.0,40.54,2
5951,Raja Rajeshwari Nagar,1090.0,2.0,57.0,2
5952,Raja Rajeshwari Nagar,1240.0,2.0,42.04,2
5953,Raja Rajeshwari Nagar,1757.0,3.0,98.0,3
5954,Raja Rajeshwari Nagar,1530.0,3.0,64.0,3
5955,Raja Rajeshwari Nagar,1587.0,3.0,73.8,3
5957,Raja Rajeshwari Nagar,1295.0,2.0,55.47,2
5958,Raja Rajeshwari Nagar,1450.0,2.0,67.0,3
5959,Raja Rajeshwari Nagar,1090.0,2.0,57.0,2
5960,Raja Rajeshwari Nagar,945.0,2.0,45.0,2
5961,Raja Rajeshwari Nagar,1303.0,2.0,55.78,2
5962,Raja Rajeshwari Nagar,1419.0,2.0,48.1,2
5963,Raja Rajeshwari Nagar,1700.0,2.0,86.0,3
5964,Raja Rajeshwari Nagar,1270.0,2.0,62.0,2
5965,Raja Rajeshwari Nagar,1250.0,2.0,68.0,2
5966,Raja Rajeshwari Nagar,1260.0,2.0,62.0,3
5967,Raja Rajeshwari Nagar,1196.0,2.0,40.54,2
5968,Raja Rajeshwari Nagar,1580.0,2.0,66.85,3
5969,Raja Rajeshwari Nagar,1050.0,2.0,37.0,2
5970,Raja Rajeshwari Nagar,1021.0,3.0,59.0,3
5971,Raja Rajeshwari Nagar,1196.0,2.0,40.54,2
5972,Raja Rajeshwari Nagar,1500.0,3.0,88.0,3
5973,Raja Rajeshwari Nagar,1168.0,2.0,66.0,2
5974,Raja Rajeshwari Nagar,1400.0,2.0,86.0,3
5975,Raja Rajeshwari Nagar,1157.0,2.0,65.0,2
5976,Raja Rajeshwari Nagar,1206.0,2.0,40.7,2
5977,Raja Rajeshwari Nagar,1000.0,2.0,50.0,2
5978,Raja Rajeshwari Nagar,1485.0,2.0,63.0,3
5979,Raja Rajeshwari Nagar,1335.0,2.0,56.0,3
5981,Raja Rajeshwari Nagar,1255.0,2.0,42.54,2
5982,Raja Rajeshwari Nagar,1530.0,3.0,64.86,3
5983,Raja Rajeshwari Nagar,1850.0,3.0,98.0,3
5984,Raja Rajeshwari Nagar,1140.0,2.0,44.0,2
5985,Raja Rajeshwari Nagar,1140.0,2.0,39.0,2
5986,Raja Rajeshwari Nagar,1187.0,2.0,40.14,2
5987,Raja Rajeshwari Nagar,1141.0,2.0,60.0,2
5988,Rajaji Nagar,3300.0,4.0,600.0,4
5989,Rajaji Nagar,1640.0,3.0,229.0,3
5990,Rajaji Nagar,2390.0,3.0,415.0,3
5991,Rajaji Nagar,2390.0,3.0,410.0,3
5992,Rajaji Nagar,1725.0,3.0,200.0,3
5993,Rajaji Nagar,1357.0,2.0,115.0,2
5994,Rajaji Nagar,1621.0,4.0,130.0,3
5995,Rajaji Nagar,3516.0,4.0,540.0,4
5996,Rajaji Nagar,1640.0,3.0,223.0,3
5997,Rajaji Nagar,3526.0,4.0,492.0,4
5998,Rajaji Nagar,1800.0,4.0,324.0,6
5999,Rajaji Nagar,3526.0,4.0,558.0,4
6000,Rajaji Nagar,3539.5,2.0,424.5,4
6002,Rajaji Nagar,1800.0,3.0,260.0,3
6003,Rajaji Nagar,3100.0,4.0,570.0,4
6004,Rajaji Nagar,1640.0,3.0,241.0,3
6005,Rajaji Nagar,1370.0,2.0,170.0,2
6006,Rajaji Nagar,1216.0,2.0,97.16,2
6007,Rajaji Nagar,2409.0,3.0,360.0,3
6008,Rajaji Nagar,3436.0,6.0,475.0,4
6009,Rajaji Nagar,1718.0,3.0,288.0,2
6010,Rajaji Nagar,2386.0,3.0,334.0,3
6011,Rajaji Nagar,3436.0,6.0,500.0,4
6012,Rajaji Nagar,1200.0,2.0,150.0,2
6013,Rajaji Nagar,1160.0,1.0,163.0,2
6014,Rajaji Nagar,5000.0,4.0,375.0,4
6015,Rajaji Nagar,1222.0,2.0,112.0,2
6016,Rajaji Nagar,1263.0,2.0,107.0,2
6017,Rajaji Nagar,660.0,1.0,75.0,1
6019,Rajaji Nagar,1440.0,2.0,170.0,2
6020,Rajaji Nagar,2448.0,3.0,400.0,3
6021,Rajaji Nagar,1440.0,2.0,185.0,2
6022,Rajaji Nagar,1640.0,3.0,230.0,3
6023,Rajaji Nagar,2648.0,5.0,251.5,4
6024,Rajaji Nagar,3730.0,4.0,370.0,4
6025,Rajaji Nagar,1800.0,2.0,250.0,3
6026,Rajaji Nagar,3100.0,4.0,550.0,4
6027,Rajaji Nagar,3526.0,4.0,598.0,4
6028,Rajaji Nagar,1357.0,2.0,130.0,2
6029,Rajaji Nagar,2300.0,3.0,369.0,3
6030,Rajaji Nagar,1640.0,3.0,220.0,3
6031,Rajaji Nagar,2500.0,3.0,350.0,3
6032,Rajaji Nagar,1615.0,3.0,175.0,3
6033,Rajaji Nagar,1776.0,3.0,190.0,3
6034,Rajaji Nagar,2559.0,3.0,403.0,3
6035,Rajaji Nagar,1763.0,3.0,262.0,2
6036,Rajaji Nagar,1640.0,3.0,220.0,3
6037,Rajaji Nagar,1613.0,3.0,150.0,3
6038,Rajaji Nagar,1380.0,3.0,130.0,3
6041,Rajaji Nagar,1800.0,3.0,240.0,3
6042,Rajaji Nagar,2533.0,3.0,425.0,3
6043,Rajaji Nagar,720.0,2.0,65.0,2
6045,Rajaji Nagar,1268.0,2.0,127.0,2
6046,Rajaji Nagar,2450.0,3.0,330.0,3
6047,Rajaji Nagar,1640.0,3.0,262.0,3
6049,Rajaji Nagar,1200.0,1.0,200.0,2
6051,Rajaji Nagar,2367.0,3.0,375.0,3
6052,Rajaji Nagar,2440.0,2.0,415.0,4
6053,Rajaji Nagar,1640.0,3.0,251.0,3
6054,Rajaji Nagar,2733.0,5.0,259.0,4
6055,Rajaji Nagar,1056.0,1.0,250.0,2
6057,Rajaji Nagar,1640.0,3.0,268.0,3
6058,Rajaji Nagar,1621.0,3.0,124.0,3
6059,Rajaji Nagar,1222.0,2.0,98.0,2
6060,Rajaji Nagar,2367.0,4.0,340.0,3
6061,Rajaji Nagar,1555.0,3.0,125.0,3
6062,Rajaji Nagar,1720.0,3.0,224.0,3
6063,Rajaji Nagar,3600.0,5.0,510.0,5
6064,Rajaji Nagar,1350.0,4.0,230.0,4
6065,Rajaji Nagar,1376.0,2.0,124.0,2
6066,Rajaji Nagar,1700.0,3.0,200.0,3
6067,Rajaji Nagar,1200.0,2.0,70.0,2
6068,Rajaji Nagar,1357.0,2.0,123.0,2
6069,Rajaji Nagar,1260.0,2.0,113.0,2
6070,Rajaji Nagar,2300.0,4.0,240.0,3
6071,Rajaji Nagar,2400.0,5.0,408.0,5
6072,Rajaji Nagar,2500.0,3.0,340.0,3
6073,Rajaji Nagar,2390.0,3.0,372.0,3
6074,Rajaji Nagar,2415.0,3.0,399.0,3
6075,Rajaji Nagar,1718.0,3.0,275.0,2
6076,Rajaji Nagar,1763.0,3.0,240.0,2
6077,Rajaji Nagar,2367.0,3.0,320.0,3
6078,Rajaji Nagar,2409.0,3.0,395.0,3
6079,Rajaji Nagar,1224.0,2.0,105.0,2
6080,Rajaji Nagar,2500.0,4.0,650.0,5
6081,Rajaji Nagar,1314.0,2.0,225.0,2
6082,Rajaji Nagar,1440.0,2.0,165.0,2
6083,Rajaji Nagar,1640.0,3.0,245.0,3
6084,Rajiv Nagar,1690.0,3.0,125.0,3
6085,Rajiv Nagar,1263.0,2.0,93.32,2
6086,Rajiv Nagar,2340.0,4.0,148.0,4
6087,Rajiv Nagar,2340.0,5.0,129.0,4
6088,Rajiv Nagar,1330.0,2.0,93.0,2
6089,Rajiv Nagar,2340.0,5.0,129.0,4
6090,Rajiv Nagar,1309.0,2.0,80.0,2
6091,Rajiv Nagar,2340.0,4.0,145.0,4
6092,Ramagondanahalli,1151.0,2.0,48.77,2
6093,Ramagondanahalli,1251.0,2.0,47.0,2
6094,Ramagondanahalli,1235.0,2.0,52.04,2
6095,Ramagondanahalli,1610.0,2.0,111.0,3
6096,Ramagondanahalli,540.0,1.0,30.0,1
6097,Ramagondanahalli,1635.0,3.0,62.0,3
6098,Ramagondanahalli,1235.0,2.0,46.8,2
6099,Ramagondanahalli,1215.0,2.0,51.26,2
6100,Ramagondanahalli,2257.0,4.0,157.0,3
6101,Ramagondanahalli,1251.0,2.0,47.4,2
6102,Ramagondanahalli,1610.0,2.0,115.0,3
6103,Ramagondanahalli,920.0,2.0,65.0,2
6104,Ramagondanahalli,1215.0,2.0,45.5,2
6105,Ramagondanahalli,2800.0,4.0,155.0,4
6106,Ramagondanahalli,1253.0,2.0,52.66,2
6107,Ramagondanahalli,1295.0,2.0,95.0,2
6108,Ramagondanahalli,1151.0,2.0,50.5,2
6109,Ramagondanahalli,1235.0,2.0,49.3,2
6110,Ramagondanahalli,2257.0,3.0,159.0,3
6111,Ramagondanahalli,1295.0,2.0,95.0,2
6112,Ramagondanahalli,1451.0,3.0,60.44,3
6113,Ramagondanahalli,1910.0,3.0,142.0,3
6114,Ramagondanahalli,1215.0,2.0,46.1,2
6115,Ramagondanahalli,1475.0,2.0,63.0,3
6116,Ramagondanahalli,1251.0,2.0,50.0,2
6117,Ramagondanahalli,1610.0,2.0,115.0,3
6118,Ramagondanahalli,1151.0,2.0,43.6,2
6120,Ramagondanahalli,1251.0,2.0,53.0,2
6121,Ramagondanahalli,845.0,2.0,45.82,2
6122,Ramagondanahalli,1910.0,3.0,150.0,3
6123,Ramagondanahalli,1738.0,2.0,76.0,3
6124,Ramagondanahalli,2040.0,3.0,114.0,3
6125,Ramagondanahalli,3350.0,3.0,150.0,3
6126,Ramagondanahalli,1251.0,2.0,46.0,2
6128,Ramagondanahalli,1151.0,2.0,46.0,2
6129,Ramagondanahalli,1610.0,2.0,112.0,3
6130,Ramagondanahalli,1610.0,2.0,115.0,3
6131,Ramagondanahalli,1200.0,3.0,56.1,3
6132,Ramagondanahalli,2787.0,5.0,220.0,4
6134,Ramagondanahalli,1125.0,2.0,75.0,2
6135,Ramagondanahalli,1151.0,2.0,42.5,2
6136,Ramagondanahalli,2257.0,3.0,155.0,3
6137,Ramagondanahalli,1500.0,3.0,100.0,3
6138,Ramagondanahalli,1680.0,2.0,68.0,3
6139,Ramagondanahalli,1910.0,3.0,131.0,3
6140,Ramamurthy Nagar,3500.0,5.0,150.0,5
6141,Ramamurthy Nagar,1050.0,2.0,37.0,2
6142,Ramamurthy Nagar,1040.0,2.0,50.0,2
6143,Ramamurthy Nagar,1600.0,3.0,75.0,3
6144,Ramamurthy Nagar,1200.0,3.0,72.0,2
6145,Ramamurthy Nagar,950.0,2.0,50.79,2
6146,Ramamurthy Nagar,1200.0,2.0,66.0,3
6147,Ramamurthy Nagar,1525.0,3.0,100.0,3
6148,Ramamurthy Nagar,1200.0,2.0,80.0,2
6149,Ramamurthy Nagar,1200.0,2.0,42.0,2
6151,Ramamurthy Nagar,1100.0,2.0,68.0,2
6152,Ramamurthy Nagar,1185.0,2.0,45.5,2
6153,Ramamurthy Nagar,1170.0,2.0,46.8,2
6154,Ramamurthy Nagar,1150.0,2.0,51.0,2
6155,Ramamurthy Nagar,1200.0,2.0,48.0,2
6156,Ramamurthy Nagar,3600.0,3.0,150.0,3
6157,Ramamurthy Nagar,1110.0,2.0,65.0,2
6159,Ramamurthy Nagar,1200.0,2.0,78.0,2
6160,Ramamurthy Nagar,1000.0,2.0,41.0,3
6161,Ramamurthy Nagar,600.0,1.0,43.0,1
6162,Ramamurthy Nagar,1006.0,2.0,57.0,2
6163,Ramamurthy Nagar,1200.0,2.0,76.0,2
6165,Ramamurthy Nagar,1600.0,3.0,75.0,3
6166,Ramamurthy Nagar,700.0,2.0,33.0,2
6167,Ramamurthy Nagar,1125.0,2.0,47.0,2
6168,Ramamurthy Nagar,1000.0,2.0,62.0,2
6169,Ramamurthy Nagar,1334.0,2.0,67.0,2
6170,Ramamurthy Nagar,1200.0,2.0,46.0,2
6171,Ramamurthy Nagar,1200.0,2.0,57.9,2
6172,Ramamurthy Nagar,1305.0,3.0,60.0,3
6173,Ramamurthy Nagar,1170.0,2.0,44.0,2
6174,Ramamurthy Nagar,2200.0,4.0,130.0,4
6175,Ramamurthy Nagar,1200.0,4.0,125.0,4
6176,Ramamurthy Nagar,1050.0,2.0,51.66,2
6177,Ramamurthy Nagar,2316.0,3.0,125.0,3
6178,Ramamurthy Nagar,1101.0,2.0,50.0,2
6179,Ramamurthy Nagar,1150.0,2.0,40.0,2
6181,Ramamurthy Nagar,1050.0,2.0,37.8,2
6182,Ramamurthy Nagar,935.0,2.0,39.0,2
6183,Ramamurthy Nagar,1200.0,2.0,68.0,2
6184,Ramamurthy Nagar,960.0,2.0,35.0,2
6185,Rayasandra,1314.0,2.0,63.0,3
6186,Rayasandra,1373.0,3.0,72.0,3
6187,Rayasandra,1639.0,3.0,83.0,3
6188,Rayasandra,1065.0,2.0,44.95,2
6189,Rayasandra,1708.0,3.0,75.0,3
6190,Rayasandra,1016.0,2.0,58.0,2
6191,Rayasandra,1199.0,2.0,48.5,3
6192,Rayasandra,1577.0,3.0,67.0,3
6193,Rayasandra,1253.0,2.0,57.0,2
6194,Rayasandra,1198.0,2.0,54.0,2
6195,Rayasandra,1555.0,3.0,75.17,3
6196,Rayasandra,1458.0,3.0,60.0,3
6197,Rayasandra,1179.0,2.0,55.0,3
6198,Rayasandra,1601.0,3.0,70.0,3
6199,Rayasandra,1708.0,3.0,76.0,4
6200,Rayasandra,3600.0,5.0,145.0,5
6201,Rayasandra,1357.0,2.0,59.0,3
6202,Sahakara Nagar,2830.0,3.0,195.0,4
6203,Sahakara Nagar,1500.0,2.0,95.0,3
6204,Sahakara Nagar,1100.0,2.0,56.0,2
6205,Sahakara Nagar,1219.0,2.0,48.0,2
6206,Sahakara Nagar,1200.0,4.0,130.0,4
6207,Sahakara Nagar,1100.0,2.0,75.0,3
6208,Sahakara Nagar,1655.0,3.0,115.0,3
6209,Sahakara Nagar,1150.0,2.0,54.0,2
6210,Sahakara Nagar,1270.0,2.0,69.85,2
6211,Sahakara Nagar,960.0,2.0,56.0,2
6212,Sahakara Nagar,1048.0,2.0,50.0,2
6213,Sahakara Nagar,1160.0,2.0,55.0,2
6214,Sahakara Nagar,1200.0,2.0,75.0,3
6215,Sahakara Nagar,1500.0,3.0,125.0,3
6216,Sahakara Nagar,1100.0,2.0,55.0,2
6217,Sahakara Nagar,1914.0,3.0,149.0,3
6218,Sahakara Nagar,1000.0,2.0,60.0,2
6219,Sahakara Nagar,1200.0,2.0,136.0,2
6220,Sahakara Nagar,2200.0,3.0,98.0,3
6221,Sahakara Nagar,1175.0,2.0,49.0,2
6222,Sahakara Nagar,1370.0,2.0,90.0,3
6223,Sahakara Nagar,1100.0,2.0,55.0,2
6224,Sahakara Nagar,1100.0,2.0,75.0,3
6225,Sahakara Nagar,1180.0,2.0,72.0,2
6226,Sahakara Nagar,1200.0,2.0,60.0,2
6227,Sahakara Nagar,1032.0,2.0,45.0,2
6228,Sahakara Nagar,1200.0,2.0,46.0,2
6229,Sahakara Nagar,1270.0,2.0,96.0,2
6230,Sahakara Nagar,1201.0,2.0,80.0,2
6231,Sahakara Nagar,1200.0,2.0,54.0,2
6232,Sahakara Nagar,1291.0,2.0,72.3,2
6233,Sanjay nagar,1000.0,2.0,70.0,2
6234,Sanjay nagar,1100.0,2.0,98.0,2
6235,Sanjay nagar,1150.0,2.0,72.2,2
6236,Sanjay nagar,1800.0,3.0,180.0,3
6237,Sanjay nagar,630.0,1.0,35.0,2
6238,Sanjay nagar,965.0,1.0,32.0,1
6239,Sanjay nagar,1900.0,2.0,180.0,3
6240,Sanjay nagar,1575.0,2.0,90.0,2
6242,Sanjay nagar,1200.0,2.0,76.0,3
6243,Sanjay nagar,960.0,2.0,55.0,2
6244,Sanjay nagar,1050.0,2.0,59.0,2
6245,Sanjay nagar,1150.0,2.0,70.0,2
6246,Sanjay nagar,1500.0,3.0,150.0,3
6247,Sanjay nagar,1180.0,2.0,80.0,2
6248,Sarakki Nagar,2121.0,4.0,253.0,3
6249,Sarakki Nagar,2289.0,3.0,260.0,3
6250,Sarakki Nagar,2500.0,4.0,325.0,3
6251,Sarakki Nagar,2145.0,4.0,270.0,3
6252,Sarakki Nagar,2663.0,4.0,338.0,3
6253,Sarakki Nagar,1840.0,4.0,175.0,3
6254,Sarakki Nagar,3131.0,4.0,349.0,4
6255,Sarakki Nagar,3126.0,5.0,345.0,4
6256,Sarakki Nagar,3124.0,6.0,349.0,4
6257,Sarjapur,2250.0,3.0,148.0,3
6258,Sarjapur,1600.0,3.0,75.0,3
6259,Sarjapur,1242.5,2.0,43.49,2
6260,Sarjapur,913.0,2.0,32.0,2
6261,Sarjapur,1128.0,2.0,60.0,2
6262,Sarjapur,1185.0,2.0,47.0,2
6264,Sarjapur,900.0,2.0,42.0,3
6265,Sarjapur,649.5,1.0,17.535,1
6266,Sarjapur,1020.0,2.0,35.0,2
6267,Sarjapur,1195.0,2.0,42.0,2
6268,Sarjapur,1200.0,5.0,110.0,4
6269,Sarjapur,1240.0,2.0,44.0,2
6270,Sarjapur,1550.0,2.0,65.0,4
6271,Sarjapur,950.0,2.0,32.5,2
6272,Sarjapur,1285.0,2.0,68.0,3
6274,Sarjapur,925.0,2.0,25.0,2
6275,Sarjapur,3190.0,3.0,160.0,4
6276,Sarjapur,1215.0,2.0,40.0,2
6277,Sarjapur,2540.0,4.0,115.0,4
6278,Sarjapur,1200.0,3.0,78.0,3
6279,Sarjapur,1000.0,2.0,30.0,2
6280,Sarjapur,1157.0,2.0,40.0,2
6281,Sarjapur,2238.0,3.0,140.0,3
6282,Sarjapur,2020.0,3.0,85.0,3
6283,Sarjapur,2885.0,3.0,185.0,4
6284,Sarjapur,1500.0,2.0,30.0,2
6286,Sarjapur,2400.0,3.0,190.0,3
6287,Sarjapur,1240.0,2.0,44.3,2
6288,Sarjapur,625.0,1.0,19.0,1
6289,Sarjapur,2585.5,4.0,139.5,4
6290,Sarjapur,940.0,2.0,25.38,2
6291,Sarjapur,2100.0,3.0,125.0,4
6292,Sarjapur,913.0,2.0,36.0,2
6293,Sarjapur,1404.0,2.0,53.35,3
6294,Sarjapur,1830.0,3.0,88.0,3
6295,Sarjapur,1364.0,2.0,56.0,3
6296,Sarjapur,1124.0,2.0,30.35,2
6297,Sarjapur,1044.0,2.0,32.0,2
6298,Sarjapur,650.0,1.0,19.87,1
6299,Sarjapur,1175.0,2.0,42.0,2
6300,Sarjapur,1240.0,2.0,43.1,2
6301,Sarjapur,1170.0,2.0,35.41,3
6302,Sarjapur,1032.0,2.0,42.0,2
6303,Sarjapur,2302.5,2.0,80.59,4
6304,Sarjapur,1044.0,2.0,34.0,2
6305,Sarjapur,1200.0,3.0,76.13,3
6306,Sarjapur,1200.0,2.0,62.0,2
6307,Sarjapur,900.0,2.0,27.98,2
6308,Sarjapur,2970.0,3.0,130.0,4
6309,Sarjapur,1205.0,2.0,29.0,2
6310,Sarjapur,850.0,2.0,32.0,2
6311,Sarjapur,1175.0,2.0,41.68,2
6313,Sarjapur,920.0,2.0,33.0,2
6315,Sarjapur,1150.0,2.0,41.0,2
6316,Sarjapur,1200.0,2.0,42.6,2
6317,Sarjapur,1333.0,3.0,50.0,3
6318,Sarjapur,1044.0,2.0,36.0,2
6319,Sarjapur,950.0,2.0,35.0,2
6320,Sarjapur,2585.5,4.0,115.0,4
6321,Sarjapur,2172.0,3.0,100.0,3
6322,Sarjapur,633.0,1.0,17.09,1
6323,Sarjapur,1500.0,5.0,95.0,3
6324,Sarjapur,1451.0,2.0,87.0,2
6325,Sarjapur,2400.0,3.0,140.0,4
6326,Sarjapur,1525.0,2.0,68.0,3
6327,Sarjapur,1095.0,2.0,45.0,2
6328,Sarjapur,1425.0,3.0,57.0,3
6330,Sarjapur  Road,2497.0,3.0,140.0,3
6332,Sarjapur  Road,1787.0,3.0,125.0,3
6337,Sarjapur  Road,1000.0,2.0,67.0,2
6342,Sarjapur  Road,2100.0,3.0,125.0,3
6343,Sarjapur  Road,2230.0,4.0,225.0,4
6347,Sarjapur  Road,1691.0,3.0,113.0,3
6348,Sarjapur  Road,1278.0,2.0,95.0,2
6349,Sarjapur  Road,2238.0,3.0,140.0,3
6350,Sarjapur  Road,1800.0,3.0,110.0,3
6354,Sarjapur  Road,710.0,1.0,27.0,1
6356,Sarjapur  Road,1984.0,4.0,146.0,3
6360,Sarjapur  Road,1700.0,3.0,110.0,3
6363,Sarjapur  Road,615.0,1.0,17.835,1
6364,Sarjapur  Road,3430.0,6.0,228.5,4
6368,Sarjapur  Road,1700.0,3.0,135.0,3
6369,Sarjapur  Road,1691.0,3.0,119.0,3
6370,Sarjapur  Road,1846.0,3.0,140.0,3
6371,Sarjapur  Road,1200.0,3.0,95.0,3
6375,Sarjapur  Road,1215.0,2.0,110.0,2
6380,Sarjapur  Road,4395.0,4.0,242.0,4
6383,Sarjapur  Road,1680.0,3.0,112.0,3
6384,Sarjapur  Road,1255.0,2.0,92.0,2
6391,Sarjapur  Road,1145.0,2.0,75.0,2
6395,Sarjapur  Road,1476.0,2.0,98.94,3
6396,Sarjapur  Road,2180.0,3.0,170.0,3
6399,Sarjapur  Road,1750.0,3.0,110.0,3
6403,Sarjapur  Road,2600.0,3.0,200.0,3
6404,Sarjapur  Road,685.0,1.0,40.0,1
6407,Sarjapur  Road,2720.0,5.0,210.0,3
6409,Sarjapur  Road,1241.0,2.0,82.0,2
6412,Sarjapur  Road,835.0,1.0,46.95,1
6418,Sarjapur  Road,3416.5,6.0,143.0,4
6423,Sarjapur  Road,1150.0,2.0,77.0,2
6424,Sarjapur  Road,1965.0,3.0,120.0,3
6425,Sarjapur  Road,2275.0,4.0,180.0,3
6426,Sarjapur  Road,1680.0,3.0,160.0,3
6429,Sarjapur  Road,1200.0,2.0,93.0,2
6436,Sarjapur  Road,715.0,1.0,29.0,1
6437,Sarjapur  Road,1230.0,2.0,94.5,2
6443,Sarjapur  Road,1750.0,3.0,215.0,4
6444,Sarjapur  Road,1846.0,3.0,145.0,3
6445,Sarjapur  Road,1846.0,3.0,155.0,3
6448,Sarjapur  Road,2383.0,5.0,215.0,4
6450,Sarjapur  Road,2145.0,3.0,190.0,3
6454,Sarjapur  Road,2556.0,3.0,169.0,3
6455,Sarjapur  Road,1278.0,2.0,90.0,2
6457,Sarjapur  Road,2180.0,3.0,240.0,3
6459,Sarjapur  Road,1305.0,2.0,99.0,2
6460,Sarjapur  Road,1755.0,3.0,122.0,3
6470,Sarjapur  Road,1455.0,2.0,98.0,3
6472,Sarjapur  Road,1850.0,3.0,140.0,3
6473,Sarjapur  Road,950.0,1.0,39.9,1
6474,Sarjapur  Road,1826.0,3.0,130.0,3
6478,Sarjapur  Road,1660.0,2.0,116.0,3
6479,Sarjapur  Road,1700.0,3.0,108.0,3
6484,Sarjapur  Road,539.0,1.0,45.0,1
6487,Sarjapur  Road,2145.0,3.0,180.0,3
6490,Sarjapur  Road,1320.0,2.0,115.0,2
6492,Sarjapur  Road,3044.0,3.0,183.0,3
6494,Sarjapur  Road,3004.0,4.0,158.0,3
6495,Sarjapur  Road,1877.0,4.0,150.0,3
6501,Sarjapur  Road,1711.0,3.0,110.0,3
6506,Sarjapur  Road,1350.0,2.0,102.0,2
6507,Sarjapur  Road,2990.0,4.0,240.0,4
6510,Sarjapur  Road,1685.0,3.0,135.0,3
6522,Sarjapur  Road,1320.0,2.0,100.0,2
6523,Sarjapur  Road,1984.0,4.0,145.0,3
6528,Sarjapur  Road,1900.0,4.0,180.0,3
6529,Sarjapur  Road,2425.0,5.0,201.0,4
6530,Sarjapur  Road,1691.0,3.0,113.0,3
6532,Sarjapur  Road,2070.0,4.0,160.0,3
6537,Sarjapur  Road,1693.0,3.0,125.0,3
6538,Sarjapur  Road,1826.0,3.0,125.0,3
6539,Sarjapur  Road,1660.0,3.0,116.0,3
6541,Sarjapur  Road,2750.0,5.0,240.0,4
6542,Sarjapur  Road,1830.0,3.0,119.0,3
6543,Sarjapur  Road,1700.0,3.0,194.0,3
6547,Sarjapur  Road,2900.0,4.0,240.0,4
6548,Sarjapur  Road,1059.0,2.0,68.0,2
6551,Sarjapur  Road,1700.0,3.0,118.0,3
6552,Sarjapur  Road,1691.0,3.0,120.0,3
6553,Sarjapur  Road,1770.0,3.0,180.0,3
6556,Sarjapur  Road,1580.0,3.0,125.0,3
6559,Sarjapur  Road,1826.0,3.0,130.0,3
6562,Sarjapur  Road,534.0,1.0,19.65,1
6568,Sarjapur  Road,702.0,1.0,52.0,1
6570,Sarjapur  Road,2275.0,4.0,185.0,3
6571,Sarjapur  Road,2100.0,3.0,135.0,3
6574,Sarjapur  Road,2275.0,4.0,175.0,3
6575,Sarjapur  Road,1314.0,2.0,110.0,2
6576,Sarjapur  Road,1787.0,3.0,116.0,3
6579,Sarjapur  Road,4395.0,4.0,242.0,4
6586,Sarjapur  Road,3418.0,3.0,235.0,4
6587,Sarjapur  Road,691.0,1.0,31.1,1
6589,Sarjapur  Road,3913.0,5.0,176.0,4
6591,Sarjapur  Road,1881.0,3.0,145.0,3
6592,Sarjapur  Road,2275.0,4.0,182.0,3
6597,Sarjapur  Road,1881.0,3.0,145.0,3
6599,Sarjapur  Road,2880.0,3.0,211.0,4
6600,Sarjapur  Road,3418.0,2.0,222.0,4
6602,Sarjapur  Road,675.0,1.0,27.0,1
6605,Sarjapur  Road,1691.0,3.0,119.0,3
6606,Sarjapur  Road,1335.0,2.0,95.0,2
6608,Sarjapur  Road,1680.0,3.0,126.0,3
6610,Sarjapur  Road,3420.0,4.0,225.0,4
6611,Sarjapur  Road,1510.0,2.0,110.0,3
6613,Sarjapur  Road,984.0,3.0,140.0,3
6617,Sarjapur  Road,1850.0,3.0,140.0,3
6620,Sarjapur  Road,1879.0,3.0,155.0,3
6622,Sarjapur  Road,2425.0,5.0,175.0,4
6624,Sarjapur  Road,2500.0,4.0,225.0,4
6625,Sarjapur  Road,2289.0,3.0,178.0,3
6628,Sarjapur  Road,2100.0,3.0,130.0,3
6629,Sarjapur  Road,702.0,1.0,35.8,1
6630,Sarjapur  Road,1240.0,4.0,110.0,4
6631,Sarjapur  Road,1320.0,2.0,110.0,2
6634,Sarjapur  Road,1800.0,3.0,128.0,3
6635,Sarjapur  Road,2275.0,4.0,187.0,3
6648,Sarjapur  Road,1600.0,3.0,120.0,3
6651,Sarjapur  Road,475.0,1.0,26.0,1
6654,Sarjapur  Road,1857.0,4.0,155.0,3
6655,Sarjapur  Road,1750.0,3.0,185.0,4
6656,Sarjapur  Road,1660.0,2.0,116.0,3
6663,Sarjapur  Road,2089.0,3.0,148.0,3
6665,Sarjapur  Road,1290.0,2.0,88.0,2
6667,Sarjapur  Road,2140.0,3.0,139.0,3
6670,Sarjapur  Road,2180.0,4.0,180.0,3
6671,Sarjapur  Road,1691.0,3.0,119.0,3
6672,Sarjapur  Road,2206.0,4.0,180.0,3
6675,Sarjapur  Road,1250.0,4.0,135.0,4
6678,Sarjapur  Road,4395.0,4.0,242.0,4
6679,Sarjapur  Road,1984.0,4.0,148.0,3
6686,Sarjapur  Road,2758.0,4.0,240.0,4
6689,Sarjapur  Road,2425.0,5.0,195.0,4
6690,Sarjapura - Attibele Road,1330.0,2.0,48.0,3
6691,Sarjapura - Attibele Road,1329.0,2.0,45.95,3
6692,Sarjapura - Attibele Road,1800.0,4.0,110.0,4
6693,Sarjapura - Attibele Road,829.0,2.0,22.8,2
6694,Sarjapura - Attibele Road,2400.0,3.0,85.0,3
6695,Sarjapura - Attibele Road,1033.0,2.0,28.41,2
6697,Sarjapura - Attibele Road,1800.0,3.0,90.0,3
6698,Sarjapura - Attibele Road,1308.0,2.0,37.0,2
6699,Sarjapura - Attibele Road,1073.0,2.0,31.77,2
6700,Sarjapura - Attibele Road,1330.0,2.0,49.0,3
6701,Sarjapura - Attibele Road,1090.0,2.0,37.0,2
6702,Sarjapura - Attibele Road,1126.0,2.0,36.0,2
6703,Sarjapura - Attibele Road,740.0,1.0,23.65,1
6705,Sector 2 HSR Layout,1296.0,2.0,75.0,2
6706,Sector 2 HSR Layout,1143.0,2.0,65.0,2
6707,Sector 2 HSR Layout,1146.0,2.0,55.0,2
6708,Sector 2 HSR Layout,1665.0,3.0,110.0,3
6709,Sector 2 HSR Layout,1512.0,3.0,80.0,3
6710,Sector 2 HSR Layout,1332.0,2.0,101.0,2
6711,Sector 2 HSR Layout,1600.0,3.0,90.0,3
6712,Sector 2 HSR Layout,1095.0,2.0,85.41,2
6713,Sector 2 HSR Layout,1231.0,2.0,66.0,2
6714,Sector 7 HSR Layout,1163.0,2.0,98.86,2
6715,Sector 7 HSR Layout,1760.0,3.0,145.0,3
6716,Sector 7 HSR Layout,1163.0,2.0,98.86,2
6717,Sector 7 HSR Layout,1342.0,2.0,115.0,2
6718,Sector 7 HSR Layout,1760.0,3.0,160.0,3
6719,Sector 7 HSR Layout,1760.0,3.0,142.0,3
6720,Sector 7 HSR Layout,2400.0,2.0,195.0,3
6721,Sector 7 HSR Layout,1760.0,3.0,185.0,3
6722,Sector 7 HSR Layout,1162.0,2.0,98.77,2
6723,Seegehalli,901.0,2.0,35.14,2
6724,Seegehalli,1150.0,2.0,42.9,3
6725,Seegehalli,800.0,1.0,50.0,2
6726,Seegehalli,1525.0,3.0,65.0,3
6727,Seegehalli,1118.0,2.0,37.5,2
6728,Seegehalli,1200.0,2.0,62.0,3
6729,Seegehalli,1155.0,2.0,72.0,2
6730,Seegehalli,1830.0,4.0,82.0,3
6731,Seegehalli,4000.0,3.0,235.0,3
6732,Seegehalli,3000.0,5.0,150.0,4
6733,Seegehalli,2800.0,4.0,140.0,4
6734,Seegehalli,1096.0,2.0,41.0,2
6736,Seegehalli,920.0,2.0,27.0,2
6737,Seegehalli,1553.0,3.0,68.0,3
6738,Seegehalli,1639.0,3.0,120.0,3
6739,Seegehalli,3000.0,4.0,235.0,3
6740,Seegehalli,1134.0,2.0,45.0,2
6741,Seegehalli,1683.0,3.0,80.0,3
6742,Seegehalli,2400.0,4.0,240.0,3
6743,Seegehalli,1176.0,2.0,50.0,2
6744,Seegehalli,3000.0,4.0,240.0,3
6745,Shampura,2650.0,4.0,150.0,4
6746,Shampura,1200.0,2.0,53.0,2
6747,Shampura,700.0,1.0,35.0,2
6748,Shampura,1400.0,3.0,70.0,3
6749,Shampura,1475.0,3.0,78.0,3
6750,Shampura,1700.0,3.0,75.0,3
6751,Shampura,1187.0,2.0,42.0,2
6752,Shampura,2800.0,5.0,95.0,7
6753,Shivaji Nagar,850.0,2.0,55.0,2
6754,Shivaji Nagar,1554.0,3.0,130.0,2
6755,Shivaji Nagar,2200.0,2.0,110.0,2
6756,Shivaji Nagar,1300.0,3.0,170.0,3
6757,Shivaji Nagar,703.0,2.0,49.5,2
6758,Shivaji Nagar,1460.0,2.0,90.0,3
6759,Shivaji Nagar,600.0,1.0,65.0,2
6760,Singasandra,1010.0,2.0,29.5,2
6761,Singasandra,1440.0,2.0,65.0,3
6762,Singasandra,1030.0,2.0,55.0,2
6763,Singasandra,1100.0,2.0,52.0,2
6764,Singasandra,1306.0,2.0,58.0,3
6765,Singasandra,3366.0,4.0,120.0,4
6766,Singasandra,1300.0,2.0,65.0,2
6767,Singasandra,3126.0,4.0,120.0,4
6769,Singasandra,1010.0,2.0,40.0,2
6770,Singasandra,1375.0,2.0,58.0,2
6771,Singasandra,1120.0,2.0,60.0,2
6772,Singasandra,1099.0,2.0,37.5,2
6773,Singasandra,1510.0,3.0,75.0,3
6774,Singasandra,1179.0,2.0,56.0,2
6775,Singasandra,1416.0,2.0,67.0,2
6776,Singasandra,1476.0,2.0,73.0,3
6777,Singasandra,1139.7,2.0,45.0,2
6778,Singasandra,1465.0,2.0,60.0,2
6780,Singasandra,1653.0,3.0,85.0,3
6781,Somasundara Palya,1255.0,2.0,67.0,2
6782,Somasundara Palya,1448.0,2.0,68.0,2
6784,Somasundara Palya,1178.0,2.0,73.0,2
6785,Somasundara Palya,1260.0,2.0,60.0,2
6786,Somasundara Palya,1174.0,2.0,74.0,2
6787,Somasundara Palya,1033.0,2.0,48.0,2
6788,Somasundara Palya,1329.0,2.0,70.0,2
6789,Somasundara Palya,1178.0,2.0,78.0,2
6790,Somasundara Palya,1185.0,2.0,70.0,2
6793,Somasundara Palya,1200.0,2.0,75.0,2
6796,Somasundara Palya,1650.0,3.0,95.0,3
6797,Somasundara Palya,1186.0,2.0,72.0,2
6798,Somasundara Palya,1186.0,2.0,76.0,2
6800,Somasundara Palya,1140.0,2.0,46.0,2
6801,Somasundara Palya,1185.0,2.0,75.0,2
6802,Sompura,1025.0,2.0,48.0,3
6803,Sompura,1025.0,2.0,37.0,3
6804,Sompura,1020.0,2.0,41.0,2
6805,Sompura,1275.0,3.0,59.0,3
6806,Sompura,1126.0,2.0,39.0,2
6807,Sompura,1350.0,3.0,65.0,3
6808,Sompura,2150.0,3.0,85.0,4
6810,Sonnenahalli,896.0,2.0,43.75,2
6811,Sonnenahalli,1268.0,2.0,73.0,2
6812,Sonnenahalli,1120.0,2.0,43.0,2
6813,Sonnenahalli,1100.0,2.0,44.0,2
6814,Sonnenahalli,1011.0,2.0,50.53,2
6815,Sonnenahalli,1157.0,2.0,42.0,2
6816,Sonnenahalli,1484.0,3.0,74.18,3
6817,Sonnenahalli,1610.0,3.0,80.48,3
6818,Sonnenahalli,1059.0,2.0,62.0,2
6819,Sonnenahalli,1268.0,2.0,75.0,3
6820,Sonnenahalli,1415.0,2.0,65.0,3
6821,Sonnenahalli,1268.0,2.0,58.0,2
6822,Sonnenahalli,1268.0,2.0,56.0,2
6823,Sonnenahalli,1011.0,2.0,59.0,2
6824,Sonnenahalli,1484.0,3.0,75.0,3
6825,Subramanyapura,929.0,2.0,50.17,2
6826,Subramanyapura,975.0,2.0,58.0,2
6827,Subramanyapura,985.0,2.0,58.0,2
6828,Subramanyapura,1245.0,2.0,68.0,3
6829,Subramanyapura,1313.0,2.0,73.0,2
6830,Subramanyapura,1313.0,2.0,66.5,2
6831,Subramanyapura,1255.0,2.0,79.0,3
6832,Subramanyapura,1050.0,2.0,41.0,2
6833,Subramanyapura,1330.0,3.0,72.0,3
6834,Subramanyapura,929.0,2.0,48.0,2
6835,Subramanyapura,950.0,2.0,55.0,2
6836,Subramanyapura,929.0,2.0,56.0,2
6837,Subramanyapura,1800.0,3.0,90.0,3
6838,Subramanyapura,1260.0,2.0,76.0,3
6840,Subramanyapura,958.0,2.0,34.49,2
6841,Subramanyapura,958.0,2.0,33.53,2
6842,Subramanyapura,960.0,2.0,55.0,2
6843,Subramanyapura,1260.0,2.0,73.0,3
6845,Subramanyapura,1278.0,3.0,70.0,3
6846,Subramanyapura,929.0,2.0,49.0,2
6847,Subramanyapura,1260.0,2.0,75.0,3
6848,Subramanyapura,1000.0,2.0,45.0,2
6849,Subramanyapura,1260.0,2.0,80.0,3
6850,Subramanyapura,929.0,1.0,51.0,2
6851,Subramanyapura,1880.0,3.0,110.0,3
6852,Subramanyapura,985.0,2.0,62.5,2
6853,Sultan Palaya,1700.0,3.0,120.0,3
6854,Sultan Palaya,1100.0,2.0,40.0,2
6855,Sultan Palaya,1800.0,8.0,175.0,6
6856,Sultan Palaya,1100.0,2.0,45.0,2
6857,Sultan Palaya,900.0,2.0,45.0,2
6858,Sultan Palaya,870.0,2.0,65.0,2
6859,Sultan Palaya,1765.0,3.0,80.0,3
6860,Sultan Palaya,1713.0,3.0,125.0,3
6861,Sultan Palaya,1009.0,2.0,65.0,2
6862,Sultan Palaya,1070.0,2.0,49.0,2
6863,Sultan Palaya,2200.0,3.0,80.0,4
6864,TC Palaya,1475.0,3.0,98.0,3
6865,TC Palaya,1200.0,2.0,60.0,2
6866,TC Palaya,1200.0,2.0,66.0,3
6868,TC Palaya,1200.0,3.0,66.0,3
6869,TC Palaya,1350.0,2.0,75.0,3
6870,TC Palaya,1240.0,2.0,60.0,2
6871,TC Palaya,1500.0,2.0,100.0,3
6872,TC Palaya,1200.0,2.0,65.0,2
6873,TC Palaya,1200.0,2.0,70.0,2
6874,TC Palaya,900.0,2.0,55.0,2
6875,TC Palaya,1200.0,2.0,66.0,3
6876,TC Palaya,1200.0,2.0,66.5,3
6877,TC Palaya,1000.0,2.0,64.0,2
6879,TC Palaya,900.0,2.0,55.0,2
6880,TC Palaya,1200.0,2.0,66.0,2
6881,TC Palaya,1500.0,2.0,120.0,3
6882,TC Palaya,1200.0,2.0,66.0,3
6883,TC Palaya,1200.0,2.0,66.5,3
6884,TC Palaya,900.0,2.0,55.0,2
6885,TC Palaya,1200.0,2.0,66.0,3
6886,TC Palaya,900.0,2.0,55.0,2
6887,TC Palaya,1500.0,3.0,83.0,3
6889,TC Palaya,1200.0,2.0,65.0,2
6890,TC Palaya,1500.0,2.0,75.0,2
6891,TC Palaya,1200.0,2.0,66.0,3
6892,TC Palaya,1000.0,2.0,70.0,2
6893,TC Palaya,1100.0,2.0,65.0,2
6894,TC Palaya,1200.0,3.0,66.0,3
6895,TC Palaya,1200.0,2.0,66.0,3
6896,TC Palaya,1200.0,2.0,66.0,3
6897,TC Palaya,1800.0,2.0,80.0,2
6898,TC Palaya,1200.0,2.0,66.0,3
6899,TC Palaya,1200.0,2.0,70.0,2
6900,TC Palaya,1350.0,1.0,55.0,1
6901,TC Palaya,900.0,2.0,55.0,2
6902,TC Palaya,900.0,2.0,55.0,2
6904,TC Palaya,1082.0,2.0,64.0,2
6905,TC Palaya,1995.0,3.0,100.0,3
6906,TC Palaya,1200.0,2.0,66.0,3
6907,TC Palaya,1200.0,2.0,66.0,3
6908,TC Palaya,1152.0,2.0,55.0,2
6909,TC Palaya,1126.0,2.0,39.4,2
6910,TC Palaya,1200.0,2.0,66.0,3
6911,TC Palaya,1200.0,2.0,66.0,3
6912,TC Palaya,1200.0,2.0,66.0,3
6914,Talaghattapura,1868.0,3.0,131.0,3
6915,Talaghattapura,2038.5,3.0,120.0,3
6916,Talaghattapura,2106.0,3.0,126.0,3
6917,Talaghattapura,1868.0,3.0,121.0,3
6918,Talaghattapura,2106.0,3.0,126.0,3
6919,Talaghattapura,1868.0,3.0,135.0,3
6920,Talaghattapura,1856.0,3.0,135.0,3
6921,Talaghattapura,1868.0,3.0,120.0,3
6922,Talaghattapura,1804.0,3.0,115.0,3
6923,Talaghattapura,951.0,2.0,30.43,2
6924,Talaghattapura,1856.0,3.0,135.0,3
6925,Talaghattapura,2254.0,3.0,153.0,3
6926,Talaghattapura,2106.0,3.0,148.0,3
6927,Talaghattapura,921.0,2.0,29.47,2
6928,Talaghattapura,1856.0,3.0,135.0,3
6929,Talaghattapura,2273.0,3.0,159.0,3
6930,Talaghattapura,2099.0,3.0,147.0,3
6931,Talaghattapura,1040.0,2.0,33.28,2
6932,Talaghattapura,1100.0,2.0,50.0,2
6933,Talaghattapura,1100.0,2.0,49.49,2
6934,Talaghattapura,1575.0,3.0,80.0,3
6935,Talaghattapura,2273.0,3.0,145.0,3
6936,Talaghattapura,921.0,2.0,29.47,2
6937,Talaghattapura,1175.0,2.0,62.0,2
6938,Talaghattapura,1804.0,3.0,127.0,3
6939,Talaghattapura,1062.0,2.0,42.48,2
6940,Talaghattapura,2038.5,3.0,122.0,3
6941,Talaghattapura,1800.0,3.0,84.0,3
6942,Talaghattapura,2265.0,3.0,159.0,3
6943,Talaghattapura,2099.0,3.0,134.0,3
6946,Thanisandra,1427.0,3.0,120.0,3
6949,Thanisandra,1702.0,3.0,130.0,3
6951,Thanisandra,1296.0,2.0,83.0,2
6955,Thanisandra,2144.0,3.0,135.0,3
6958,Thanisandra,1093.0,2.0,70.0,2
6962,Thanisandra,1265.0,2.0,85.0,2
6963,Thanisandra,776.5,2.0,48.145,1
6964,Thanisandra,1564.0,3.0,101.0,3
6966,Thanisandra,1847.0,3.0,123.0,3
6968,Thanisandra,1697.0,3.0,114.0,3
6970,Thanisandra,3500.0,5.0,160.0,6
6972,Thanisandra,1917.0,3.0,122.0,3
6973,Thanisandra,693.0,1.0,34.3,1
6975,Thanisandra,760.0,1.0,50.3,1
6978,Thanisandra,2002.0,3.0,112.0,3
6983,Thanisandra,1697.0,3.0,115.0,3
6984,Thanisandra,1380.0,1.0,62.1,1
6985,Thanisandra,923.0,1.0,60.84,1
6987,Thanisandra,923.0,1.0,45.69,1
6991,Thanisandra,1874.0,4.0,130.0,3
6992,Thanisandra,1698.0,3.0,102.0,3
6993,Thanisandra,1411.0,3.0,93.04,3
6994,Thanisandra,1996.0,3.0,135.0,3
6995,Thanisandra,1801.0,3.0,115.0,3
6996,Thanisandra,1678.0,3.0,125.0,3
6997,Thanisandra,1265.0,2.0,82.0,2
6999,Thanisandra,1917.0,4.0,113.0,3
7001,Thanisandra,1948.0,3.0,130.0,3
7002,Thanisandra,1690.0,3.0,125.0,3
7005,Thanisandra,965.0,2.0,67.0,2
7006,Thanisandra,1098.0,2.0,74.0,2
7008,Thanisandra,1564.0,3.0,104.0,3
7014,Thanisandra,2127.0,3.0,135.0,3
7017,Thanisandra,693.0,1.0,34.3,1
7018,Thanisandra,2259.0,5.0,135.0,4
7022,Thanisandra,934.0,2.0,55.0,2
7024,Thanisandra,1056.0,2.0,68.0,2
7025,Thanisandra,1595.0,3.0,110.0,3
7026,Thanisandra,1411.0,3.0,93.15,3
7028,Thanisandra,1093.0,2.0,68.1,2
7030,Thanisandra,1093.0,2.0,72.0,2
7032,Thanisandra,1698.0,3.0,107.0,3
7033,Thanisandra,1564.0,3.0,105.0,3
7034,Thanisandra,1265.0,2.0,83.0,2
7035,Thanisandra,784.0,1.0,35.285,1
7036,Thanisandra,965.0,2.0,56.0,2
7038,Thanisandra,777.0,1.0,38.535,1
7039,Thanisandra,1697.0,3.0,110.0,3
7041,Thanisandra,2072.0,3.0,122.0,3
7042,Thanisandra,1595.0,3.0,120.0,3
7043,Thanisandra,1880.0,3.0,120.0,3
7044,Thanisandra,760.0,1.0,50.0,1
7046,Thanisandra,1800.0,4.0,125.0,3
7047,Thanisandra,933.0,2.0,58.0,1
7048,Thanisandra,1917.0,3.0,110.0,3
7049,Thanisandra,1996.0,4.0,123.0,3
7050,Thanisandra,1183.0,2.0,77.25,2
7053,Thanisandra,662.0,1.0,29.0,1
7055,Thanisandra,1564.0,3.0,100.0,3
7056,Thanisandra,1573.0,3.0,98.0,3
7057,Thanisandra,1262.0,2.0,83.0,3
7058,Thanisandra,1056.0,2.0,65.0,2
7060,Thanisandra,1702.0,3.0,115.0,3
7062,Thanisandra,1935.0,4.0,122.0,3
7063,Thanisandra,933.0,2.0,55.0,2
7065,Thanisandra,1183.0,2.0,77.3,2
7066,Thanisandra,662.0,1.0,38.0,1
7068,Thanisandra,1595.0,3.0,105.0,3
7071,Thanisandra,2087.0,4.0,139.0,3
7073,Thanisandra,1098.0,2.0,71.0,2
7074,Thanisandra,1411.0,3.0,93.25,3
7077,Thanisandra,1732.0,3.0,112.0,3
7078,Thanisandra,933.0,2.0,66.0,2
7079,Thanisandra,933.0,1.0,61.0,1
7080,Thanisandra,1702.0,3.0,107.0,3
7081,Thanisandra,747.0,1.0,34.355,1
7082,Thanisandra,2030.0,4.0,125.0,3
7084,Thanisandra,1411.0,3.0,100.0,3
7085,Thanisandra,1702.0,3.0,120.0,3
7088,Thanisandra,1948.0,4.0,129.0,4
7089,Thanisandra,3600.0,9.0,125.0,8
7091,Thanisandra,1056.0,2.0,70.0,2
7094,Thanisandra,1698.0,3.0,125.0,3
7097,Thanisandra,1056.0,2.0,75.0,2
7098,Thanisandra,1245.0,2.0,83.05,2
7101,Thanisandra,1884.0,4.0,117.0,3
7103,Thanisandra,1930.0,4.0,122.0,3
7104,Thanisandra,777.0,1.0,38.46,1
7106,Thanisandra,2999.97,6.0,110.0,6
7107,Thanisandra,1930.0,4.0,120.0,3
7108,Thanisandra,760.0,1.0,50.4,1
7109,Thanisandra,663.0,1.0,32.82,1
7110,Thanisandra,1801.0,3.0,115.0,3
7111,Thanisandra,1806.0,6.0,116.0,3
7112,Thanisandra,1573.0,3.0,115.0,3
7114,Thanisandra,1305.0,2.0,90.0,2
7115,Thanisandra,1965.0,4.0,125.0,3
7116,Thanisandra,1694.0,3.0,125.0,3
7117,Thanisandra,1573.0,3.0,100.0,3
7120,Thanisandra,1917.0,4.0,130.0,4
7122,Thigalarapalya,2072.0,4.0,142.0,3
7123,Thigalarapalya,1297.0,2.0,112.0,2
7124,Thigalarapalya,1297.0,2.0,103.0,2
7125,Thigalarapalya,1418.0,2.0,95.0,2
7126,Thigalarapalya,2072.0,4.0,150.0,3
7127,Thigalarapalya,1418.0,2.0,103.0,2
7128,Thigalarapalya,1418.0,2.0,101.0,2
7129,Thigalarapalya,1165.0,2.0,95.0,2
7130,Thigalarapalya,1418.0,2.0,104.0,2
7131,Thigalarapalya,2072.0,4.0,139.0,3
7132,Thigalarapalya,2912.0,6.0,210.0,4
7133,Thigalarapalya,1418.0,2.0,103.0,2
7134,Thigalarapalya,2072.0,4.0,159.0,3
7135,Thigalarapalya,2072.0,4.0,147.0,3
7136,Thigalarapalya,1418.0,2.0,106.0,2
7137,Thigalarapalya,2215.0,4.0,156.0,3
7138,Thigalarapalya,1418.0,2.0,104.0,2
7139,Thigalarapalya,1418.0,2.0,105.0,2
7140,Thigalarapalya,1418.0,2.0,104.0,2
7141,Thigalarapalya,2072.0,4.0,139.0,3
7142,Thigalarapalya,2215.0,4.0,160.0,3
7143,Thigalarapalya,1418.0,2.0,106.0,2
7144,Thigalarapalya,2072.0,4.0,155.0,3
7145,Thigalarapalya,1830.0,4.0,150.0,3
7146,Thigalarapalya,1830.0,4.0,135.0,3
7147,Thigalarapalya,1418.0,2.0,105.0,2
7148,Thigalarapalya,2072.0,4.0,160.0,3
7149,Thigalarapalya,2215.0,4.0,150.0,3
7150,Thigalarapalya,1245.0,2.0,100.0,2
7151,Thigalarapalya,2215.0,4.0,154.0,3
7152,Thigalarapalya,2072.0,4.0,152.0,3
7153,Thigalarapalya,2072.0,4.0,160.0,3
7154,Thigalarapalya,2072.0,4.0,155.0,3
7155,Thigalarapalya,2072.0,4.0,153.0,3
7156,Thigalarapalya,2215.0,4.0,150.0,3
7157,Thigalarapalya,2072.0,4.0,157.0,3
7158,Thigalarapalya,1418.0,2.0,105.0,2
7159,Thigalarapalya,1245.0,2.0,100.0,2
7160,Thigalarapalya,1830.0,4.0,150.0,3
7161,Thigalarapalya,1830.0,3.0,133.0,3
7162,Thigalarapalya,2215.0,4.0,154.0,3
7163,Thigalarapalya,2215.0,4.0,157.0,3
7164,Thigalarapalya,2072.0,4.0,151.0,3
7165,Thigalarapalya,1400.0,2.0,105.0,2
7166,Thigalarapalya,2215.0,4.0,162.0,3
7167,Thigalarapalya,1297.0,2.0,98.0,2
7168,Thigalarapalya,2215.0,4.0,152.0,3
7169,Thubarahalli,1200.0,2.0,78.0,2
7170,Thubarahalli,1128.0,2.0,75.0,2
7171,Thubarahalli,1185.0,2.0,65.0,2
7172,Thubarahalli,1626.0,2.0,120.0,3
7173,Thubarahalli,975.0,2.0,55.0,2
7174,Thubarahalli,1330.0,2.0,75.0,2
7175,Thubarahalli,1085.0,2.0,70.0,2
7176,Thubarahalli,1216.0,2.0,80.0,2
7177,Thubarahalli,1200.0,2.0,79.0,2
7178,Thubarahalli,1200.0,2.0,80.0,2
7179,Thubarahalli,1200.0,2.0,79.55,2
7180,Thubarahalli,1540.0,3.0,90.0,3
7182,Thubarahalli,975.0,2.0,50.0,2
7183,Thubarahalli,1540.0,3.0,90.0,3
7185,Thubarahalli,3408.0,5.0,145.0,4
7186,Thubarahalli,1584.0,3.0,101.0,3
7187,Thyagaraja Nagar,800.0,1.0,100.0,1
7188,Thyagaraja Nagar,2000.0,4.0,145.0,5
7189,Thyagaraja Nagar,660.0,1.0,95.0,1
7190,Thyagaraja Nagar,3000.0,6.0,180.0,7
7191,Thyagaraja Nagar,1270.0,2.0,95.25,3
7192,Tindlu,1500.0,2.0,87.0,3
7193,Tindlu,1357.0,2.0,65.0,3
7194,Tindlu,1350.0,2.0,100.0,2
7195,Tindlu,1500.0,3.0,87.0,3
7196,Tindlu,1180.0,2.0,52.0,2
7197,Tindlu,1370.07,3.0,65.0,3
7198,Tindlu,1165.0,2.0,59.8,2
7199,Tindlu,1050.0,2.0,55.0,2
7200,Tindlu,1100.0,2.0,55.0,2
7201,Tumkur Road,1500.0,3.0,95.0,3
7202,Tumkur Road,1779.0,3.0,112.0,3
7203,Tumkur Road,1586.0,3.0,100.0,3
7204,Tumkur Road,1098.0,2.0,72.0,2
7205,Tumkur Road,1354.0,3.0,90.0,3
7206,Tumkur Road,1240.0,2.0,84.0,3
7207,Tumkur Road,1239.0,2.0,82.0,2
7208,Tumkur Road,1246.0,2.0,82.0,2
7209,Tumkur Road,1500.0,3.0,100.0,3
7211,Tumkur Road,1416.0,3.0,94.0,3
7212,Tumkur Road,1027.0,2.0,60.0,2
7213,Tumkur Road,1027.0,2.0,68.62,2
7214,Tumkur Road,1459.0,2.0,95.0,3
7215,Tumkur Road,992.0,2.0,60.0,2
7216,Tumkur Road,1066.0,2.0,52.5,2
7217,Tumkur Road,4800.0,5.0,150.0,5
7218,Tumkur Road,728.5,1.0,31.315,1
7219,Tumkur Road,1240.0,2.0,79.0,3
7220,Tumkur Road,1441.0,2.0,95.0,3
7221,Tumkur Road,1240.0,2.0,83.0,3
7222,Tumkur Road,1027.0,2.0,67.0,2
7224,Tumkur Road,992.0,2.0,70.0,2
7225,Tumkur Road,1354.0,3.0,85.86,3
7226,Ulsoor,2135.0,3.0,215.0,3
7227,Ulsoor,2700.0,3.0,450.0,3
7228,Ulsoor,1275.0,2.0,120.0,2
7229,Ulsoor,1020.0,3.0,110.0,3
7230,Ulsoor,1200.0,2.0,60.0,2
7231,Ulsoor,1180.0,2.0,100.0,2
7232,Ulsoor,1340.0,3.0,90.0,3
7233,Ulsoor,1500.0,2.0,125.0,3
7234,Ulsoor,2000.0,3.0,185.0,3
7235,Ulsoor,36000.0,4.0,450.0,4
7236,Ulsoor,1255.0,2.0,120.0,2
7237,Ulsoor,3500.0,4.0,138.0,4
7238,Ulsoor,1685.0,4.0,185.0,3
7239,Ulsoor,840.0,1.0,150.0,1
7240,Ulsoor,2500.0,4.0,170.0,4
7241,Ulsoor,2135.0,3.0,170.0,3
7242,Ulsoor,1160.0,2.0,130.0,2
7243,Uttarahalli,1440.0,2.0,62.0,3
7244,Uttarahalli,1143.0,2.0,45.0,2
7245,Uttarahalli,1020.0,2.0,45.0,2
7246,Uttarahalli,1286.0,2.0,63.0,2
7247,Uttarahalli,1101.0,2.0,45.0,2
7248,Uttarahalli,1345.0,2.0,67.0,2
7251,Uttarahalli,1175.0,2.0,47.0,2
7252,Uttarahalli,1390.0,2.0,62.55,3
7253,Uttarahalli,1330.0,2.0,56.0,3
7254,Uttarahalli,1008.0,2.0,45.0,2
7255,Uttarahalli,1390.0,2.0,60.47,3
7257,Uttarahalli,1150.0,2.0,49.0,2
7258,Uttarahalli,1330.0,2.0,56.0,3
7259,Uttarahalli,1200.0,2.0,44.0,2
7262,Uttarahalli,882.0,2.0,30.0,2
7263,Uttarahalli,993.0,2.0,39.71,2
7264,Uttarahalli,1045.0,2.0,45.0,2
7265,Uttarahalli,850.0,2.0,37.93,2
7267,Uttarahalli,3600.0,6.0,120.0,6
7268,Uttarahalli,1788.0,3.0,98.34,3
7269,Uttarahalli,1345.0,2.0,57.0,3
7270,Uttarahalli,1089.0,2.0,43.55,2
7272,Uttarahalli,1279.0,2.0,48.0,2
7274,Uttarahalli,1425.0,2.0,64.0,3
7275,Uttarahalli,1155.0,2.0,40.42,2
7276,Uttarahalli,1050.0,2.0,42.0,2
7277,Uttarahalli,1300.0,2.0,55.0,3
7278,Uttarahalli,1250.0,2.0,55.0,3
7279,Uttarahalli,1700.0,3.0,88.0,3
7280,Uttarahalli,1200.0,3.0,50.0,3
7281,Uttarahalli,1085.0,2.0,43.0,2
7283,Uttarahalli,1175.0,2.0,47.0,2
7284,Uttarahalli,1689.28,3.0,91.2,3
7285,Uttarahalli,1175.0,2.0,47.0,2
7286,Uttarahalli,1137.0,2.0,63.0,2
7287,Uttarahalli,1315.0,2.0,74.0,3
7288,Uttarahalli,1215.0,2.0,52.85,3
7290,Uttarahalli,1325.0,2.0,53.0,2
7291,Uttarahalli,1300.0,2.0,60.0,3
7292,Uttarahalli,850.0,2.0,35.0,2
7293,Uttarahalli,1627.86,3.0,88.0,3
7295,Uttarahalli,1360.0,2.0,61.2,3
7296,Uttarahalli,1280.0,2.0,75.0,2
7297,Uttarahalli,1134.0,2.0,45.36,2
7299,Uttarahalli,1320.0,2.0,55.44,3
7300,Uttarahalli,1390.0,2.0,61.16,3
7301,Uttarahalli,1090.0,2.0,45.0,2
7302,Uttarahalli,1050.0,2.0,42.0,2
7303,Uttarahalli,1123.0,2.0,48.0,2
7304,Uttarahalli,1329.0,2.0,56.0,3
7305,Uttarahalli,938.0,2.0,35.0,2
7308,Uttarahalli,1100.0,1.0,45.0,2
7309,Uttarahalli,1125.0,2.0,47.0,2
7311,Uttarahalli,1685.0,3.0,85.0,3
7312,Uttarahalli,1390.0,2.0,62.55,3
7314,Uttarahalli,1180.0,2.0,41.3,2
7315,Uttarahalli,1380.0,2.0,42.0,2
7316,Uttarahalli,1737.0,2.0,95.0,3
7318,Uttarahalli,1160.0,2.0,45.0,2
7319,Uttarahalli,1280.0,2.0,60.0,3
7321,Uttarahalli,1190.0,2.0,53.55,2
7322,Uttarahalli,1330.0,2.0,57.0,3
7323,Uttarahalli,1560.0,3.0,74.0,3
7324,Uttarahalli,1250.0,2.0,50.0,3
7325,Uttarahalli,1125.0,2.0,48.0,2
7326,Uttarahalli,1320.0,2.0,55.44,3
7327,Uttarahalli,1255.0,2.0,50.19,3
7328,Uttarahalli,1160.0,2.0,40.6,2
7329,Uttarahalli,1255.0,2.0,50.19,3
7330,Uttarahalli,1163.0,2.0,68.0,2
7332,Uttarahalli,1065.0,2.0,42.59,2
7333,Uttarahalli,1075.0,2.0,46.76,2
7334,Uttarahalli,1155.0,2.0,40.6,2
7335,Uttarahalli,1150.0,2.0,70.0,2
7336,Uttarahalli,1065.0,2.0,42.59,3
7338,Uttarahalli,1099.0,2.0,65.0,2
7339,Uttarahalli,1215.0,2.0,52.85,3
7341,Uttarahalli,1180.0,2.0,41.3,2
7343,Uttarahalli,1250.0,2.0,50.0,3
7344,Uttarahalli,1002.0,2.0,40.08,2
7345,Uttarahalli,1002.0,2.0,40.08,2
7346,Uttarahalli,1075.0,2.0,40.0,2
7348,Uttarahalli,1155.0,2.0,40.43,2
7349,Uttarahalli,1025.0,2.0,35.88,2
7350,Uttarahalli,1125.0,2.0,47.65,2
7351,Uttarahalli,1300.0,2.0,55.0,2
7352,Uttarahalli,1025.0,2.0,35.88,2
7353,Uttarahalli,980.0,2.0,45.0,2
7354,Uttarahalli,1125.0,2.0,47.0,2
7357,Uttarahalli,1250.0,2.0,50.0,3
7358,Uttarahalli,1250.0,2.0,50.0,3
7359,Uttarahalli,1175.0,2.0,47.0,2
7363,Uttarahalli,1265.0,2.0,65.0,3
7366,Uttarahalli,1213.0,2.0,48.0,2
7368,Uttarahalli,900.0,2.0,35.0,2
7369,Uttarahalli,1065.0,2.0,42.6,2
7371,Uttarahalli,1250.0,2.0,50.0,3
7372,Uttarahalli,1125.0,2.0,47.0,2
7373,Uttarahalli,1270.0,2.0,55.25,3
7374,Uttarahalli,1270.0,2.0,55.25,3
7375,Uttarahalli,1107.0,2.0,45.0,2
7376,Uttarahalli,1200.0,2.0,55.0,2
7378,Uttarahalli,1460.0,3.0,76.0,3
7379,Uttarahalli,1500.0,3.0,68.0,3
7380,Uttarahalli,1120.0,2.0,50.0,2
7381,Uttarahalli,1150.0,2.0,46.0,2
7382,Uttarahalli,1330.0,2.0,58.0,3
7384,Uttarahalli,1050.0,2.0,42.0,2
7385,Uttarahalli,1125.0,2.0,48.0,2
7386,Uttarahalli,1345.0,2.0,57.0,3
7387,Uttarahalli,1345.0,2.0,57.0,3
7389,Uttarahalli,1000.0,2.0,52.0,2
7390,Uttarahalli,1037.0,2.0,36.0,2
7392,Uttarahalli,1000.0,2.0,39.5,2
7393,Uttarahalli,1125.0,1.0,45.0,2
7394,Uttarahalli,1308.0,2.0,53.0,3
7395,Uttarahalli,1160.0,2.0,40.58,2
7396,Uttarahalli,1123.0,2.0,60.0,2
7398,Uttarahalli,1000.0,2.0,35.0,2
7399,Uttarahalli,1330.0,2.0,57.0,3
7400,Uttarahalli,1125.0,2.0,47.0,2
7401,Uttarahalli,1165.0,1.0,42.09,2
7402,Uttarahalli,1260.0,2.0,55.0,2
7403,Uttarahalli,1284.0,2.0,53.36,2
7404,Uttarahalli,1150.0,2.0,45.99,2
7406,Uttarahalli,1290.0,2.0,56.12,3
7407,Uttarahalli,1328.0,2.0,56.0,3
7408,Uttarahalli,1040.0,2.0,36.4,2
7409,Uttarahalli,1290.0,2.0,56.12,3
7411,Uttarahalli,1075.0,2.0,46.76,2
7412,Uttarahalli,1345.0,2.0,57.0,3
7413,Varthur,1160.0,2.0,44.0,2
7414,Varthur,1091.0,2.0,34.9,2
7415,Varthur,1385.0,2.0,80.0,2
7416,Varthur,1000.0,1.0,70.0,1
7417,Varthur,1535.0,3.0,65.99,3
7418,Varthur,1024.0,2.0,42.0,2
7419,Varthur,1125.0,2.0,40.0,2
7420,Varthur,1012.0,2.0,66.5,2
7421,Varthur,1112.0,2.0,40.0,2
7422,Varthur,1055.0,2.0,45.35,2
7423,Varthur,1280.0,2.0,65.0,2
7424,Varthur,977.0,2.0,36.0,2
7425,Varthur,1091.0,2.0,32.0,2
7426,Varthur,1250.0,3.0,71.0,3
7427,Varthur,1200.0,2.0,98.0,3
7428,Varthur,1200.0,3.0,67.75,3
7429,Varthur,1111.0,2.0,41.88,2
7430,Varthur,1097.0,2.0,33.82,2
7431,Varthur,1140.0,2.0,55.5,2
7432,Varthur,1012.0,2.0,59.0,2
7433,Varthur,1600.0,4.0,112.0,4
7434,Varthur,1140.0,2.0,39.9,2
7435,Varthur,1090.0,2.0,48.0,2
7436,Varthur,1450.0,3.0,71.0,3
7437,Varthur,1210.0,2.0,60.0,2
7438,Varthur,1070.0,2.0,46.0,2
7439,Varthur,1360.0,2.0,85.0,3
7440,Varthur,1083.0,2.0,28.0,2
7441,Varthur,965.0,2.0,34.0,2
7442,Varthur,1120.0,2.0,44.24,2
7443,Varthur,1395.0,2.0,79.0,3
7444,Varthur,1085.0,2.0,45.0,2
7445,Varthur,1250.0,2.0,47.0,2
7446,Varthur,1200.0,3.0,68.38,3
7447,Varthur,1520.0,2.0,61.0,3
7448,Varthur,1155.0,2.0,60.0,2
7449,Varthur,1035.0,2.0,60.0,2
7450,Varthur,1100.0,2.0,72.0,2
7451,Varthur,1091.0,2.0,33.82,2
7452,Varthur,1155.0,2.0,39.0,2
7453,Varthur,1180.0,2.0,55.0,2
7455,Varthur,986.0,2.0,30.0,2
7456,Varthur,1045.0,2.0,40.65,2
7457,Varthur,1155.0,2.0,39.0,2
7458,Varthur,674.0,1.0,19.9,2
7459,Varthur,1615.0,3.0,69.43,3
7460,Varthur,1210.0,2.0,64.15,2
7461,Varthur,1402.0,2.0,95.0,2
7462,Varthur,1105.0,2.0,38.0,2
7463,Varthur,1560.0,3.0,90.0,3
7464,Varthur,1760.0,2.0,85.0,2
7465,Varthur,1210.0,2.0,54.0,2
7466,Varthur,1112.0,2.0,40.0,2
7467,Varthur,986.0,2.0,31.0,2
7469,Varthur,1000.0,1.0,65.0,2
7470,Varthur,1665.0,3.0,71.58,3
7471,Varthur Road,1083.0,2.0,61.75,2
7472,Varthur Road,900.0,2.0,27.0,2
7473,Varthur Road,1300.0,3.0,75.0,4
7474,Varthur Road,805.5,2.0,19.33,2
7475,Varthur Road,1277.0,2.0,59.0,2
7476,Varthur Road,1247.0,2.0,58.0,3
7477,Varthur Road,1050.0,2.0,42.7,2
7478,Varthur Road,1255.0,2.0,52.76,2
7479,Varthur Road,1033.0,2.0,32.0,2
7480,Varthur Road,1140.0,2.0,49.11,2
7481,Varthur Road,850.0,2.0,25.4,2
7483,Vasanthapura,1022.0,2.0,40.0,2
7484,Vasanthapura,995.0,2.0,34.82,2
7485,Vasanthapura,995.0,2.0,34.82,2
7486,Vasanthapura,1500.0,2.0,65.0,2
7487,Vasanthapura,1037.0,2.0,36.28,2
7488,Vasanthapura,978.0,2.0,34.22,2
7489,Vasanthapura,1037.0,2.0,36.28,2
7490,Vidyaranyapura,1440.0,2.0,95.0,2
7491,Vidyaranyapura,1062.0,2.0,38.0,2
7492,Vidyaranyapura,1200.0,2.0,55.0,2
7493,Vidyaranyapura,1200.0,4.0,90.0,4
7494,Vidyaranyapura,1485.0,2.0,67.0,3
7495,Vidyaranyapura,1060.0,2.0,55.0,2
7496,Vidyaranyapura,1100.0,2.0,54.0,2
7497,Vidyaranyapura,4700.0,10.0,130.0,9
7498,Vidyaranyapura,1440.0,2.0,70.0,3
7499,Vidyaranyapura,1100.0,2.0,54.0,2
7500,Vidyaranyapura,1000.0,2.0,35.0,2
7501,Vidyaranyapura,1560.0,3.0,68.0,3
7502,Vidyaranyapura,1120.0,2.0,70.0,2
7503,Vidyaranyapura,945.0,2.0,40.0,2
7504,Vidyaranyapura,1100.0,2.0,54.0,2
7505,Vidyaranyapura,1200.0,2.0,65.0,3
7506,Vidyaranyapura,1200.0,2.0,52.0,2
7507,Vidyaranyapura,1175.0,2.0,35.0,2
7508,Vidyaranyapura,1050.0,2.0,50.0,2
7509,Vidyaranyapura,1188.0,2.0,50.0,2
7510,Vidyaranyapura,1100.0,2.0,75.0,3
7511,Vidyaranyapura,1100.0,2.0,72.0,3
7512,Vidyaranyapura,2400.0,5.0,135.0,4
7513,Vidyaranyapura,1100.0,2.0,41.0,2
7514,Vidyaranyapura,1200.0,2.0,60.5,2
7515,Vidyaranyapura,1200.0,2.0,42.0,2
7516,Vijayanagar,1704.0,3.0,110.0,3
7517,Vijayanagar,1933.0,3.0,129.0,3
7519,Vijayanagar,1450.0,3.0,100.0,3
7520,Vijayanagar,1580.0,2.0,134.0,3
7521,Vijayanagar,1826.0,3.0,121.0,3
7522,Vijayanagar,1739.0,3.0,116.0,3
7523,Vijayanagar,1490.0,3.0,100.0,3
7524,Vijayanagar,1180.0,2.0,65.0,2
7525,Vijayanagar,606.0,1.0,34.78,1
7526,Vijayanagar,1000.0,3.0,140.0,3
7527,Vijayanagar,1352.0,2.0,68.0,2
7528,Vijayanagar,1527.0,3.0,115.0,3
7529,Vijayanagar,989.0,2.0,60.0,2
7530,Vijayanagar,1520.0,2.0,103.0,3
7531,Vijayanagar,1749.0,3.0,117.0,3
7532,Vijayanagar,1046.0,2.0,75.0,2
7533,Vijayanagar,606.0,1.0,40.0,1
7534,Vijayanagar,1200.0,2.0,62.0,2
7535,Vijayanagar,1300.0,2.0,75.0,3
7537,Vijayanagar,1760.0,3.0,140.0,3
7538,Vijayanagar,2047.0,3.0,136.0,3
7539,Vijayanagar,1200.0,2.0,75.0,3
7540,Vijayanagar,1178.0,2.0,82.0,2
7541,Vijayanagar,864.0,2.0,45.0,2
7542,Vijayanagar,920.0,2.0,60.0,2
7543,Vijayanagar,1019.0,2.0,58.0,2
7544,Vijayanagar,2400.0,6.0,125.0,5
7545,Vijayanagar,1180.0,2.0,86.0,2
7546,Vijayanagar,1046.0,2.0,49.06,2
7547,Vijayanagar,492.0,1.0,40.0,1
7548,Vijayanagar,1375.0,2.0,75.0,3
7549,Vishveshwarya Layout,750.0,1.0,30.0,1
7550,Vishveshwarya Layout,2100.0,6.0,92.0,6
7551,Vishveshwarya Layout,7000.0,4.0,210.0,4
7552,Vishveshwarya Layout,2000.0,3.0,90.0,4
7553,Vishwapriya Layout,820.0,2.0,30.0,2
7554,Vishwapriya Layout,1235.0,2.0,60.0,2
7555,Vishwapriya Layout,770.0,2.0,30.0,2
7556,Vishwapriya Layout,910.0,2.0,36.0,2
7557,Vishwapriya Layout,890.0,2.0,37.0,2
7558,Vittasandra,1404.0,2.0,71.0,2
7559,Vittasandra,1246.0,2.0,67.0,2
7560,Vittasandra,1404.0,2.0,69.3,2
7561,Vittasandra,1246.0,2.0,67.3,2
7562,Vittasandra,1246.0,2.0,64.5,2
7563,Vittasandra,1246.0,2.0,64.5,2
7564,Vittasandra,1246.0,2.0,68.0,2
7566,Vittasandra,1238.0,2.0,67.0,2
7567,Vittasandra,1404.0,2.0,75.0,2
7568,Vittasandra,1246.0,2.0,65.0,2
7569,Vittasandra,1238.0,2.0,67.0,2
7570,Vittasandra,1246.0,2.0,67.4,2
7571,Vittasandra,1259.0,2.0,67.4,2
7572,Vittasandra,1934.0,2.0,90.0,2
7573,Vittasandra,1404.0,2.0,68.8,2
7574,Vittasandra,1246.0,2.0,62.3,2
7575,Vittasandra,1246.0,2.0,63.0,2
7576,Vittasandra,1246.0,2.0,67.4,2
7577,Vittasandra,1246.0,2.0,65.4,2
7578,Vittasandra,1650.0,3.0,84.0,3
7579,Vittasandra,1238.0,2.0,67.32,2
7580,Vittasandra,1246.0,2.0,67.4,2
7581,Vittasandra,1650.0,3.0,85.0,3
7582,Vittasandra,1246.0,2.0,67.3,2
7583,Vittasandra,1404.0,2.0,70.0,2
7584,Vittasandra,1259.0,2.0,67.48,2
7585,Vittasandra,1404.0,2.0,75.0,2
7586,Vittasandra,1650.0,3.0,85.5,3
7587,Vittasandra,1246.0,2.0,69.0,2
7588,Vittasandra,1246.0,2.0,67.0,2
7589,Vittasandra,1650.0,3.0,85.0,3
7590,Vittasandra,1650.0,3.0,85.5,3
7591,Vittasandra,1404.0,2.0,72.0,2
7592,Vittasandra,1246.0,2.0,67.5,2
7593,Vittasandra,1246.0,2.0,67.5,2
7594,Vittasandra,1404.0,2.0,70.0,2
7595,Vittasandra,1246.0,2.0,65.0,2
7596,Vittasandra,1246.0,2.0,67.4,2
7597,Vittasandra,1648.0,3.0,85.0,3
7601,Whitefield,1459.0,2.0,94.82,2
7608,Whitefield,1910.0,3.0,161.0,3
7609,Whitefield,3252.0,4.0,230.0,4
7621,Whitefield,2280.0,4.0,126.0,3
7625,Whitefield,1897.0,3.0,130.0,3
7626,Whitefield,2225.0,2.0,125.0,3
7629,Whitefield,2268.0,3.0,163.0,4
7632,Whitefield,2400.0,4.0,200.0,4
7634,Whitefield,1360.0,2.0,95.0,2
7637,Whitefield,3000.0,5.0,250.0,4
7638,Whitefield,1700.0,3.0,115.0,3
7641,Whitefield,2842.0,3.0,162.0,3
7645,Whitefield,1500.0,3.0,130.0,3
7650,Whitefield,1272.0,2.0,95.05,2
7659,Whitefield,665.0,2.0,28.585,1
7661,Whitefield,1280.0,2.0,85.0,2
7663,Whitefield,1420.0,2.0,136.0,2
7664,Whitefield,1697.0,3.0,108.0,3
7666,Whitefield,1204.0,4.0,125.0,4
7668,Whitefield,950.0,1.0,50.0,1
7669,Whitefield,3584.0,4.0,199.0,4
7670,Whitefield,825.0,1.0,45.0,1
7674,Whitefield,1216.0,2.0,79.0,2
7679,Whitefield,2856.0,5.0,145.5,4
7680,Whitefield,920.0,2.0,63.0,2
7683,Whitefield,1118.0,2.0,75.0,2
7684,Whitefield,1800.0,3.0,110.0,3
7685,Whitefield,1562.0,3.0,103.0,3
7688,Whitefield,2321.0,4.0,128.0,3
7689,Whitefield,1320.0,2.0,95.0,2
7690,Whitefield,735.0,2.0,35.0,2
7692,Whitefield,3010.0,3.0,200.0,3
7693,Whitefield,1346.0,2.0,96.17,2
7697,Whitefield,2500.0,4.0,155.0,4
7698,Whitefield,905.0,1.0,55.0,1
7700,Whitefield,2268.0,3.0,146.0,4
7703,Whitefield,630.5,1.0,32.79,1
7704,Whitefield,3537.0,5.0,210.0,4
7706,Whitefield,1697.0,3.0,115.0,3
7709,Whitefield,1520.0,2.0,150.0,3
7715,Whitefield,3227.0,5.0,250.0,5
7719,Whitefield,3262.0,4.0,260.0,4
7721,Whitefield,1132.0,2.0,79.28,2
7724,Whitefield,2830.0,5.0,160.0,4
7727,Whitefield,3480.0,4.0,284.0,3
7729,Whitefield,1500.0,4.0,200.0,4
7730,Whitefield,3004.0,4.0,285.0,4
7732,Whitefield,709.0,1.0,34.385,1
7735,Whitefield,750.0,2.0,52.7,2
7743,Whitefield,3445.0,5.0,270.0,4
7744,Whitefield,1700.0,3.0,140.0,3
7747,Whitefield,3252.0,4.0,280.0,4
7749,Whitefield,1150.0,2.0,90.0,2
7750,Whitefield,2400.0,4.0,147.0,4
7752,Whitefield,624.0,1.0,35.0,1
7756,Whitefield,2928.0,4.0,198.0,4
7758,Whitefield,2700.0,5.0,175.0,3
7759,Whitefield,1216.0,2.0,84.0,2
7760,Whitefield,2882.0,5.0,204.0,4
7761,Whitefield,1840.0,3.0,140.0,3
7762,Whitefield,1778.0,3.0,122.0,3
7764,Whitefield,650.0,1.0,25.0,1
7765,Whitefield,2155.0,3.0,125.0,4
7766,Whitefield,905.0,1.0,52.0,1
7770,Whitefield,810.0,1.0,21.0,1
7776,Whitefield,709.0,1.0,34.735,1
7781,Whitefield,3200.0,4.0,224.0,4
7783,Whitefield,825.0,1.0,44.9,1
7787,Whitefield,1870.0,3.0,138.0,3
7790,Whitefield,1862.0,3.0,125.0,3
7791,Whitefield,1655.0,3.0,113.0,3
7792,Whitefield,530.0,1.0,29.44,1
7794,Whitefield,905.0,1.0,50.0,1
7796,Whitefield,1230.0,4.0,80.0,4
7798,Whitefield,630.5,1.0,32.15,1
7799,Whitefield,905.0,1.0,52.0,1
7803,Whitefield,1216.0,2.0,83.0,2
7808,Whitefield,4075.0,5.0,226.0,4
7813,Whitefield,2856.0,5.0,154.5,4
7817,Whitefield,2856.0,5.0,158.5,4
7819,Whitefield,2882.0,5.0,158.0,4
7820,Whitefield,750.0,1.0,51.0,1
7823,Whitefield,1173.0,2.0,77.0,2
7828,Whitefield,3425.0,5.0,250.0,4
7831,Whitefield,2856.0,5.0,157.5,4
7833,Whitefield,2173.0,3.0,128.0,3
7835,Whitefield,905.0,1.0,62.0,1
7836,Whitefield,1870.0,3.0,138.0,3
7837,Whitefield,1320.0,2.0,99.26,2
7838,Whitefield,2901.0,4.0,190.0,3
7839,Whitefield,2403.0,4.0,270.0,4
7840,Whitefield,1485.0,2.0,96.51,2
7843,Whitefield,2225.0,3.0,149.0,3
7844,Whitefield,1250.0,2.0,82.0,2
7846,Whitefield,1800.0,4.0,178.0,4
7847,Whitefield,605.0,1.0,40.0,1
7850,Whitefield,2210.0,3.0,156.0,3
7851,Whitefield,1173.0,2.0,78.2,2
7852,Whitefield,1740.0,4.0,130.0,3
7855,Whitefield,1655.0,3.0,120.0,3
7859,Whitefield,2023.0,4.0,130.0,3
7860,Whitefield,2134.0,4.0,118.0,3
7863,Whitefield,905.0,1.0,60.0,1
7870,Whitefield,2850.0,5.0,240.0,4
7873,Whitefield,2830.0,5.0,190.0,4
7875,Whitefield,840.0,1.0,57.6,1
7876,Whitefield,640.0,1.0,19.83,1
7880,Whitefield,5200.0,5.0,242.0,4
7882,Whitefield,1850.0,3.0,150.0,3
7884,Whitefield,1290.0,2.0,90.0,2
7888,Whitefield,1356.0,2.0,94.84,2
7889,Whitefield,1338.0,2.0,103.0,2
7892,Whitefield,3450.0,4.0,208.0,3
7896,Whitefield,1267.0,2.0,90.33,2
7897,Whitefield,2400.0,4.0,143.0,4
7898,Whitefield,1836.0,3.0,125.0,3
7900,Whitefield,2297.0,5.0,269.0,5
7901,Whitefield,3596.0,3.0,200.0,3
7905,Whitefield,1216.0,2.0,82.0,2
7907,Whitefield,1564.0,3.0,103.0,3
7913,Whitefield,1500.0,3.0,250.0,3
7915,Whitefield,1704.0,3.0,120.0,3
7922,Whitefield,1216.0,2.0,84.03,2
7926,Whitefield,2025.0,4.0,115.0,3
7927,Whitefield,1920.0,5.0,250.0,4
7928,Whitefield,1346.0,2.0,100.0,3
7932,Whitefield,2990.0,3.0,198.0,4
7937,Whitefield,1655.0,3.0,108.0,3
7940,Whitefield,1350.0,2.0,88.0,2
7942,Whitefield,1216.0,2.0,80.0,2
7943,Whitefield,2900.0,4.0,225.0,4
7944,Whitefield,1340.0,2.0,101.0,2
7952,Whitefield,3117.0,3.0,261.0,3
7956,Whitefield,2956.0,5.0,234.0,4
7960,Whitefield,2247.0,3.0,145.0,3
7961,Whitefield,3940.0,5.0,265.0,4
7965,Whitefield,1180.0,2.0,77.0,2
7966,Whitefield,2140.0,3.0,139.0,3
7974,Whitefield,1500.0,6.0,155.0,5
7976,Whitefield,524.0,1.0,29.0,1
7977,Whitefield,2830.0,4.0,161.0,4
7978,Whitefield,2135.0,3.0,149.0,4
7980,Whitefield,3075.0,2.0,188.0,4
7981,Whitefield,1760.0,3.0,160.0,3
7982,Whitefield,1655.0,3.0,110.0,3
7983,Whitefield,840.0,1.0,57.0,1
7984,Whitefield,1725.0,3.0,106.0,3
7986,Whitefield,2064.0,5.0,225.0,4
7988,Whitefield,516.0,1.0,39.0,1
7990,Whitefield,1639.0,3.0,107.0,3
7991,Whitefield,1820.0,3.0,113.0,3
7993,Whitefield,3565.0,4.0,218.0,4
7994,Whitefield,3410.0,5.0,253.0,4
7997,Whitefield,1250.0,2.0,85.0,2
8000,Whitefield,1820.0,3.0,140.0,3
8001,Whitefield,3453.0,4.0,247.0,4
8007,Whitefield,2280.0,4.0,125.0,3
8008,Whitefield,2882.0,5.0,200.0,4
8015,Whitefield,1270.0,2.0,94.0,2
8016,Whitefield,1220.0,2.0,89.0,2
8019,Whitefield,1575.0,4.0,250.0,4
8034,Whitefield,2858.0,4.0,137.0,4
8046,Whitefield,2321.0,4.0,157.0,3
8048,Whitefield,1655.0,3.0,113.0,3
8054,Whitefield,2444.0,4.0,145.0,4
8055,Whitefield,1270.0,2.0,110.0,2
8056,Whitefield,1660.0,3.0,110.0,3
8057,Whitefield,1270.0,2.0,105.0,2
8059,Whitefield,1344.0,3.0,130.0,4
8060,Whitefield,1173.0,2.0,78.2,2
8063,Whitefield,1457.0,2.0,105.0,3
8064,Whitefield,1720.0,3.0,128.0,3
8068,Whitefield,1564.0,3.0,103.0,3
8072,Whitefield,1639.0,3.0,107.0,3
8073,Whitefield,1760.0,3.0,139.0,3
8074,Whitefield,613.0,1.0,48.0,1
8075,Whitefield,1730.0,3.0,125.0,3
8077,Whitefield,877.0,1.0,59.0,1
8078,Whitefield,2856.0,5.0,154.5,4
8079,Whitefield,3453.0,4.0,231.0,5
8080,Yelachenahalli,1464.0,2.0,105.0,3
8081,Yelachenahalli,2400.0,1.0,150.0,2
8082,Yelachenahalli,1700.0,3.0,130.0,3
8083,Yelachenahalli,1130.0,2.0,40.0,2
8084,Yelachenahalli,1080.0,2.0,55.0,2
8085,Yelachenahalli,1400.0,2.0,78.0,2
8086,Yelachenahalli,1080.0,2.0,38.0,2
8087,Yelachenahalli,1330.0,3.0,73.5,3
8088,Yelachenahalli,800.0,1.0,30.0,2
8089,Yelachenahalli,1100.0,2.0,60.0,2
8090,Yelachenahalli,1365.0,2.0,72.0,3
8091,Yelachenahalli,1110.0,2.0,110.0,2
8092,Yelachenahalli,1103.0,2.0,55.0,2
8093,Yelachenahalli,1000.0,2.0,50.0,2
8094,Yelahanka,660.0,1.0,48.0,1
8097,Yelahanka,1327.0,2.0,98.0,2
8107,Yelahanka,1234.0,2.0,80.0,2
8108,Yelahanka,1315.0,2.0,85.0,2
8111,Yelahanka,697.0,1.0,45.0,1
8114,Yelahanka,2195.0,4.0,127.0,3
8116,Yelahanka,1614.0,3.0,95.0,3
8118,Yelahanka,628.0,1.0,24.0,1
8119,Yelahanka,3770.0,6.0,110.0,6
8120,Yelahanka,1537.0,3.0,120.0,3
8123,Yelahanka,654.0,1.0,38.4,1
8126,Yelahanka,3461.0,2.0,173.0,4
8127,Yelahanka,3042.0,4.0,131.0,4
8131,Yelahanka,1825.0,3.0,105.0,3
8132,Yelahanka,1603.0,3.0,96.0,3
8133,Yelahanka,1304.0,2.0,79.0,2
8134,Yelahanka,1550.0,3.0,120.0,3
8135,Yelahanka,1610.0,3.0,115.0,3
8139,Yelahanka,915.0,2.0,48.0,2
8142,Yelahanka,2912.5,6.0,125.5,4
8143,Yelahanka,600.0,2.0,27.0,2
8145,Yelahanka,1327.0,2.0,85.0,2
8148,Yelahanka,1566.0,3.0,97.0,3
8150,Yelahanka,1653.0,3.0,120.0,3
8151,Yelahanka,1275.0,2.0,95.0,3
8152,Yelahanka,1270.0,2.0,78.0,2
8155,Yelahanka,1322.0,2.0,86.0,2
8156,Yelahanka,1100.0,2.0,70.0,2
8159,Yelahanka,2675.0,4.0,140.0,4
8161,Yelahanka,654.0,1.0,37.0,1
8172,Yelahanka,2145.0,3.0,125.0,3
8177,Yelahanka,602.0,1.0,26.0,1
8179,Yelahanka,1614.0,2.0,100.0,3
8180,Yelahanka,1890.0,3.0,108.0,3
8184,Yelahanka,651.0,1.0,17.5,1
8189,Yelahanka,1859.0,3.0,108.0,3
8191,Yelahanka,1322.0,2.0,80.0,2
8194,Yelahanka,845.0,2.0,43.0,2
8195,Yelahanka,2600.0,4.0,175.0,4
8196,Yelahanka,1305.0,2.0,78.0,2
8201,Yelahanka,26136.0,1.0,150.0,1
8203,Yelahanka,1614.0,3.0,95.0,3
8204,Yelahanka,1075.0,1.0,19.5,1
8205,Yelahanka,1650.0,3.0,105.0,3
8211,Yelahanka,654.0,1.0,36.25,1
8212,Yelahanka,1614.0,3.0,93.0,3
8213,Yelahanka,694.0,1.0,30.84,1
8215,Yelahanka,2317.0,4.0,140.0,3
8217,Yelahanka,654.0,1.0,38.0,1
8221,Yelahanka,602.0,1.0,38.0,1
8222,Yelahanka,697.0,1.0,35.0,1
8224,Yelahanka,682.0,1.0,36.23,1
8226,Yelahanka,1560.0,2.0,98.0,3
8227,Yelahanka,1780.0,3.0,107.0,3
8228,Yelahanka,1076.0,2.0,78.0,2
8229,Yelahanka,1000.0,1.0,14.0,1
8231,Yelahanka,1823.0,3.0,103.0,3
8232,Yelahanka,1792.0,3.0,104.0,3
8240,Yelahanka,1835.0,3.0,108.0,3
8243,Yelahanka,1890.0,3.0,109.0,3
8244,Yelahanka,700.0,1.0,38.0,1
8246,Yelahanka,2088.0,5.0,110.0,4
8247,Yelahanka,1330.0,2.0,93.65,2
8252,Yelahanka,1600.0,3.0,100.0,3
8257,Yelahanka,1350.0,2.0,85.0,3
8259,Yelahanka,1633.0,3.0,110.0,3
8260,Yelahanka,827.5,1.0,42.535,1
8263,Yelahanka,3175.0,4.0,156.0,4
8264,Yelahanka,1756.0,3.0,125.0,3
8271,Yelahanka,602.0,1.0,33.0,1
8276,Yelahanka,567.0,1.0,25.0,1
8278,Yelahanka,602.0,2.0,30.0,1
8280,Yelahanka,1234.0,2.0,80.0,2
8284,Yelahanka,1267.0,3.0,78.0,2
8287,Yelahanka New Town,650.0,1.0,33.0,1
8288,Yelahanka New Town,500.0,1.0,20.0,1
8289,Yelahanka New Town,440.0,1.0,16.5,1
8290,Yelahanka New Town,960.0,2.0,18.0,1
8291,Yelahanka New Town,1610.0,3.0,92.0,3
8292,Yelahanka New Town,1700.0,3.0,90.0,3
8293,Yelahanka New Town,650.0,1.0,20.0,1
8294,Yelahanka New Town,1200.0,2.0,130.0,2
8295,Yelahanka New Town,350.0,1.0,13.5,1
8296,Yelahanka New Town,1541.0,3.0,80.0,3
8298,Yelahanka New Town,680.0,1.0,80.0,2
8299,Yelahanka New Town,500.0,2.0,24.0,1
8300,Yelahanka New Town,650.0,1.0,17.0,1
8301,Yelahanka New Town,450.0,1.0,16.0,1
8302,Yelahanka New Town,1599.0,3.0,80.0,3
8304,Yelahanka New Town,2095.0,3.0,109.0,4
8305,Yelahanka New Town,1209.0,2.0,65.0,3
8306,Yelahanka New Town,1400.0,2.0,80.0,3
8307,Yelahanka New Town,450.0,1.0,15.0,1
8308,Yelahanka New Town,500.0,1.0,18.0,1
8309,Yelahanka New Town,1420.0,2.0,75.0,3
8310,Yelahanka New Town,2437.0,3.0,125.0,3
8311,Yelahanka New Town,2200.0,2.0,180.0,2
8312,Yelahanka New Town,488.0,1.0,20.0,1
8317,Yelahanka New Town,650.0,1.0,18.0,1
8318,Yelahanka New Town,600.0,2.0,80.0,2
8320,Yelahanka New Town,1740.0,3.0,150.0,3
8322,Yelahanka New Town,1000.0,2.0,48.0,3
8323,Yelenahalli,1240.0,2.0,47.12,2
8324,Yelenahalli,1200.0,2.0,46.17,2
8325,Yelenahalli,1056.0,2.0,33.0,2
8326,Yelenahalli,1260.0,2.0,47.88,2
8327,Yelenahalli,1175.0,2.0,50.0,2
8328,Yelenahalli,1650.0,3.0,68.0,3
8329,Yelenahalli,1200.0,2.0,45.6,2
8330,Yelenahalli,1200.0,2.0,46.17,2
8331,Yelenahalli,1160.0,2.0,44.08,2
8332,Yeshwanthpur,2502.0,3.0,138.0,3
8333,Yeshwanthpur,1693.0,3.0,108.0,3
8334,Yeshwanthpur,667.0,1.0,36.85,1
8335,Yeshwanthpur,1950.0,4.0,130.0,4
8336,Yeshwanthpur,665.0,1.0,36.85,1
8338,Yeshwanthpur,2557.0,3.0,141.0,3
8339,Yeshwanthpur,1850.0,3.0,100.0,3
8340,Yeshwanthpur,671.0,1.0,36.85,1
8341,Yeshwanthpur,1852.0,3.0,160.0,3
8343,Yeshwanthpur,668.0,1.0,36.85,1
8345,Yeshwanthpur,1195.0,2.0,100.0,2
8346,Yeshwanthpur,1313.0,3.0,96.0,3
8348,Yeshwanthpur,2559.0,3.0,141.0,3
8349,Yeshwanthpur,673.0,1.0,36.85,1
8350,Yeshwanthpur,717.0,2.0,49.475,2
8352,Yeshwanthpur,605.0,1.0,41.745,1
8353,Yeshwanthpur,1382.0,2.0,76.18,3
8354,Yeshwanthpur,669.0,1.0,36.85,1
8355,Yeshwanthpur,1385.0,2.0,76.18,3
8357,Yeshwanthpur,1200.0,4.0,110.0,4
8358,Yeshwanthpur,1679.0,3.0,92.13,3
8359,Yeshwanthpur,670.0,1.0,36.85,1
8360,Yeshwanthpur,1381.0,2.0,76.18,3
8361,Yeshwanthpur,1678.0,3.0,92.13,3
8363,Yeshwanthpur,1713.0,3.0,110.0,3
8365,Yeshwanthpur,1541.0,2.0,130.0,2
8366,Yeshwanthpur,2501.0,3.0,138.0,3
8368,Yeshwanthpur,666.0,1.0,36.8,1
8369,Yeshwanthpur,770.0,1.0,70.0,2
8370,Yeshwanthpur,1855.0,3.0,140.0,3
8371,Yeshwanthpur,2504.0,3.0,138.0,3
8375,Yeshwanthpur,1825.0,3.0,145.0,3
8376,Yeshwanthpur,1384.0,2.0,76.18,3
8377,Yeshwanthpur,994.0,2.0,54.67,1
8378,Yeshwanthpur,650.0,1.0,40.0,1
8379,Yeshwanthpur,1855.0,3.0,140.0,3
8380,Yeshwanthpur,1500.0,3.0,100.0,3
8383,Yeshwanthpur,1520.0,3.0,85.0,3
8384,Yeshwanthpur,1677.0,3.0,92.13,3
8385,Yeshwanthpur,674.0,1.0,36.85,1
8386,Yeshwanthpur,1383.0,2.0,76.18,3
8387,Yeshwanthpur,672.0,1.0,36.85,1
8390,Yeshwanthpur,1195.0,2.0,100.0,2
8391,Yeshwanthpur,1692.0,3.0,108.0,3
8393,Yeshwanthpur,2500.0,3.0,138.0,3
8395,Yeshwanthpur,1676.0,3.0,92.13,3
8396,Yeshwanthpur,2503.0,3.0,138.0,3
8397,Yeshwanthpur,1855.0,3.0,135.0,3
8398,Yeshwanthpur,1876.0,3.0,160.0,3
8399,Yeshwanthpur,1675.0,3.0,92.13,3
8400,other,2770.0,4.0,290.0,3
8403,other,600.0,1.0,38.0,1
8406,other,1500.0,2.0,185.0,2
8407,other,840.0,2.0,45.0,2
8408,other,4395.0,3.0,240.0,3
8409,other,845.0,2.0,55.0,2
8410,other,2511.0,3.0,205.0,3
8411,other,1660.0,2.0,105.0,3
8414,other,1200.0,3.0,90.0,3
8417,other,966.0,2.0,49.9,2
8418,other,782.0,2.0,55.68,2
8419,other,1800.0,3.0,120.0,3
8420,other,1413.0,2.0,75.0,3
8421,other,945.0,2.0,54.0,2
8422,other,1870.0,3.0,110.0,3
8423,other,1200.0,4.0,210.0,4
8424,other,1260.0,2.0,85.05,3
8426,other,2795.0,4.0,235.0,3
8428,other,1904.0,3.0,150.0,3
8429,other,2000.0,3.0,175.0,3
8430,other,1425.0,2.0,75.0,3
8432,other,1500.0,3.0,100.0,3
8433,other,1846.0,3.0,300.0,3
8435,other,1783.0,3.0,115.0,3
8436,other,912.0,2.0,70.0,3
8438,other,1798.0,3.0,89.0,3
8439,other,1580.0,3.0,100.0,3
8440,other,1415.0,3.0,78.0,3
8442,other,2405.0,4.0,260.0,3
8443,other,1500.0,2.0,115.0,2
8448,other,1060.0,2.0,60.0,2
8449,other,2600.0,8.0,180.0,8
8450,other,1644.0,3.0,84.0,3
8452,other,4050.0,3.0,280.0,3
8456,other,3045.0,3.0,170.0,3
8458,other,700.0,1.0,26.0,2
8459,other,900.0,2.0,110.0,2
8460,other,4111.0,4.0,250.0,4
8462,other,950.0,2.0,47.0,2
8463,other,2000.0,4.0,120.0,4
8464,other,1560.0,3.0,115.0,3
8467,other,1200.0,4.0,165.0,4
8469,other,1645.0,3.0,95.0,3
8470,other,1200.0,2.0,79.0,2
8472,other,1350.0,2.0,140.0,3
8473,other,1800.0,3.0,150.0,3
8475,other,2000.0,3.0,365.0,3
8476,other,1762.0,3.0,125.0,3
8477,other,950.0,2.0,50.0,2
8478,other,1200.0,3.0,90.0,3
8479,other,1500.0,4.0,230.0,4
8480,other,2023.71,3.0,275.0,3
8483,other,1200.0,4.0,175.0,4
8484,other,1000.0,2.0,165.0,2
8486,other,1760.0,3.0,88.0,3
8488,other,2150.0,4.0,240.0,3
8491,other,1200.0,4.0,200.0,4
8492,other,3309.0,4.0,325.0,4
8493,other,5000.0,9.0,360.0,11
8495,other,1150.0,2.0,126.0,2
8496,other,1200.0,4.0,230.0,4
8498,other,4800.0,4.0,235.0,4
8499,other,1200.0,2.0,74.0,2
8501,other,2000.0,4.0,99.0,4
8502,other,1753.0,3.0,120.0,3
8503,other,1000.0,2.0,53.0,2
8504,other,720.0,2.0,45.0,2
8507,other,1200.0,3.0,165.0,4
8508,other,700.0,1.0,41.0,1
8509,other,1600.0,4.0,80.0,4
8510,other,1595.0,3.0,115.0,3
8511,other,1353.0,2.0,110.0,2
8512,other,1200.0,2.0,85.0,1
8515,other,1325.0,2.0,90.0,3
8518,other,1056.0,2.0,80.0,2
8520,other,1600.0,3.0,86.0,3
8522,other,1544.0,3.0,120.0,3
8524,other,540.0,1.0,36.0,1
8525,other,1578.0,3.0,180.0,3
8527,other,1600.0,2.0,115.0,2
8528,other,416.0,1.0,18.5,1
8530,other,1630.0,3.0,85.0,3
8531,other,600.0,1.0,90.0,1
8532,other,834.0,1.0,60.0,1
8533,other,1125.0,4.0,70.0,3
8534,other,3000.0,5.0,260.0,4
8535,other,2160.0,5.0,250.0,6
8537,other,469.0,1.0,25.0,1
8542,other,1630.0,2.0,200.0,2
8543,other,2072.0,3.0,108.0,3
8544,other,1200.0,2.0,70.0,3
8545,other,1350.0,3.0,77.0,3
8546,other,1180.0,2.0,78.34,3
8547,other,1355.0,2.0,115.0,2
8548,other,600.0,1.0,50.0,1
8549,other,1875.0,3.0,165.0,3
8550,other,600.0,2.0,55.0,2
8551,other,2300.0,3.0,120.0,3
8553,other,1750.0,3.0,120.0,3
8556,other,1092.0,2.0,98.5,3
8559,other,1855.0,3.0,225.0,3
8563,other,425.0,1.0,20.03,1
8565,other,600.0,1.0,60.0,1
8566,other,1468.0,2.0,140.0,2
8568,other,775.0,2.0,55.0,2
8571,other,1352.0,3.0,135.0,3
8574,other,1200.0,3.0,95.0,4
8575,other,1976.0,3.0,184.0,3
8576,other,1200.0,3.0,95.0,3
8579,other,1180.0,2.0,69.0,2
8580,other,686.0,1.0,17.0,1
8581,other,1410.0,1.0,233.0,2
8582,other,1250.0,2.0,200.0,2
8583,other,1300.0,1.0,200.0,1
8585,other,1500.0,4.0,180.0,4
8587,other,1282.0,2.0,87.0,2
8589,other,1500.0,2.0,95.0,3
8590,other,1300.0,1.0,115.0,2
8591,other,530.0,1.0,20.0,1
8592,other,1350.0,2.0,80.0,2
8594,other,2400.0,6.0,125.0,8
8599,other,950.0,1.0,40.0,1
8601,other,4200.0,5.0,225.0,5
8602,other,1215.0,4.0,205.0,4
8603,other,1800.0,3.0,90.0,3
8604,other,1600.0,4.0,125.0,5
8607,other,1480.0,3.0,90.0,3
8608,other,1600.0,3.0,90.0,3
8609,other,720.0,2.0,120.0,2
8610,other,1200.0,4.0,135.0,4
8612,other,1500.0,3.0,115.0,3
8613,other,1824.0,3.0,125.0,3
8614,other,750.0,1.0,56.25,1
8621,other,6000.0,5.0,400.0,4
8622,other,2400.0,3.0,170.0,3
8624,other,1500.0,2.0,98.0,3
8625,other,3095.0,3.0,350.0,3
8627,other,1200.0,1.0,28.0,1
8628,other,1500.0,3.0,100.0,3
8630,other,1560.0,5.0,145.0,5
8632,other,1560.0,3.0,188.0,3
8633,other,856.0,2.0,40.0,2
8634,other,485.0,1.0,15.0,1
8640,other,1200.0,3.0,130.0,3
8641,other,1050.0,2.0,67.0,2
8642,other,1596.0,3.0,105.0,3
8644,other,925.0,2.0,48.0,2
8646,other,1200.0,3.0,85.0,3
8647,other,1132.0,2.0,67.0,2
8649,other,1515.0,3.0,88.0,3
8650,other,1655.0,3.0,86.06,3
8651,other,5000.0,7.0,299.0,7
8652,other,1380.0,2.0,80.0,2
8656,other,2200.0,3.0,187.0,3
8657,other,3329.0,3.0,330.0,3
8658,other,3600.0,4.0,300.0,4
8660,other,1093.0,2.0,65.0,2
8662,other,1535.0,3.0,95.0,3
8664,other,1100.0,2.0,62.7,2
8665,other,930.0,2.0,45.0,2
8667,other,700.0,1.0,150.0,1
8668,other,2197.0,4.0,280.0,3
8671,other,1600.0,3.0,172.0,4
8672,other,1450.0,2.0,85.0,3
8673,other,2000.0,3.0,166.0,4
8674,other,1420.0,1.0,220.0,2
8675,other,700.0,2.0,27.0,2
8678,other,1756.0,3.0,100.0,3
8679,other,1532.0,3.0,92.0,3
8680,other,1650.0,3.0,110.0,3
8682,other,1010.0,2.0,148.0,2
8684,other,1525.0,2.0,122.0,3
8688,other,2400.0,3.0,200.0,4
8689,other,1000.0,2.0,130.0,2
8691,other,3040.0,1.0,180.0,2
8693,other,1390.0,3.0,120.0,3
8694,other,1200.0,4.0,72.0,4
8695,other,1135.0,2.0,68.0,2
8696,other,900.0,2.0,55.0,2
8700,other,2500.0,3.0,250.0,3
8701,other,2200.0,4.0,350.0,3
8706,other,1168.0,3.0,70.0,3
8708,other,2100.0,4.0,155.0,4
8710,other,1515.0,3.0,93.93,3
8715,other,2700.0,4.0,214.0,6
8716,other,2000.0,3.0,210.0,3
8717,other,2400.0,4.0,300.0,5
8718,other,1760.0,3.0,176.0,3
8719,other,595.0,1.0,42.0,1
8724,other,1170.0,2.0,86.0,2
8725,other,2200.0,4.0,235.0,4
8728,other,1450.0,1.0,230.0,2
8729,other,2400.0,3.0,142.0,4
8734,other,1650.0,3.0,175.0,3
8736,other,1670.0,3.0,91.86,3
8740,other,1250.0,2.0,80.0,3
8741,other,1650.0,4.0,160.0,3
8742,other,800.0,2.0,50.0,2
8743,other,1225.0,2.0,150.0,2
8745,other,3675.0,4.0,367.0,4
8746,other,1200.0,2.0,150.0,2
8749,other,1350.0,2.0,80.0,2
8750,other,2000.0,3.0,100.0,3
8751,other,1614.0,3.0,110.0,3
8752,other,1188.0,2.0,73.0,2
8754,other,1480.0,3.0,90.0,3
8755,other,680.0,2.0,42.0,2
8758,other,955.0,2.0,53.55,2
8760,other,2479.13,3.0,215.0,3
8761,other,1100.0,2.0,106.0,2
8764,other,1925.0,3.0,120.0,3
8765,other,650.0,1.0,26.0,1
8767,other,2000.0,3.0,207.0,3
8768,other,1050.0,2.0,110.0,2
8770,other,2204.0,2.0,305.0,3
8771,other,900.0,2.0,45.0,2
8776,other,1685.0,2.0,110.0,3
8778,other,1550.0,3.0,110.0,3
8779,other,500.0,1.0,20.0,1
8781,other,3155.0,4.0,370.0,3
8782,other,1765.0,3.0,105.0,3
8784,other,1012.0,2.0,59.0,2
8785,other,2045.0,4.0,154.0,3
8787,other,2400.0,4.0,280.0,6
8788,other,581.91,2.0,25.0,1
8789,other,1158.0,2.0,85.0,3
8790,other,925.0,2.0,51.0,2
8791,other,1415.0,2.0,110.0,2
8794,other,1350.0,3.0,195.0,3
8795,other,2400.0,5.0,350.0,4
8796,other,1840.0,3.0,155.0,3
8797,other,1350.0,2.0,185.0,2
8798,other,824.0,2.0,60.0,2
8799,other,1340.0,2.0,100.0,3
8800,other,1620.0,2.0,110.0,3
8801,other,1533.0,3.0,115.0,3
8802,other,1560.0,3.0,85.0,3
8804,other,750.0,1.0,25.0,1
8805,other,1375.0,2.0,85.0,3
8810,other,2800.0,4.0,200.0,5
8811,other,900.0,2.0,42.0,2
8812,other,1500.0,3.0,88.0,3
8814,other,1140.0,2.0,76.0,2
8815,other,1198.0,2.0,84.0,2
8821,other,1000.0,1.0,55.0,2
8822,other,1200.0,2.0,125.0,2
8826,other,1050.0,1.0,70.0,1
8827,other,1200.0,2.0,80.0,3
8829,other,1200.0,4.0,169.0,4
8832,other,830.0,2.0,34.0,2
8834,other,1865.0,3.0,350.0,3
8837,other,400.0,1.0,14.0,1
8839,other,1575.0,4.0,150.0,5
8840,other,860.0,1.0,43.0,2
8841,other,1200.0,2.0,70.0,2
8844,other,6040.0,4.0,170.0,5
8845,other,1300.0,2.0,79.0,2
8847,other,3500.0,4.0,350.0,4
8849,other,1000.0,2.0,110.0,3
8850,other,1942.0,3.0,102.0,3
8851,other,1000.0,2.0,53.0,2
8856,other,2400.0,3.0,260.0,3
8857,other,1533.0,3.0,85.0,3
8860,other,1200.0,3.0,225.0,3
8861,other,1452.55,2.0,110.0,2
8862,other,2357.0,3.0,151.0,3
8863,other,1170.0,2.0,105.0,2
8864,other,1411.0,3.0,91.72,3
8866,other,3095.0,3.0,375.0,3
8868,other,1100.0,3.0,78.0,3
8870,other,3600.0,4.0,365.0,4
8872,other,4000.0,4.0,170.0,4
8873,other,1945.0,3.0,120.0,3
8875,other,1650.0,3.0,165.0,3
8876,other,1500.0,5.0,230.0,4
8877,other,1550.0,2.0,150.0,3
8879,other,1150.0,2.0,75.0,3
8880,other,1200.0,3.0,74.0,3
8881,other,1229.0,3.0,86.03,3
8882,other,1030.0,2.0,61.0,2
8883,other,600.0,1.0,32.0,1
8884,other,1165.0,2.0,135.0,2
8886,other,1520.0,3.0,80.0,3
8887,other,3000.0,4.0,240.0,4
8889,other,1315.0,2.0,90.0,2
8890,other,1210.0,2.0,72.0,2
8893,other,1170.0,2.0,68.0,2
8894,other,1600.0,2.0,110.0,2
8896,other,1370.0,2.0,75.0,3
8898,other,1980.0,3.0,224.0,3
8900,other,1700.0,3.0,97.0,3
8901,other,1900.0,3.0,160.0,3
8903,other,1100.0,2.0,75.0,2
8904,other,1929.0,3.0,115.0,3
8905,other,3161.0,4.0,214.0,4
8907,other,3515.0,3.0,420.0,3
8909,other,1100.0,2.0,70.0,2
8910,other,2400.0,7.0,355.0,7
8912,other,4200.0,4.0,255.0,4
8914,other,700.0,1.0,41.0,1
8919,other,3000.0,3.0,250.0,3
8921,other,1260.0,1.0,41.0,1
8922,other,1500.0,1.0,37.5,1
8923,other,600.0,1.0,17.0,1
8925,other,1165.0,2.0,75.0,2
8926,other,1272.0,4.0,75.0,3
8928,other,1600.0,5.0,140.0,5
8929,other,780.0,2.0,25.0,2
8930,other,1000.0,2.0,65.0,3
8932,other,2400.0,4.0,325.0,3
8933,other,674.0,1.0,19.9,2
8934,other,1463.0,1.0,142.0,2
8936,other,2401.0,3.0,185.0,3
8937,other,1875.0,2.0,235.0,3
8939,other,890.0,1.0,75.0,1
8942,other,2400.0,3.0,290.0,3
8944,other,1690.0,3.0,100.0,3
8945,other,799.0,2.0,38.0,2
8947,other,1350.0,2.0,90.0,2
8948,other,1460.0,3.0,88.0,3
8949,other,1685.0,3.0,95.0,3
8950,other,800.0,1.0,52.0,1
8951,other,4000.0,5.0,280.0,4
8953,other,792.0,2.0,70.0,2
8956,other,2400.0,5.0,235.0,5
8959,other,461.82,1.0,31.7,1
8960,other,1500.0,2.0,85.0,3
8963,other,1260.0,2.0,75.0,2
8966,other,2820.0,3.0,285.0,3
8967,other,1950.0,3.0,130.0,3
8969,other,1350.0,2.0,140.0,3
8970,other,4051.0,4.0,345.0,4
8971,other,1200.0,4.0,350.0,4
8972,other,2100.0,3.0,170.0,3
8973,other,1991.0,3.0,160.0,3
8975,other,1200.0,3.0,66.0,3
8977,other,3000.0,4.0,342.0,4
8978,other,2400.0,6.0,245.0,6
8980,other,1375.0,2.0,105.0,2
8981,other,1693.0,3.0,108.0,3
8983,other,1200.0,3.0,200.0,3
8984,other,900.0,2.0,45.0,2
8987,other,600.0,2.0,23.0,2
8989,other,1150.0,2.0,77.5,3
8993,other,1058.0,2.0,60.0,2
8994,other,900.0,1.0,30.0,1
8995,other,1672.0,3.0,150.0,3
8998,other,1250.0,3.0,139.0,3
8999,other,1468.0,3.0,130.0,2
9001,other,900.0,2.0,46.0,2
9003,other,1480.0,2.0,145.0,3
9006,other,2280.0,3.0,285.0,3
9007,other,2000.0,3.0,200.0,3
9010,other,1080.0,2.0,75.0,3
9011,other,2400.0,2.0,150.0,3
9013,other,1125.0,2.0,75.0,2
9014,other,1596.0,3.0,95.0,3
9015,other,1639.0,3.0,123.0,3
9017,other,1740.0,3.0,199.0,3
9018,other,1372.0,2.0,90.0,3
9019,other,885.0,2.0,40.0,2
9021,other,1650.0,4.0,99.0,4
9022,other,925.0,2.0,63.0,2
9023,other,1200.0,3.0,95.0,4
9024,other,1200.0,2.0,79.0,2
9025,other,2500.0,3.0,270.0,3
9026,other,1584.0,3.0,145.0,4
9027,other,1570.0,3.0,115.0,3
9028,other,3000.0,3.0,400.0,3
9030,other,1680.0,3.0,85.0,3
9032,other,1750.0,3.0,180.0,3
9033,other,1500.0,1.0,160.0,2
9034,other,2100.0,6.0,275.0,6
9036,other,705.0,1.0,36.5,1
9037,other,1340.0,3.0,77.0,3
9041,other,1260.0,1.0,41.0,1
9042,other,1200.0,2.0,216.0,2
9043,other,1200.0,2.0,125.0,2
9044,other,1270.0,2.0,175.0,4
9045,other,700.0,1.0,162.0,1
9046,other,1200.0,3.0,130.0,3
9047,other,3595.0,6.0,360.0,4
9049,other,3100.0,5.0,385.0,4
9051,other,1200.0,4.0,150.0,4
9052,other,3259.0,3.0,270.0,3
9053,other,3200.0,3.0,190.0,4
9055,other,596.0,1.0,42.0,1
9056,other,1200.0,4.0,110.0,4
9057,other,1910.0,3.0,190.0,3
9060,other,1750.0,3.0,149.0,3
9062,other,985.0,2.0,63.0,2
9063,other,1300.0,2.0,129.0,2
9064,other,1490.0,2.0,88.0,3
9065,other,620.0,1.0,25.0,2
9066,other,4428.0,4.0,255.0,4
9068,other,650.0,1.0,30.0,1
9069,other,1500.0,2.0,89.99,3
9070,other,1350.0,4.0,145.0,4
9071,other,910.0,1.0,42.0,1
9074,other,532.0,1.0,22.49,1
9075,other,1060.0,3.0,62.0,3
9076,other,902.0,2.0,42.0,2
9077,other,1550.0,2.0,160.0,2
9079,other,2145.0,4.0,125.0,4
9081,other,1000.0,2.0,80.0,2
9083,other,1500.0,2.0,97.0,3
9084,other,1865.0,4.0,140.0,3
9086,other,3500.0,4.0,245.0,4
9089,other,815.0,3.0,160.0,2
9091,other,1320.0,2.0,73.0,3
9092,other,2150.0,6.0,205.0,6
9095,other,1200.0,4.0,300.0,4
9096,other,675.0,3.0,52.0,2
9097,other,1801.0,3.0,139.0,3
9099,other,2990.0,4.0,324.0,4
9100,other,2400.0,2.0,160.0,2
9102,other,1150.0,2.0,75.0,2
9103,other,1200.0,3.0,165.0,3
9106,other,4500.0,9.0,166.0,9
9110,other,1390.0,2.0,80.0,3
9111,other,1550.0,2.0,90.0,3
9113,other,2350.0,3.0,400.0,3
9115,other,1500.0,4.0,110.0,4
9117,other,1839.0,3.0,165.0,3
9119,other,900.0,2.0,70.0,2
9120,other,1200.0,6.0,70.0,4
9121,other,1500.0,3.0,149.0,3
9124,other,750.0,2.0,50.0,1
9125,other,600.0,3.0,75.0,2
9126,other,1605.0,2.0,85.0,3
9129,other,1500.0,1.0,19.5,1
9131,other,1200.0,2.0,70.0,2
9132,other,1200.0,2.0,160.0,2
9133,other,1904.0,3.0,155.0,3
9134,other,2770.0,4.0,315.0,3
9135,other,813.0,1.0,39.0,1
9136,other,3884.0,4.0,240.0,4
9137,other,4750.0,2.0,120.0,4
9138,other,1630.0,2.0,97.78,3
9140,other,2425.0,4.0,173.0,4
9144,other,1280.0,2.0,75.0,2
9145,other,735.0,1.0,75.0,1
9146,other,500.0,1.0,24.0,1
9148,other,1200.0,4.0,145.0,3
9149,other,1200.0,2.0,100.0,2
9150,other,1200.0,3.0,160.0,3
9151,other,1265.0,2.0,82.0,3
9152,other,3200.0,5.0,150.0,4
9154,other,1850.0,3.0,98.0,3
9155,other,2360.0,4.0,150.0,4
9156,other,1030.0,2.0,77.25,2
9158,other,2000.0,3.0,160.0,3
9159,other,1575.0,3.0,93.0,3
9160,other,1300.0,2.0,70.0,3
9161,other,975.0,2.0,50.0,2
9167,other,3100.0,3.0,250.0,3
9168,other,1190.0,2.0,100.0,2
9169,other,1827.0,3.0,100.0,3
9170,other,1500.0,3.0,95.0,3
9173,other,1155.0,2.0,60.0,3
9176,other,1645.0,3.0,95.0,3
9177,other,1200.0,4.0,170.0,4
9178,other,1200.0,4.0,140.0,4
9181,other,1097.0,2.0,65.0,2
9182,other,1600.0,3.0,165.0,4
9183,other,620.0,2.0,22.0,2
9184,other,900.0,2.0,110.0,2
9185,other,1200.0,2.0,125.0,2
9189,other,4200.0,1.0,160.0,2
9190,other,1650.0,3.0,300.0,4
9191,other,4104.0,4.0,360.0,4
9194,other,2080.0,2.0,150.0,2
9195,other,1505.0,2.0,90.0,2
9196,other,1200.0,3.0,95.75,3
9197,other,1810.0,4.0,148.0,3
9199,other,1530.0,2.0,97.0,3
9204,other,1500.0,2.0,130.0,3
9209,other,1533.0,3.0,150.0,3
9211,other,2400.0,9.0,350.0,8
9212,other,745.0,2.0,50.0,2
9214,other,1355.0,2.0,95.0,2
9215,other,833.0,1.0,49.0,1
9217,other,3000.0,5.0,270.0,4
9219,other,1095.0,3.0,215.0,3
9220,other,1545.0,3.0,85.0,3
9221,other,780.0,2.0,35.0,2
9222,other,1350.0,2.0,110.0,2
9224,other,1200.0,2.0,68.0,3
9226,other,2000.0,4.0,180.0,5
9230,other,1280.0,4.0,115.0,4
9231,other,1200.0,3.0,85.0,3
9233,other,1655.0,3.0,155.0,3
9234,other,1150.0,2.0,74.0,2
9236,other,1200.0,2.0,108.0,3
9237,other,1200.0,2.0,75.0,2
9242,other,1500.0,2.0,203.0,2
9244,other,1350.0,4.0,85.0,4
9246,other,600.0,3.0,85.0,2
9248,other,1550.0,3.0,160.0,3
9251,other,1705.0,2.0,290.0,3
9252,other,1758.0,3.0,95.0,3
9253,other,3179.0,5.0,351.0,4
9254,other,909.0,2.0,40.0,3
9255,other,1200.0,3.0,85.0,2
9257,other,2400.0,6.0,408.0,6
9258,other,1290.0,1.0,225.0,2
9259,other,1800.0,3.0,140.0,3
9262,other,3900.0,4.0,333.0,4
9263,other,2400.0,4.0,200.0,3
9264,other,1645.0,3.0,87.5,3
9265,other,1650.0,4.0,320.0,4
9267,other,2600.0,3.0,140.0,3
9268,other,950.0,2.0,60.0,2
9269,other,2107.0,4.0,95.0,4
9272,other,1200.0,4.0,240.0,4
9275,other,1900.0,3.0,205.0,3
9277,other,1402.0,2.0,85.0,3
9279,other,2100.0,3.0,240.0,3
9280,other,5000.0,4.0,290.0,4
9281,other,1804.0,2.0,285.0,2
9284,other,1200.0,3.0,140.0,3
9285,other,814.0,2.0,55.0,2
9287,other,2400.0,5.0,400.0,5
9288,other,830.0,2.0,37.0,2
9289,other,1590.0,3.0,120.0,3
9292,other,1450.0,2.0,89.6,3
9293,other,1200.0,4.0,230.0,4
9298,other,1665.0,3.0,105.0,3
9300,other,2300.0,4.0,200.0,4
9301,other,1210.0,2.0,76.0,2
9303,other,1286.0,3.0,67.0,3
9305,other,2250.0,5.0,360.0,5
9310,other,1636.0,3.0,97.0,3
9313,other,1200.0,3.0,72.0,3
9316,other,1350.0,2.0,280.0,3
9318,other,1000.0,1.0,75.0,2
9321,other,1170.0,2.0,86.0,2
9322,other,4830.0,5.0,390.0,4
9323,other,850.0,2.0,75.0,2
9327,other,2065.0,3.0,130.0,3
9328,other,1150.0,2.0,125.0,2
9331,other,2550.0,4.0,290.0,3
9332,other,3080.0,2.0,285.0,4
9334,other,3400.0,6.0,420.0,4
9335,other,450.0,1.0,25.0,1
9336,other,1100.0,2.0,85.0,2
9337,other,1550.0,3.0,258.0,3
9338,other,966.0,2.0,49.0,2
9339,other,4400.0,4.0,350.0,5
9342,other,1036.0,2.0,110.0,2
9345,other,1376.0,4.0,156.0,4
9346,other,1150.0,2.0,60.0,3
9350,other,1080.0,2.0,62.0,2
9354,other,1475.0,2.0,200.0,3
9355,other,1200.0,3.0,96.25,3
9356,other,1250.0,2.0,65.0,3
9357,other,2631.0,3.0,200.0,4
9358,other,830.0,2.0,60.0,2
9359,other,1500.0,2.0,88.0,2
9362,other,856.0,2.0,48.0,2
9365,other,1117.0,2.0,110.0,2
9366,other,600.0,1.0,43.0,1
9367,other,7500.0,4.0,425.0,4
9368,other,925.0,2.0,48.0,2
9370,other,1200.0,3.0,70.0,3
9371,other,2675.0,4.0,290.0,4
9375,other,1477.0,2.0,80.0,3
9376,other,42000.0,8.0,175.0,9
9377,other,1793.0,3.0,98.0,3
9379,other,620.0,2.0,23.0,2
9381,other,1020.0,2.0,62.0,2
9382,other,3563.0,6.0,310.0,4
9385,other,3300.0,5.0,318.0,4
9386,other,1200.0,3.0,165.0,3
9387,other,1440.0,4.0,88.0,4
9388,other,2250.0,3.0,113.0,3
9390,other,1718.0,3.0,223.0,3
9391,other,1500.0,4.0,240.0,4
9392,other,1200.0,2.0,75.0,3
9393,other,985.0,2.0,55.0,2
9398,other,1030.0,2.0,80.0,2
9399,other,1852.0,2.0,95.0,3
9400,other,1150.0,2.0,69.0,2
9403,other,1500.0,2.0,90.0,3
9404,other,900.0,2.0,55.0,2
9405,other,850.0,2.0,35.0,2
9406,other,600.0,4.0,110.0,2
9410,other,1750.0,2.0,225.0,4
9412,other,1100.0,2.0,78.0,2
9413,other,1180.0,2.0,74.0,2
9414,other,4510.0,4.0,200.0,3
9415,other,1540.0,3.0,85.0,3
9417,other,1800.0,3.0,230.0,3
9419,other,2000.0,3.0,120.0,3
9420,other,2000.0,3.0,145.0,3
9421,other,500.0,1.0,15.0,1
9422,other,850.0,2.0,42.0,2
9424,other,2230.0,4.0,130.0,4
9425,other,2200.0,5.0,100.0,4
9427,other,3160.0,4.0,206.0,4
9428,other,922.0,2.0,70.0,2
9429,other,850.0,2.0,72.0,2
9432,other,1233.0,2.0,100.0,2
9437,other,2050.0,3.0,100.0,4
9438,other,800.0,2.0,30.0,2
9440,other,1936.0,3.0,110.0,3
9441,other,1652.5,3.0,90.0,3
9442,other,2159.0,3.0,110.0,3
9443,other,1500.0,3.0,138.0,3
9444,other,700.0,2.0,43.0,2
9445,other,1750.0,3.0,170.0,3
9446,other,1365.0,3.0,99.0,3
9448,other,850.0,2.0,35.0,2
9449,other,900.0,4.0,180.0,3
9450,other,708.0,1.0,55.0,2
9451,other,1680.0,3.0,135.0,3
9452,other,990.0,2.0,58.0,2
9453,other,1240.0,2.0,100.0,2
9454,other,1810.0,3.0,118.0,3
9455,other,2005.0,3.0,240.0,3
9458,other,1000.0,2.0,97.0,2
9461,other,1430.0,3.0,78.65,3
9462,other,600.0,2.0,30.0,2
9463,other,1200.0,2.0,45.0,1
9466,other,1260.0,4.0,65.0,4
9467,other,2250.0,4.0,400.0,4
9469,other,840.0,1.0,75.0,1
9470,other,1760.0,2.0,116.0,3
9471,other,3317.5,5.0,268.5,4
9472,other,600.0,1.0,52.0,2
9473,other,1670.0,3.0,160.0,3
9476,other,1200.0,2.0,75.6,3
9477,other,1200.0,3.0,210.0,4
9478,other,2400.0,5.0,285.0,5
9479,other,2100.0,4.0,150.0,4
9480,other,600.0,2.0,120.0,2
9483,other,920.0,2.0,46.0,2
9484,other,1550.0,4.0,120.0,4
9485,other,905.0,2.0,50.0,2
9486,other,1495.0,3.0,200.0,3
9488,other,550.0,1.0,23.0,1
9491,other,1080.0,2.0,75.0,3
9493,other,1537.0,3.0,110.0,3
9494,other,1750.0,3.0,150.0,3
9495,other,2800.0,7.0,250.0,7
9497,other,1191.0,2.0,90.0,2
9500,other,2849.0,5.0,250.0,4
9503,other,2400.0,6.0,400.0,6
9504,other,830.0,2.0,40.0,2
9506,other,827.0,2.0,45.0,2
9511,other,3400.0,4.0,190.0,4
9513,other,1205.0,2.0,70.0,2
9517,other,2200.0,4.0,160.0,3
9520,other,1900.0,3.0,155.0,3
9521,other,1200.0,1.0,95.0,2
9524,other,1350.0,4.0,225.0,4
9525,other,1100.0,2.0,110.0,2
9526,other,1942.0,3.0,155.0,3
9527,other,1200.0,4.0,80.0,3
9530,other,1515.0,3.0,90.0,3
9533,other,1200.0,4.0,95.0,4
9535,other,625.0,2.0,24.0,2
9539,other,1200.0,1.0,69.0,1
9540,other,1717.0,3.0,99.0,3
9542,other,1200.0,1.0,48.0,1
9543,other,1430.0,2.0,78.65,3
9545,other,1190.0,2.0,70.0,2
9546,other,900.0,2.0,41.0,2
9547,other,2690.0,4.0,185.0,4
9548,other,1800.0,5.0,250.0,4
9549,other,1594.0,3.0,99.0,3
9551,other,1290.0,1.0,77.5,2
9553,other,1464.0,2.0,145.0,2
9554,other,1200.0,2.0,75.0,2
9556,other,750.0,2.0,36.0,2
9557,other,1485.0,2.0,156.0,3
9558,other,2070.0,3.0,135.0,3
9561,other,800.0,2.0,55.0,2
9562,other,900.0,1.0,44.0,2
9563,other,1480.0,2.0,125.0,3
9564,other,3800.0,2.0,130.0,3
9565,other,1500.0,2.0,130.0,2
9566,other,2010.0,3.0,125.0,3
9567,other,1504.0,2.0,100.0,3
9569,other,1602.0,2.0,165.0,3
9570,other,1200.0,4.0,130.0,4
9571,other,1800.0,3.0,220.0,3
9574,other,900.0,2.0,45.0,2
9577,other,1862.0,3.0,120.0,3
9578,other,2700.0,3.0,200.0,3
9579,other,1677.0,3.0,98.0,3
9581,other,1490.0,2.0,115.0,3
9583,other,1740.0,3.0,120.0,3
9584,other,1020.0,2.0,60.0,2
9585,other,550.0,1.0,16.0,1
9588,other,3664.0,3.0,325.0,3
9589,other,690.0,2.0,42.0,2
9590,other,1500.0,5.0,233.0,4
9591,other,1030.0,2.0,300.0,2
9592,other,1520.0,3.0,111.0,3
9594,other,1200.0,4.0,86.0,4
9595,other,1250.0,2.0,90.0,2
9596,other,1900.0,2.0,190.0,3
9599,other,1602.0,2.0,170.0,3
9601,other,1600.0,3.0,95.0,3
9602,other,450.0,1.0,60.0,1
9603,other,600.0,2.0,23.0,1
9604,other,3463.0,6.0,310.0,4
9605,other,1200.0,2.0,85.0,2
9608,other,2000.0,4.0,130.0,3
9609,other,1350.0,4.0,140.0,4
9612,other,1175.0,2.0,79.0,2
9614,other,1112.0,2.0,68.0,2
9617,other,1158.0,2.0,75.0,2
9618,other,3200.0,4.0,200.0,4
9620,other,1200.0,2.0,90.0,2
9622,other,1800.0,3.0,90.0,3
9623,other,2000.0,2.0,160.0,2
9625,other,1800.0,3.0,95.0,3
9627,other,2679.0,5.0,280.0,4
9628,other,1230.0,2.0,75.0,2
9630,other,3150.0,5.0,145.0,8
9631,other,2400.0,2.0,135.0,2
9632,other,880.0,2.0,48.0,2
9637,other,1022.0,2.0,57.0,2
9638,other,1200.0,2.0,76.0,2
9641,other,1605.0,3.0,100.0,3
9642,other,1542.0,3.0,98.0,3
9645,other,1333.0,2.0,77.27,2
9646,other,1100.0,3.0,110.0,3
9647,other,1050.0,2.0,70.0,2
9649,other,2000.0,3.0,105.0,3
9651,other,1200.0,4.0,165.0,4
9652,other,1100.0,2.0,145.0,3
9654,other,1200.0,3.0,99.0,3
9657,other,1000.0,2.0,60.0,2
9658,other,5720.0,3.0,350.0,3
9659,other,675.0,1.0,15.0,2
9660,other,1012.0,2.0,59.0,2
9661,other,1150.0,2.0,250.0,2
9662,other,1800.0,2.0,300.0,2
9665,other,1200.0,4.0,140.0,4
9666,other,600.0,2.0,39.0,2
9667,other,1240.0,2.0,65.0,3
9669,other,1700.0,3.0,111.0,3
9673,other,1780.0,3.0,110.0,3
9675,other,1080.0,3.0,149.0,3
9676,other,900.0,2.0,65.0,3
9678,other,1200.0,3.0,160.0,4
9679,other,1540.0,3.0,85.0,3
9680,other,1200.0,3.0,190.0,3
9681,other,2456.0,3.0,220.0,3
9683,other,1530.0,2.0,185.0,2
9684,other,840.0,1.0,150.0,1
9687,other,1717.0,3.0,120.0,3
9690,other,1475.0,2.0,171.0,2
9692,other,650.0,1.0,16.0,1
9694,other,1504.0,2.0,102.0,3
9696,other,1800.0,4.0,145.0,4
9697,other,3000.0,4.0,240.0,4
9699,other,1625.0,3.0,92.0,3
9700,other,2400.0,4.0,250.0,4
9703,other,1490.0,2.0,92.0,3
9704,other,2400.0,5.0,140.0,4
9705,other,1044.0,2.0,60.0,2
9707,other,1640.0,3.0,84.0,3
9709,other,1567.2,2.0,190.0,3
9713,other,1240.0,2.0,65.0,3
9714,other,1293.0,2.0,75.0,2
9716,other,860.0,2.0,65.5,2
9717,other,1374.0,2.0,88.0,3
9721,other,1200.0,3.0,205.0,3
9722,other,2000.0,2.0,160.0,4
9723,other,834.0,1.0,62.0,1
9724,other,600.0,1.0,52.0,1
9725,other,1200.0,5.0,325.0,4
9726,other,2000.0,4.0,135.0,4
9727,other,2750.0,3.0,260.0,3
9731,other,1280.0,2.0,90.0,2
9733,other,2075.0,3.0,175.0,3
9735,other,1240.0,4.0,180.0,3
9738,other,2400.0,2.0,125.0,2
9739,other,1200.0,2.0,200.0,2
9742,other,2274.24,4.0,160.0,3
9744,other,900.0,3.0,105.0,2
9747,other,1350.0,3.0,75.0,3
9749,other,470.0,2.0,10.0,1
9750,other,2300.0,7.0,160.0,6
9751,other,1313.0,4.0,150.0,3
9752,other,2515.0,4.0,155.0,3
9755,other,2665.0,3.0,350.0,3
9757,other,700.0,2.0,29.0,2
9763,other,2400.0,5.0,300.0,6
9764,other,3000.0,4.0,130.0,8
9765,other,1235.0,2.0,140.0,2
9766,other,3200.0,3.0,260.0,3
9767,other,1450.0,3.0,90.0,3
9768,other,1893.0,3.0,115.0,3
9771,other,1200.0,2.0,100.0,3
9772,other,1205.0,2.0,70.0,2
9773,other,1500.0,3.0,90.0,3
9774,other,1200.0,3.0,200.0,3
9779,other,375.0,1.0,26.0,1
9780,other,1000.0,2.0,150.0,2
9781,other,800.0,3.0,59.5,2
9782,other,909.0,2.0,43.0,3
9783,other,1400.0,2.0,85.0,2
9784,other,1800.0,2.0,100.0,3
9785,other,925.0,2.0,70.0,2
9786,other,850.0,1.0,35.5,2
9788,other,3500.0,2.0,350.0,4
9791,other,2100.0,4.0,255.0,3
9792,other,400.0,1.0,35.0,1
9795,other,985.0,2.0,156.0,2
9796,other,2400.0,5.0,180.0,4
9797,other,6000.0,1.0,276.0,1
9798,other,825.0,2.0,40.0,1
9801,other,4800.0,5.0,420.0,4
9802,other,3400.0,3.0,400.0,3
9803,other,600.0,1.0,33.0,1
9805,other,2600.0,3.0,147.0,3
9806,other,1200.0,3.0,180.0,4
9808,other,800.0,1.0,72.0,1
9810,other,1225.0,2.0,82.0,3
9811,other,655.0,1.0,27.0,1
9812,other,1196.0,2.0,96.0,2
9813,other,927.0,2.0,50.0,2
9814,other,2400.0,5.0,395.0,4
9815,other,600.0,1.0,18.0,1
9817,other,2800.0,4.0,200.0,4
9818,other,750.0,2.0,28.0,2
9820,other,800.0,2.0,85.0,2
9821,other,985.0,2.0,57.0,2
9822,other,1200.0,4.0,200.0,4
9823,other,6000.0,12.0,150.0,11
9825,other,600.0,2.0,80.0,2
9826,other,1503.0,2.0,93.0,3
9831,other,1768.0,3.0,95.0,3
9832,other,3060.0,4.0,350.0,4
9833,other,800.0,1.0,32.0,1
9835,other,1200.0,4.0,235.0,4
9836,other,600.0,1.0,35.0,1
9837,other,1010.0,2.0,55.0,2
9838,other,650.0,1.0,20.0,2
9842,other,2008.0,3.0,170.0,3
9843,other,2095.0,3.0,142.0,3
9845,other,1600.0,2.0,88.0,3
9846,other,1350.0,4.0,160.0,4
9847,other,500.0,1.0,20.0,1
9848,other,1280.0,2.0,100.0,3
9849,other,1650.0,3.0,110.0,3
9852,other,1044.0,2.0,85.0,2
9854,other,1830.0,4.0,325.0,4
9855,other,900.0,1.0,130.0,2
9856,other,840.0,1.0,99.0,2
9858,other,2000.0,2.0,95.0,3
9859,other,3870.0,4.0,411.0,4
9861,other,1835.0,3.0,175.0,3
9864,other,425.0,1.0,15.0,1
9865,other,820.0,2.0,30.0,2
9867,other,2380.0,4.0,242.0,4
9868,other,900.0,1.0,70.0,2
9869,other,1517.0,2.0,125.0,2
9871,other,3602.0,4.0,280.0,4
9872,other,2159.0,3.0,120.0,3
9873,other,1200.0,3.0,72.0,3
9874,other,1850.0,3.0,175.0,6
9875,other,510.0,1.0,34.0,1
9877,other,2700.0,2.0,260.0,3
9878,other,1350.0,2.0,175.0,3
9879,other,2100.0,6.0,100.0,4
9880,other,2251.0,4.0,370.0,3
9881,other,940.0,2.0,56.0,2
9884,other,1645.0,3.0,95.0,3
9885,other,1600.0,4.0,90.0,4
9886,other,1000.0,2.0,63.0,2
9888,other,1998.0,3.0,117.0,3
9891,other,1804.0,3.0,150.0,3
9892,other,1350.0,3.0,81.0,3
9893,other,826.0,2.0,36.0,2
9894,other,3000.0,3.0,300.0,4
9897,other,2200.0,3.0,115.0,4
9898,other,1200.0,4.0,110.0,4
9900,other,1217.0,2.0,164.0,2
9901,other,2400.0,4.0,170.0,6
9903,other,600.0,1.0,45.0,1
9904,other,672.0,1.0,27.0,1
9905,other,1280.0,3.0,87.0,3
9906,other,1850.0,3.0,95.0,3
9907,other,1567.0,3.0,100.0,3
9908,other,2350.0,3.0,210.0,3
9911,other,560.0,1.0,19.0,1
9913,other,900.0,2.0,128.0,2
9914,other,520.0,2.0,29.0,1
9915,other,1950.0,3.0,230.0,3
9916,other,600.0,1.0,58.0,1
9917,other,1000.0,1.0,19.0,1
9919,other,375.0,1.0,40.0,1
9920,other,1200.0,5.0,270.0,4
9922,other,2000.0,2.0,120.0,2
9927,other,1130.0,2.0,74.0,2
9928,other,1407.0,2.0,83.87,2
9929,other,900.0,2.0,45.0,2
9930,other,1350.0,4.0,160.0,4
9931,other,2375.0,3.0,260.0,4
9933,other,1872.0,3.0,152.0,3
9934,other,1400.0,3.0,90.0,3
9935,other,812.0,1.0,26.0,1
9937,other,600.0,2.0,35.0,1
9938,other,700.0,2.0,35.0,2
9946,other,1200.0,2.0,300.0,3
9952,other,1800.0,4.0,115.0,3
9954,other,1499.0,3.0,89.0,3
9957,other,1050.0,2.0,65.0,2
9958,other,905.0,2.0,50.0,2
9959,other,2736.0,4.0,130.0,4
9961,other,1770.0,3.0,90.0,3
9962,other,3155.0,3.0,315.0,3
9967,other,1464.0,2.0,135.0,3
9969,other,1200.0,2.0,75.0,2
9970,other,1707.0,3.0,171.0,3
9971,other,565.0,1.0,33.0,1
9972,other,630.0,2.0,70.0,1
9973,other,1000.0,2.0,55.0,2
9976,other,2400.0,4.0,130.0,3
9978,other,1100.0,2.0,70.0,2
9979,other,420.0,1.0,23.5,1
9981,other,1225.0,2.0,71.05,2
9982,other,1350.0,4.0,90.0,4
9983,other,1732.5,3.0,91.855,3
9984,other,3760.0,2.0,280.0,2
9985,other,3071.0,4.0,300.0,3
9990,other,1620.0,3.0,95.0,3
9991,other,560.0,1.0,21.0,1
9994,other,2250.0,3.0,180.0,3
9995,other,1485.0,3.0,78.0,3
9996,other,1350.0,2.0,45.0,1
9997,other,1209.0,2.0,100.0,2
9998,other,1500.0,3.0,95.0,3
9999,other,1000.0,2.0,60.0,2
10001,other,1200.0,4.0,130.0,4
10002,other,2250.0,3.0,199.0,3
10003,other,3700.0,4.0,314.0,4
10005,other,1405.0,3.0,169.0,3
10006,other,4800.0,6.0,420.0,4
10009,other,500.0,1.0,16.0,1
10010,other,1600.0,3.0,180.0,3
10012,other,648.0,1.0,34.0,1
10013,other,1720.0,2.0,126.0,3
10014,other,1756.0,3.0,307.0,3
10016,other,825.0,2.0,35.0,2
10017,other,1080.0,2.0,64.0,2
10019,other,800.0,1.0,29.0,2
10021,other,535.0,1.0,35.0,1
10024,other,1465.0,2.0,88.0,3
10026,other,3420.0,3.0,410.0,4
10027,other,1280.0,2.0,75.0,2
10028,other,680.0,3.0,60.0,2
10030,other,1738.0,3.0,110.0,3
10031,other,1500.0,3.0,90.0,3
10033,other,2015.0,4.0,325.0,2
10034,other,1050.0,2.0,110.0,2
10035,other,1541.0,2.0,181.0,2
10036,other,1275.0,2.0,105.0,2
10037,other,2048.0,3.0,206.0,3
10041,other,2320.0,2.0,160.0,3
10042,other,1237.0,3.0,78.0,3
10043,other,588.0,1.0,88.2,1
10048,other,1200.0,2.0,140.0,4
10050,other,1700.0,3.0,250.0,3
10051,other,1160.0,2.0,75.0,2
10052,other,2500.0,3.0,400.0,3
10062,other,984.0,2.0,125.0,2
10063,other,1148.0,2.0,69.0,2
10064,other,1719.0,3.0,110.0,3
10066,other,3000.0,4.0,264.0,4
10068,other,1320.0,2.0,90.0,2
10074,other,4560.0,5.0,430.0,4
10076,other,799.0,2.0,35.0,2
10077,other,2700.0,4.0,170.0,5
10079,other,3000.0,4.0,300.0,5
10080,other,1560.0,2.0,125.0,3
10082,other,1012.0,2.0,59.0,2
10083,other,1245.0,2.0,120.0,2
10084,other,1485.0,2.0,110.0,3
10087,other,1489.0,2.0,101.0,2
10088,other,2800.0,4.0,365.0,4
10090,other,1600.0,2.0,90.0,3
10092,other,1500.0,1.0,300.0,1
10093,other,3000.0,6.0,300.0,6
10094,other,1903.0,3.0,165.0,3
10096,other,2996.0,4.0,200.0,4
10097,other,3400.0,4.0,200.0,4
10099,other,551.0,1.0,30.0,1
10101,other,550.0,1.0,16.0,1
10102,other,1780.0,3.0,100.0,3
10104,other,1200.0,4.0,175.0,4
10105,other,1310.0,3.0,90.0,3
10108,other,1603.0,2.0,125.0,3
10109,other,2180.0,3.0,285.0,3
10110,other,450.0,1.0,30.0,1
10111,other,3000.0,4.0,301.0,4
10116,other,1623.0,3.0,155.0,3
10118,other,2400.0,3.0,408.0,3
10119,other,900.0,1.0,52.3,1
10121,other,780.0,2.0,31.0,2
10125,other,1200.0,2.0,110.0,2
10126,other,1400.0,2.0,78.0,3
10127,other,2648.0,3.0,238.0,3
10129,other,1475.0,3.0,80.0,3
10130,other,1721.0,3.0,93.0,3
10132,other,4800.0,4.0,420.0,4
10133,other,1163.0,2.0,68.0,2
10134,other,801.0,1.0,33.645,1
10135,other,1300.0,2.0,80.0,3
10138,other,2400.0,4.0,135.0,4
10139,other,998.0,2.0,65.0,2
10140,other,1040.0,2.0,78.0,2
10143,other,1907.0,2.0,200.0,3
10144,other,1330.0,2.0,80.0,2
10145,other,4446.0,3.0,410.0,3
10146,other,1320.0,2.0,95.0,3
10151,other,4500.0,3.0,225.0,4
10152,other,2200.0,2.0,150.0,4
10153,other,1092.0,3.0,95.0,3
10157,other,935.0,2.0,45.9,2
10158,other,2000.0,6.0,300.0,6
10160,other,1130.0,2.0,75.0,2
10162,other,1900.0,3.0,190.0,3
10163,other,1200.0,5.0,325.0,4
10164,other,966.0,2.0,50.0,2
10165,other,1200.0,4.0,110.0,4
10166,other,1630.0,3.0,131.0,3
10167,other,1200.0,4.0,250.0,4
10168,other,1050.0,2.0,41.0,1
10170,other,3210.0,4.0,380.0,3
10171,other,5425.0,13.0,275.0,13
10172,other,1200.0,4.0,135.0,4
10174,other,900.0,2.0,48.0,2
10175,other,4041.0,4.0,345.0,4
10176,other,620.0,1.0,25.0,1
10177,other,1210.0,2.0,75.0,2
10180,other,1200.0,1.0,70.0,2
10181,other,1950.0,4.0,95.0,3
10182,other,1200.0,3.0,70.0,2
10184,other,1130.0,2.0,68.0,2
10187,other,2750.0,5.0,275.0,3
10188,other,800.0,2.0,55.0,2
10189,other,1244.0,2.0,95.0,2
10190,other,1500.0,4.0,180.0,3
10191,other,1200.0,2.0,75.0,2
10192,other,400.0,2.0,50.0,1
10194,other,2159.0,3.0,120.0,3
10195,other,1200.0,4.0,180.0,3
10196,other,3100.0,6.0,165.0,5
10197,other,1200.0,1.0,48.0,1
10202,other,1450.0,2.0,90.0,2
10204,other,10030.0,1.0,150.0,1
10205,other,3600.0,4.0,225.0,4
10206,other,2300.0,3.0,280.0,3
10207,other,3200.0,8.0,130.0,9
10208,other,1900.0,2.0,92.0,3
10210,other,925.0,2.0,55.0,2
10211,other,3900.0,3.0,250.0,3
10212,other,1400.0,2.0,160.0,2
10213,other,1715.0,3.0,95.0,3
10214,other,703.0,2.0,60.0,2
10217,other,600.0,1.0,20.0,1
10218,other,4382.0,4.0,400.0,4
10219,other,2400.0,3.0,360.0,3
10220,other,1030.0,2.0,77.25,3
10221,other,1254.0,2.0,70.0,3
10222,other,1669.0,3.0,298.0,3
10224,other,1293.0,2.0,80.0,2
10227,other,1000.0,2.0,66.0,2
10228,other,1864.0,3.0,115.0,3
10229,other,1200.0,2.0,135.0,2
10231,other,2400.0,4.0,150.0,4
10233,other,4400.0,5.0,240.0,5
10235,other,1525.0,2.0,91.48,3
10236,other,975.0,2.0,60.0,2
10237,other,2000.0,3.0,100.0,3
10239,other,1500.0,2.0,85.0,1
10240,other,5000.0,5.0,300.0,4
10242,other,1200.0,4.0,138.0,2
10243,other,1100.0,2.0,68.0,2
10245,other,2950.0,4.0,250.0,4
10246,other,1464.0,2.0,115.0,3
10247,other,1385.0,3.0,90.0,3
10251,other,1415.0,2.0,120.0,2
10253,other,1537.0,3.0,81.0,3
10256,other,2400.0,2.0,185.0,3
10259,other,1025.0,2.0,65.0,2
10260,other,1020.0,2.0,70.0,2
10261,other,1155.0,2.0,69.0,2
10262,other,2600.0,5.0,370.0,5
10263,other,1200.0,4.0,240.0,4
10264,other,2030.0,2.0,182.0,3
10266,other,2900.0,3.0,325.0,3
10267,other,2180.0,4.0,115.0,4
10269,other,1610.0,3.0,85.0,3
10270,other,1500.0,2.0,145.0,2
10271,other,3150.0,3.0,135.0,4
10273,other,600.0,2.0,29.5,2
10274,other,2597.0,4.0,189.0,4
10279,other,660.0,1.0,30.0,1
10281,other,2735.0,4.0,340.0,3
10282,other,950.0,2.0,65.0,2
10283,other,980.0,3.0,80.0,3
10286,other,750.0,2.0,20.0,2
10289,other,3500.0,4.0,150.0,4
10290,other,5400.0,4.0,250.0,4
10291,other,660.0,1.0,35.0,1
10293,other,1458.0,2.0,87.0,3
10295,other,1178.0,2.0,80.0,2
10297,other,2700.0,4.0,295.0,4
10300,other,1300.0,2.0,95.0,2
10301,other,936.0,1.0,53.0,1
10302,other,1277.0,2.0,92.0,2
10304,other,1600.0,2.0,160.0,2
10307,other,2400.0,5.0,150.0,5
10308,other,500.0,2.0,80.0,1
10310,other,827.0,2.0,34.0,2
10311,other,800.0,2.0,32.0,2
10313,other,2214.0,3.0,350.0,3
10314,other,1839.0,3.0,160.0,3
10317,other,925.0,2.0,100.0,2
10318,other,650.0,1.0,50.0,1
10320,other,720.0,1.0,32.39,1
10322,other,1600.0,3.0,130.0,3
10326,other,3000.0,4.0,170.0,5
10327,other,2200.0,3.0,225.0,4
10329,other,1626.6,3.0,133.0,3
10332,other,1348.0,2.0,100.0,2
10334,other,1350.0,4.0,175.0,4
10336,other,760.0,2.0,38.5,2
10337,other,1182.0,2.0,60.1,3
10340,other,1200.0,3.0,200.0,3
10341,other,1410.0,3.0,90.0,3
10342,other,1460.0,2.0,87.0,3
10343,other,1260.0,2.0,85.05,3
10344,other,3000.0,3.0,265.0,3
10345,other,1200.0,2.0,120.0,3
10347,other,1800.0,3.0,150.0,3
10351,other,2098.0,3.0,210.0,3
10352,other,2400.0,3.0,270.0,3
10353,other,1800.0,3.0,192.0,3
10355,other,509.0,1.0,20.0,1
10356,other,3535.0,4.0,215.0,4
10359,other,2350.0,5.0,325.0,5
10360,other,2050.0,3.0,135.0,3
10361,other,2100.0,1.0,200.0,2
10362,other,1276.0,2.0,146.0,2
10365,other,1600.0,3.0,100.0,3
10366,other,2100.0,3.0,280.0,4
10369,other,2100.0,3.0,270.0,3
10370,other,850.0,2.0,42.5,2
10372,other,3500.0,4.0,320.0,4
10374,other,1540.0,3.0,150.0,3
10375,other,3200.0,4.0,270.0,4
10376,other,900.0,2.0,160.0,2
10381,other,1645.0,3.0,87.0,3
10385,other,800.0,1.0,95.0,2
10386,other,1650.0,2.0,140.0,4
10388,other,4395.0,3.0,240.0,3
10390,other,1936.0,3.0,139.0,3
10394,other,1200.0,1.0,65.0,1
10395,other,1800.0,3.0,95.0,3
10396,other,2045.0,3.0,108.0,3
10398,other,1310.0,2.0,88.0,2
10400,other,2000.0,5.0,240.0,5
10401,other,4500.0,4.0,345.0,4
10402,other,3155.0,4.0,316.0,3
10404,other,1441.0,2.0,115.0,2
10405,other,418.0,1.0,17.0,1
10406,other,1200.0,3.0,80.0,3
10407,other,1500.0,2.0,200.0,3
10408,other,675.0,2.0,13.5,2
10409,other,610.0,1.0,28.0,1
10411,other,1864.0,3.0,120.0,3
10412,other,950.0,2.0,57.0,2
10414,other,1100.0,2.0,62.0,2
10415,other,1530.0,3.0,87.0,4
10416,other,1200.0,2.0,190.0,3
10417,other,1200.0,4.0,165.0,4
10418,other,2400.0,3.0,108.0,4
10419,other,1200.0,2.0,90.0,3
10420,other,3600.0,6.0,170.0,6
10421,other,1279.0,2.0,100.0,2
10427,other,1550.0,3.0,250.0,5
10428,other,3600.0,4.0,300.0,4
10429,other,1600.0,4.0,120.0,3
10431,other,5100.0,7.0,225.0,6
10432,other,1308.0,2.0,86.0,2
10433,other,2170.0,3.0,265.0,4
10434,other,1500.0,5.0,210.0,5
10438,other,1225.0,2.0,71.05,2
10440,other,1919.0,3.0,300.0,3
10441,other,1200.0,3.0,78.0,2
10442,other,2180.0,3.0,273.0,3
10445,other,1200.0,4.0,180.0,4
10448,other,3300.0,8.0,310.0,8
10449,other,1200.0,4.0,190.0,4
10450,other,1300.0,2.0,95.0,2
10451,other,1350.0,2.0,89.5,2
10452,other,2312.0,3.0,156.0,3
10453,other,1175.0,2.0,70.0,2
10455,other,2150.0,3.0,240.0,3
10457,other,1386.0,3.0,93.0,4
10460,other,2800.0,3.0,400.0,3
10462,other,1350.0,4.0,240.0,4
10464,other,2500.0,2.0,300.0,3
10465,other,1500.0,2.0,120.0,3
10467,other,3150.0,4.0,180.0,4
10468,other,1200.0,1.0,39.82,1
10471,other,1200.0,3.0,68.0,3
10472,other,760.0,2.0,37.49,2
10473,other,3800.0,6.0,390.0,6
10474,other,410.0,1.0,48.0,1
10475,other,1717.0,3.0,200.0,3
10476,other,880.0,1.0,90.0,2
10478,other,1293.0,2.0,80.0,2
10480,other,1065.0,3.0,72.0,3
10481,other,3200.0,4.0,140.0,3
10482,other,1250.0,2.0,77.13,3
10484,other,2100.0,3.0,210.0,4
10488,other,1220.0,2.0,72.0,2
10491,other,1884.0,3.0,95.0,3
10492,other,1100.0,2.0,75.0,2
10493,other,1350.0,2.0,90.0,2
10494,other,4800.0,5.0,350.0,4
10496,other,1200.0,3.0,110.0,3
10497,other,705.0,1.0,65.0,1
10499,other,1250.0,2.0,75.0,2
10503,other,648.0,1.0,40.0,1
10505,other,1200.0,5.0,150.0,4
10507,other,500.0,1.0,13.0,1
10508,other,2400.0,4.0,325.0,5
10514,other,975.0,2.0,55.0,2
10517,other,1115.0,2.0,115.0,2
10523,other,1495.0,3.0,90.0,3
10526,other,1200.0,2.0,75.0,4
10527,other,1000.0,2.0,60.0,2
10529,other,2750.0,6.0,200.0,6
10530,other,660.0,2.0,76.0,2
10532,other,1275.0,2.0,76.0,2
10534,other,793.0,1.0,40.0,1
10537,other,1630.0,2.0,130.0,3
10539,other,1344.0,4.0,84.0,4
10540,other,3000.0,3.0,400.0,3
10541,other,1200.0,2.0,82.0,2
10542,other,1419.0,3.0,85.0,3
10544,other,2020.0,3.0,270.0,3
10545,other,850.0,1.0,50.0,1
10546,other,933.0,2.0,55.0,2
10548,other,1145.0,2.0,60.0,3
10549,other,400.0,1.0,75.0,1
10551,other,823.0,2.0,80.0,2
10553,other,1750.0,3.0,120.0,3
10555,other,750.0,2.0,40.0,2
10557,other,2150.0,3.0,170.0,3
10558,other,1500.0,1.0,218.0,2
10559,other,2200.0,2.0,190.0,3
10560,other,1368.0,2.0,87.0,2
10561,other,1507.0,3.0,80.0,3
10563,other,1200.0,3.0,70.0,3
10564,other,1175.0,2.0,83.0,2
10565,other,1350.0,4.0,310.0,4
10567,other,1400.0,3.0,98.0,3
10573,other,2240.0,3.0,300.0,3
10576,other,1520.0,3.0,165.0,3
10579,other,2360.0,3.0,185.0,4
10580,other,1760.0,3.0,90.0,3
10583,other,1440.0,4.0,240.0,4
10584,other,600.0,4.0,70.0,2
10585,other,800.0,1.0,45.0,2
10586,other,1200.0,4.0,120.0,4
10587,other,1892.0,3.0,200.0,3
10589,other,1050.0,2.0,65.0,2
10591,other,1625.0,3.0,92.0,3
10593,other,2100.0,3.0,145.0,5
10594,other,1269.0,2.0,97.0,2
10597,other,1353.0,2.0,110.0,3
10599,other,1250.0,2.0,70.0,3
10600,other,1950.2,3.0,261.0,3
10601,other,2171.66,3.0,298.0,3
10603,other,1600.0,3.0,100.0,3
10604,other,540.0,1.0,22.0,1
10605,other,1950.2,3.0,193.0,3
10608,other,1013.0,2.0,60.0,2
10609,other,2100.0,3.0,220.0,3
10612,other,1625.0,3.0,95.0,3
10614,other,1600.0,5.0,140.0,5
10616,other,930.0,1.0,55.0,2
10620,other,2400.0,3.0,185.0,4
10622,other,1427.0,2.0,85.0,3
10623,other,2031.0,2.0,200.0,2
10624,other,2000.0,3.0,180.0,4
10626,other,700.0,1.0,25.5,1
10627,other,1200.0,3.0,120.0,3
10628,other,1200.0,2.0,115.0,2
10630,other,1650.0,6.0,200.0,5
10631,other,2000.0,3.0,200.0,3
10632,other,1150.0,2.0,90.0,2
10633,other,595.0,1.0,40.0,1
10634,other,3750.0,4.0,190.0,4
10635,other,5480.0,4.0,400.0,3
10641,other,3700.0,4.0,400.0,4
10642,other,1625.0,3.0,150.0,3
10645,other,1515.0,3.0,80.5,3
10649,other,2505.0,3.0,165.0,3
10651,other,1705.0,2.0,86.96,3
10652,other,1650.0,3.0,135.0,3
10653,other,925.0,2.0,68.0,2
10655,other,1750.0,3.0,100.0,3
10656,other,16335.0,4.0,149.0,4
10657,other,747.0,1.0,27.0,1
10659,other,1738.0,3.0,110.0,3
10662,other,1720.0,3.0,95.0,3
10663,other,500.0,1.0,51.0,1
10664,other,850.0,2.0,45.0,2
10666,other,2400.0,2.0,360.0,3
10667,other,1350.0,4.0,235.0,4
10670,other,1650.0,3.0,140.0,3
10672,other,3150.0,4.0,150.0,4
10674,other,2559.0,1.0,55.0,1
10675,other,720.0,1.0,28.0,1
10676,other,1100.0,2.0,90.0,2
10679,other,5000.0,5.0,250.0,4
10680,other,600.0,1.0,22.8,1
10681,other,540.0,1.0,24.0,1
10682,other,620.0,2.0,23.0,2
10685,other,2072.0,3.0,108.0,3
10688,other,1200.0,4.0,85.0,4
10691,other,2400.0,3.0,185.0,3
10692,other,1432.0,3.0,79.0,3
10693,other,1500.0,3.0,90.0,3
10696,other,1200.0,4.0,110.0,4
10697,other,600.0,1.0,24.0,1
10698,other,1770.0,3.0,99.0,3
10699,other,1800.0,3.0,130.0,3
10701,other,1570.0,2.0,95.0,3
10702,other,2250.0,3.0,180.0,3
10703,other,1270.0,2.0,172.0,2
10705,other,2700.0,5.0,150.0,5
10706,other,3210.0,2.0,353.0,5
10709,other,1200.0,5.0,325.0,4
10711,other,1684.0,3.0,86.0,3
10715,other,1950.0,3.0,132.0,3
10716,other,1200.0,2.0,130.0,3
10717,other,2400.0,4.0,150.0,4
10718,other,1600.0,3.0,102.0,3
10722,other,1100.0,2.0,65.0,2
10724,other,600.0,3.0,72.0,2
10725,other,1200.0,3.0,75.0,3
10726,other,450.0,1.0,20.0,1
10728,other,1719.0,3.0,95.0,3
10731,other,540.0,1.0,22.5,1
10734,other,1500.0,3.0,85.0,3
10735,other,1360.0,2.0,73.0,3
10737,other,1350.0,1.0,120.0,3
10738,other,1500.0,3.0,90.0,3
10739,other,2292.0,2.0,285.0,3
10740,other,1750.0,4.0,263.0,4
10741,other,1945.0,3.0,135.0,3
10742,other,2710.0,5.0,142.0,4
10747,other,1369.0,2.0,72.0,3
10749,other,1035.0,2.0,60.0,2
10750,other,1232.0,2.0,94.28,2
10755,other,2700.0,3.0,230.0,4
10758,other,1830.0,3.0,95.0,3
10759,other,1200.0,5.0,350.0,4
10760,other,2872.0,4.0,183.0,4
10762,other,4600.0,9.0,150.0,9
10763,other,1100.0,2.0,64.08,2
10766,other,1600.0,2.0,90.0,2
10768,other,530.0,1.0,18.0,1
10771,other,1012.0,2.0,62.0,2
10773,other,1490.0,3.0,140.0,3
10775,other,1650.0,1.0,130.0,2
10777,other,1500.0,2.0,78.0,3
10778,other,745.0,2.0,36.0,2
10779,other,1200.0,5.0,325.0,4
10782,other,1903.0,2.0,293.0,3
10783,other,1200.0,2.0,70.0,2
10784,other,1800.0,1.0,200.0,1
10785,other,1200.0,5.0,325.0,4
10786,other,2000.0,2.0,360.0,3
10787,other,1140.0,1.0,185.0,2
10790,other,1353.0,2.0,110.0,2
10791,other,812.0,1.0,26.0,1
10794,other,1200.0,5.0,325.0,4
10795,other,3600.0,5.0,400.0,4
